[0m15:33:41.507760 [debug] [MainThread]: Sending event: {'category': 'dbt', 'action': 'invocation', 'label': 'start', 'context': [<snowplow_tracker.self_describing_json.SelfDescribingJson object at 0x116a00e90>, <snowplow_tracker.self_describing_json.SelfDescribingJson object at 0x117787380>, <snowplow_tracker.self_describing_json.SelfDescribingJson object at 0x117786ff0>]}


============================== 15:33:41.510135 | 39c098ab-ed4f-4079-9e5f-2f33768625bf ==============================
[0m15:33:41.510135 [info ] [MainThread]: Running with dbt=1.10.4
[0m15:33:41.510424 [debug] [MainThread]: running dbt with arguments {'printer_width': '80', 'indirect_selection': 'eager', 'log_cache_events': 'False', 'write_json': 'True', 'partial_parse': 'True', 'cache_selected_only': 'False', 'warn_error': 'None', 'fail_fast': 'False', 'version_check': 'True', 'log_path': '/Users/allisonfung/weather/kalshi_pipeline/logs', 'debug': 'False', 'profiles_dir': '.', 'use_colors': 'True', 'use_experimental_parser': 'False', 'empty': 'None', 'quiet': 'False', 'no_print': 'None', 'log_format': 'default', 'introspect': 'True', 'warn_error_options': 'WarnErrorOptionsV2(error=[], warn=[], silence=[])', 'invocation_command': 'dbt debug --profiles-dir .', 'target_path': 'None', 'static_parser': 'True', 'send_anonymous_usage_stats': 'True'}
[0m15:33:41.515503 [info ] [MainThread]: dbt version: 1.10.4
[0m15:33:41.515721 [info ] [MainThread]: python version: 3.12.5
[0m15:33:41.515864 [info ] [MainThread]: python path: /usr/local/bin/python3
[0m15:33:41.516003 [info ] [MainThread]: os info: macOS-15.7.4-arm64-arm-64bit
[0m15:33:41.857240 [info ] [MainThread]: Using profiles dir at .
[0m15:33:41.857564 [info ] [MainThread]: Using profiles.yml file at ./profiles.yml
[0m15:33:41.857716 [info ] [MainThread]: Using dbt_project.yml file at /Users/allisonfung/weather/kalshi_pipeline/dbt_project.yml
[0m15:33:41.858454 [info ] [MainThread]: adapter type: duckdb
[0m15:33:41.858607 [info ] [MainThread]: adapter version: 1.10.0
[0m15:33:41.897190 [info ] [MainThread]: Configuration:
[0m15:33:41.897503 [info ] [MainThread]:   profiles.yml file [[32mOK found and valid[0m]
[0m15:33:41.897673 [info ] [MainThread]:   dbt_project.yml file [[32mOK found and valid[0m]
[0m15:33:41.897810 [info ] [MainThread]: Required dependencies:
[0m15:33:41.898027 [debug] [MainThread]: Executing "git --help"
[0m15:33:41.906171 [debug] [MainThread]: STDOUT: "b"usage: git [-v | --version] [-h | --help] [-C <path>] [-c <name>=<value>]\n           [--exec-path[=<path>]] [--html-path] [--man-path] [--info-path]\n           [-p | --paginate | -P | --no-pager] [--no-replace-objects] [--no-lazy-fetch]\n           [--no-optional-locks] [--no-advice] [--bare] [--git-dir=<path>]\n           [--work-tree=<path>] [--namespace=<name>] [--config-env=<name>=<envvar>]\n           <command> [<args>]\n\nThese are common Git commands used in various situations:\n\nstart a working area (see also: git help tutorial)\n   clone      Clone a repository into a new directory\n   init       Create an empty Git repository or reinitialize an existing one\n\nwork on the current change (see also: git help everyday)\n   add        Add file contents to the index\n   mv         Move or rename a file, a directory, or a symlink\n   restore    Restore working tree files\n   rm         Remove files from the working tree and from the index\n\nexamine the history and state (see also: git help revisions)\n   bisect     Use binary search to find the commit that introduced a bug\n   diff       Show changes between commits, commit and working tree, etc\n   grep       Print lines matching a pattern\n   log        Show commit logs\n   show       Show various types of objects\n   status     Show the working tree status\n\ngrow, mark and tweak your common history\n   backfill   Download missing objects in a partial clone\n   branch     List, create, or delete branches\n   commit     Record changes to the repository\n   history    EXPERIMENTAL: Rewrite history\n   merge      Join two or more development histories together\n   rebase     Reapply commits on top of another base tip\n   reset      Set `HEAD` or the index to a known state\n   switch     Switch branches\n   tag        Create, list, delete or verify tags\n\ncollaborate (see also: git help workflows)\n   fetch      Download objects and refs from another repository\n   pull       Fetch from and integrate with another repository or a local branch\n   push       Update remote refs along with associated objects\n\n'git help -a' and 'git help -g' list available subcommands and some\nconcept guides. See 'git help <command>' or 'git help <concept>'\nto read about a specific subcommand or concept.\nSee 'git help git' for an overview of the system.\n""
[0m15:33:41.906655 [debug] [MainThread]: STDERR: "b''"
[0m15:33:41.906804 [info ] [MainThread]:  - git [[32mOK found[0m]

[0m15:33:41.906951 [info ] [MainThread]: Connection:
[0m15:33:41.907108 [info ] [MainThread]:   database: kalshi
[0m15:33:41.907235 [info ] [MainThread]:   schema: main
[0m15:33:41.907352 [info ] [MainThread]:   path: kalshi.duckdb
[0m15:33:41.907472 [info ] [MainThread]:   config_options: None
[0m15:33:41.907590 [info ] [MainThread]:   extensions: None
[0m15:33:41.907710 [info ] [MainThread]:   settings: {}
[0m15:33:41.907827 [info ] [MainThread]:   external_root: .
[0m15:33:41.907955 [info ] [MainThread]:   use_credential_provider: None
[0m15:33:41.908075 [info ] [MainThread]:   attach: None
[0m15:33:41.908196 [info ] [MainThread]:   filesystems: None
[0m15:33:41.908316 [info ] [MainThread]:   remote: None
[0m15:33:41.908429 [info ] [MainThread]:   plugins: None
[0m15:33:41.908538 [info ] [MainThread]:   disable_transactions: False
[0m15:33:41.909118 [info ] [MainThread]: Registered adapter: duckdb=1.10.0
[0m15:33:41.962913 [debug] [MainThread]: Acquiring new duckdb connection 'debug'
[0m15:33:41.993532 [debug] [MainThread]: Using duckdb connection "debug"
[0m15:33:41.993755 [debug] [MainThread]: On debug: select 1 as id
[0m15:33:41.993891 [debug] [MainThread]: Opening a new connection, currently in state init
[0m15:33:42.000753 [debug] [MainThread]: SQL status: OK in 0.007 seconds
[0m15:33:42.001185 [debug] [MainThread]: On debug: Close
[0m15:33:42.001358 [info ] [MainThread]:   Connection test: [[32mOK connection ok[0m]

[0m15:33:42.001532 [info ] [MainThread]: [32mAll checks passed![0m
[0m15:33:42.003496 [debug] [MainThread]: Resource report: {"command_name": "debug", "command_success": true, "command_wall_clock_time": 0.5270804, "process_in_blocks": "0", "process_kernel_time": 0.170041, "process_mem_max_rss": "140574720", "process_out_blocks": "0", "process_user_time": 0.719821}
[0m15:33:42.003725 [debug] [MainThread]: Command `dbt debug` succeeded at 15:33:42.003681 after 0.53 seconds
[0m15:33:42.003867 [debug] [MainThread]: Connection 'debug' was properly closed.
[0m15:33:42.004040 [debug] [MainThread]: Sending event: {'category': 'dbt', 'action': 'invocation', 'label': 'end', 'context': [<snowplow_tracker.self_describing_json.SelfDescribingJson object at 0x117730c80>, <snowplow_tracker.self_describing_json.SelfDescribingJson object at 0x1203818b0>, <snowplow_tracker.self_describing_json.SelfDescribingJson object at 0x12006a9f0>]}
[0m15:33:42.004244 [debug] [MainThread]: Flushing usage events
[0m15:33:42.279226 [debug] [MainThread]: An error was encountered while trying to flush usage events
[0m15:35:01.664797 [debug] [MainThread]: Sending event: {'category': 'dbt', 'action': 'invocation', 'label': 'start', 'context': [<snowplow_tracker.self_describing_json.SelfDescribingJson object at 0x1074a9730>, <snowplow_tracker.self_describing_json.SelfDescribingJson object at 0x1072a8d40>, <snowplow_tracker.self_describing_json.SelfDescribingJson object at 0x1072a8c50>]}


============================== 15:35:01.667171 | fb2d4f60-c4a1-4342-98cd-bd024f828d42 ==============================
[0m15:35:01.667171 [info ] [MainThread]: Running with dbt=1.10.4
[0m15:35:01.667455 [debug] [MainThread]: running dbt with arguments {'printer_width': '80', 'indirect_selection': 'eager', 'write_json': 'True', 'log_cache_events': 'False', 'partial_parse': 'True', 'cache_selected_only': 'False', 'profiles_dir': '.', 'fail_fast': 'False', 'version_check': 'True', 'log_path': '/Users/allisonfung/weather/kalshi_pipeline/logs', 'debug': 'False', 'warn_error': 'None', 'use_colors': 'True', 'use_experimental_parser': 'False', 'no_print': 'None', 'quiet': 'False', 'empty': 'None', 'log_format': 'default', 'static_parser': 'True', 'introspect': 'True', 'invocation_command': 'dbt debug --profiles-dir .', 'target_path': 'None', 'warn_error_options': 'WarnErrorOptionsV2(error=[], warn=[], silence=[])', 'send_anonymous_usage_stats': 'True'}
[0m15:35:01.675547 [info ] [MainThread]: dbt version: 1.10.4
[0m15:35:01.675755 [info ] [MainThread]: python version: 3.12.5
[0m15:35:01.675892 [info ] [MainThread]: python path: /Users/allisonfung/dbt-venv/bin/python3.12
[0m15:35:01.676018 [info ] [MainThread]: os info: macOS-15.7.4-arm64-arm-64bit
[0m15:35:02.199910 [info ] [MainThread]: Using profiles dir at .
[0m15:35:02.200370 [info ] [MainThread]: Using profiles.yml file at ./profiles.yml
[0m15:35:02.200646 [info ] [MainThread]: Using dbt_project.yml file at /Users/allisonfung/weather/kalshi_pipeline/dbt_project.yml
[0m15:35:02.201600 [info ] [MainThread]: adapter type: duckdb
[0m15:35:02.202119 [info ] [MainThread]: adapter version: 1.10.0
[0m15:35:02.248422 [info ] [MainThread]: Configuration:
[0m15:35:02.248740 [info ] [MainThread]:   profiles.yml file [[32mOK found and valid[0m]
[0m15:35:02.248891 [info ] [MainThread]:   dbt_project.yml file [[32mOK found and valid[0m]
[0m15:35:02.249024 [info ] [MainThread]: Required dependencies:
[0m15:35:02.249233 [debug] [MainThread]: Executing "git --help"
[0m15:35:02.257951 [debug] [MainThread]: STDOUT: "b"usage: git [-v | --version] [-h | --help] [-C <path>] [-c <name>=<value>]\n           [--exec-path[=<path>]] [--html-path] [--man-path] [--info-path]\n           [-p | --paginate | -P | --no-pager] [--no-replace-objects] [--no-lazy-fetch]\n           [--no-optional-locks] [--no-advice] [--bare] [--git-dir=<path>]\n           [--work-tree=<path>] [--namespace=<name>] [--config-env=<name>=<envvar>]\n           <command> [<args>]\n\nThese are common Git commands used in various situations:\n\nstart a working area (see also: git help tutorial)\n   clone      Clone a repository into a new directory\n   init       Create an empty Git repository or reinitialize an existing one\n\nwork on the current change (see also: git help everyday)\n   add        Add file contents to the index\n   mv         Move or rename a file, a directory, or a symlink\n   restore    Restore working tree files\n   rm         Remove files from the working tree and from the index\n\nexamine the history and state (see also: git help revisions)\n   bisect     Use binary search to find the commit that introduced a bug\n   diff       Show changes between commits, commit and working tree, etc\n   grep       Print lines matching a pattern\n   log        Show commit logs\n   show       Show various types of objects\n   status     Show the working tree status\n\ngrow, mark and tweak your common history\n   backfill   Download missing objects in a partial clone\n   branch     List, create, or delete branches\n   commit     Record changes to the repository\n   history    EXPERIMENTAL: Rewrite history\n   merge      Join two or more development histories together\n   rebase     Reapply commits on top of another base tip\n   reset      Set `HEAD` or the index to a known state\n   switch     Switch branches\n   tag        Create, list, delete or verify tags\n\ncollaborate (see also: git help workflows)\n   fetch      Download objects and refs from another repository\n   pull       Fetch from and integrate with another repository or a local branch\n   push       Update remote refs along with associated objects\n\n'git help -a' and 'git help -g' list available subcommands and some\nconcept guides. See 'git help <command>' or 'git help <concept>'\nto read about a specific subcommand or concept.\nSee 'git help git' for an overview of the system.\n""
[0m15:35:02.258539 [debug] [MainThread]: STDERR: "b''"
[0m15:35:02.258710 [info ] [MainThread]:  - git [[32mOK found[0m]

[0m15:35:02.258861 [info ] [MainThread]: Connection:
[0m15:35:02.259010 [info ] [MainThread]:   database: kalshi
[0m15:35:02.259123 [info ] [MainThread]:   schema: main
[0m15:35:02.259230 [info ] [MainThread]:   path: kalshi.duckdb
[0m15:35:02.259339 [info ] [MainThread]:   config_options: None
[0m15:35:02.259441 [info ] [MainThread]:   extensions: None
[0m15:35:02.259547 [info ] [MainThread]:   settings: {}
[0m15:35:02.259663 [info ] [MainThread]:   external_root: .
[0m15:35:02.259770 [info ] [MainThread]:   use_credential_provider: None
[0m15:35:02.259881 [info ] [MainThread]:   attach: None
[0m15:35:02.259989 [info ] [MainThread]:   filesystems: None
[0m15:35:02.260096 [info ] [MainThread]:   remote: None
[0m15:35:02.260208 [info ] [MainThread]:   plugins: None
[0m15:35:02.260318 [info ] [MainThread]:   disable_transactions: False
[0m15:35:02.260644 [info ] [MainThread]: Registered adapter: duckdb=1.10.0
[0m15:35:02.299647 [debug] [MainThread]: Acquiring new duckdb connection 'debug'
[0m15:35:02.322986 [debug] [MainThread]: Using duckdb connection "debug"
[0m15:35:02.323212 [debug] [MainThread]: On debug: select 1 as id
[0m15:35:02.323351 [debug] [MainThread]: Opening a new connection, currently in state init
[0m15:35:02.330714 [debug] [MainThread]: SQL status: OK in 0.007 seconds
[0m15:35:02.331215 [debug] [MainThread]: On debug: Close
[0m15:35:02.331408 [info ] [MainThread]:   Connection test: [[32mOK connection ok[0m]

[0m15:35:02.331568 [info ] [MainThread]: [32mAll checks passed![0m
[0m15:35:02.333125 [debug] [MainThread]: Resource report: {"command_name": "debug", "command_success": true, "command_wall_clock_time": 0.697821, "process_in_blocks": "0", "process_kernel_time": 0.151254, "process_mem_max_rss": "140361728", "process_out_blocks": "0", "process_user_time": 0.74246}
[0m15:35:02.333359 [debug] [MainThread]: Command `dbt debug` succeeded at 15:35:02.333311 after 0.70 seconds
[0m15:35:02.333520 [debug] [MainThread]: Connection 'debug' was properly closed.
[0m15:35:02.333694 [debug] [MainThread]: Sending event: {'category': 'dbt', 'action': 'invocation', 'label': 'end', 'context': [<snowplow_tracker.self_describing_json.SelfDescribingJson object at 0x107aeafc0>, <snowplow_tracker.self_describing_json.SelfDescribingJson object at 0x108cf8260>, <snowplow_tracker.self_describing_json.SelfDescribingJson object at 0x1074a9730>]}
[0m15:35:02.333912 [debug] [MainThread]: Flushing usage events
[0m15:35:02.580601 [debug] [MainThread]: An error was encountered while trying to flush usage events
[0m16:13:55.795334 [debug] [MainThread]: Sending event: {'category': 'dbt', 'action': 'invocation', 'label': 'start', 'context': [<snowplow_tracker.self_describing_json.SelfDescribingJson object at 0x1063e9220>, <snowplow_tracker.self_describing_json.SelfDescribingJson object at 0x1075a4e90>, <snowplow_tracker.self_describing_json.SelfDescribingJson object at 0x1075a4da0>]}


============================== 16:13:55.797864 | d2b2f861-9b9b-40b1-b3e9-3e9ae798f46d ==============================
[0m16:13:55.797864 [info ] [MainThread]: Running with dbt=1.10.4
[0m16:13:55.798141 [debug] [MainThread]: running dbt with arguments {'printer_width': '80', 'indirect_selection': 'eager', 'write_json': 'True', 'log_cache_events': 'False', 'partial_parse': 'True', 'cache_selected_only': 'False', 'profiles_dir': '/Users/allisonfung/weather/kalshi_pipeline', 'fail_fast': 'False', 'version_check': 'True', 'log_path': '/Users/allisonfung/weather/kalshi_pipeline/logs', 'warn_error': 'None', 'debug': 'False', 'use_colors': 'True', 'use_experimental_parser': 'False', 'empty': 'False', 'quiet': 'False', 'no_print': 'None', 'warn_error_options': 'WarnErrorOptionsV2(error=[], warn=[], silence=[])', 'static_parser': 'True', 'introspect': 'True', 'invocation_command': 'dbt run', 'target_path': 'None', 'log_format': 'default', 'send_anonymous_usage_stats': 'True'}
[0m16:13:55.938393 [debug] [MainThread]: Sending event: {'category': 'dbt', 'action': 'project_id', 'label': 'd2b2f861-9b9b-40b1-b3e9-3e9ae798f46d', 'context': [<snowplow_tracker.self_describing_json.SelfDescribingJson object at 0x109a907a0>]}
[0m16:13:55.959697 [debug] [MainThread]: Sending event: {'category': 'dbt', 'action': 'adapter_info', 'label': 'd2b2f861-9b9b-40b1-b3e9-3e9ae798f46d', 'context': [<snowplow_tracker.self_describing_json.SelfDescribingJson object at 0x1088004a0>]}
[0m16:13:55.960727 [info ] [MainThread]: Registered adapter: duckdb=1.10.0
[0m16:13:56.019337 [debug] [MainThread]: checksum: 073cb5a296270136b24f9c040fdebd0642ef9c263903ef463bfe7e190c538da2, vars: {}, profile: , target: , version: 1.10.4
[0m16:13:56.019727 [info ] [MainThread]: Unable to do partial parsing because saved manifest not found. Starting full parse.
[0m16:13:56.019918 [debug] [MainThread]: Sending event: {'category': 'dbt', 'action': 'partial_parser', 'label': 'd2b2f861-9b9b-40b1-b3e9-3e9ae798f46d', 'context': [<snowplow_tracker.self_describing_json.SelfDescribingJson object at 0x109eaed80>]}
[0m16:13:56.463845 [debug] [MainThread]: Sending event: {'category': 'dbt', 'action': 'load_project', 'label': 'd2b2f861-9b9b-40b1-b3e9-3e9ae798f46d', 'context': [<snowplow_tracker.self_describing_json.SelfDescribingJson object at 0x10a45ec30>]}
[0m16:13:56.488879 [debug] [MainThread]: Wrote artifact WritableManifest to /Users/allisonfung/weather/kalshi_pipeline/target/manifest.json
[0m16:13:56.489928 [debug] [MainThread]: Wrote artifact SemanticManifest to /Users/allisonfung/weather/kalshi_pipeline/target/semantic_manifest.json
[0m16:13:56.501120 [debug] [MainThread]: Sending event: {'category': 'dbt', 'action': 'resource_counts', 'label': 'd2b2f861-9b9b-40b1-b3e9-3e9ae798f46d', 'context': [<snowplow_tracker.self_describing_json.SelfDescribingJson object at 0x109964980>]}
[0m16:13:56.501325 [info ] [MainThread]: Found 2 models, 1 source, 443 macros
[0m16:13:56.501478 [debug] [MainThread]: Sending event: {'category': 'dbt', 'action': 'runnable_timing', 'label': 'd2b2f861-9b9b-40b1-b3e9-3e9ae798f46d', 'context': [<snowplow_tracker.self_describing_json.SelfDescribingJson object at 0x10a1f0920>]}
[0m16:13:56.502175 [info ] [MainThread]: 
[0m16:13:56.502324 [info ] [MainThread]: Concurrency: 1 threads (target='dev')
[0m16:13:56.502446 [info ] [MainThread]: 
[0m16:13:56.502638 [debug] [MainThread]: Acquiring new duckdb connection 'master'
[0m16:13:56.504374 [debug] [ThreadPool]: Acquiring new duckdb connection 'list_kalshi'
[0m16:13:56.528997 [debug] [ThreadPool]: Using duckdb connection "list_kalshi"
[0m16:13:56.529222 [debug] [ThreadPool]: On list_kalshi: /* {"app": "dbt", "dbt_version": "1.10.4", "profile_name": "kalshi_pipeline", "target_name": "dev", "connection_name": "list_kalshi"} */

    
    select schema_name
    from system.information_schema.schemata
    
    where lower(catalog_name) = '"kalshi"'
    
  
  
[0m16:13:56.529353 [debug] [ThreadPool]: Opening a new connection, currently in state init
[0m16:13:56.539392 [debug] [ThreadPool]: SQL status: OK in 0.010 seconds
[0m16:13:56.540017 [debug] [ThreadPool]: On list_kalshi: Close
[0m16:13:56.540304 [debug] [ThreadPool]: Re-using an available connection from the pool (formerly list_kalshi, now create_kalshi_main)
[0m16:13:56.540684 [debug] [ThreadPool]: Creating schema "database: "kalshi"
schema: "main"
"
[0m16:13:56.543772 [debug] [ThreadPool]: Using duckdb connection "create_kalshi_main"
[0m16:13:56.543973 [debug] [ThreadPool]: On create_kalshi_main: /* {"app": "dbt", "dbt_version": "1.10.4", "profile_name": "kalshi_pipeline", "target_name": "dev", "connection_name": "create_kalshi_main"} */

    
        select type from duckdb_databases()
        where lower(database_name)='kalshi'
        and type='sqlite'
    
  
[0m16:13:56.544108 [debug] [ThreadPool]: Opening a new connection, currently in state closed
[0m16:13:56.544884 [debug] [ThreadPool]: SQL status: OK in 0.001 seconds
[0m16:13:56.545427 [debug] [ThreadPool]: Using duckdb connection "create_kalshi_main"
[0m16:13:56.545553 [debug] [ThreadPool]: On create_kalshi_main: BEGIN
[0m16:13:56.545732 [debug] [ThreadPool]: SQL status: OK in 0.000 seconds
[0m16:13:56.545847 [debug] [ThreadPool]: Using duckdb connection "create_kalshi_main"
[0m16:13:56.545967 [debug] [ThreadPool]: On create_kalshi_main: /* {"app": "dbt", "dbt_version": "1.10.4", "profile_name": "kalshi_pipeline", "target_name": "dev", "connection_name": "create_kalshi_main"} */

    
    
        create schema if not exists "kalshi"."main"
    
[0m16:13:56.546187 [debug] [ThreadPool]: SQL status: OK in 0.000 seconds
[0m16:13:56.546503 [debug] [ThreadPool]: On create_kalshi_main: COMMIT
[0m16:13:56.546630 [debug] [ThreadPool]: Using duckdb connection "create_kalshi_main"
[0m16:13:56.546737 [debug] [ThreadPool]: On create_kalshi_main: COMMIT
[0m16:13:56.546901 [debug] [ThreadPool]: SQL status: OK in 0.000 seconds
[0m16:13:56.547022 [debug] [ThreadPool]: On create_kalshi_main: Close
[0m16:13:56.547554 [debug] [ThreadPool]: Re-using an available connection from the pool (formerly create_kalshi_main, now list_kalshi_main)
[0m16:13:56.549575 [debug] [ThreadPool]: Using duckdb connection "list_kalshi_main"
[0m16:13:56.549711 [debug] [ThreadPool]: On list_kalshi_main: BEGIN
[0m16:13:56.549820 [debug] [ThreadPool]: Opening a new connection, currently in state closed
[0m16:13:56.550071 [debug] [ThreadPool]: SQL status: OK in 0.000 seconds
[0m16:13:56.550197 [debug] [ThreadPool]: Using duckdb connection "list_kalshi_main"
[0m16:13:56.550327 [debug] [ThreadPool]: On list_kalshi_main: /* {"app": "dbt", "dbt_version": "1.10.4", "profile_name": "kalshi_pipeline", "target_name": "dev", "connection_name": "list_kalshi_main"} */
select
      'kalshi' as database,
      table_name as name,
      table_schema as schema,
      CASE table_type
        WHEN 'BASE TABLE' THEN 'table'
        WHEN 'VIEW' THEN 'view'
        WHEN 'LOCAL TEMPORARY' THEN 'table'
        END as type
    from system.information_schema.tables
    where lower(table_schema) = 'main'
    and lower(table_catalog) = 'kalshi'
  
[0m16:13:56.552296 [debug] [ThreadPool]: SQL status: OK in 0.002 seconds
[0m16:13:56.552977 [debug] [ThreadPool]: On list_kalshi_main: ROLLBACK
[0m16:13:56.553784 [debug] [ThreadPool]: Failed to rollback 'list_kalshi_main'
[0m16:13:56.553918 [debug] [ThreadPool]: On list_kalshi_main: Close
[0m16:13:56.554117 [debug] [MainThread]: Sending event: {'category': 'dbt', 'action': 'runnable_timing', 'label': 'd2b2f861-9b9b-40b1-b3e9-3e9ae798f46d', 'context': [<snowplow_tracker.self_describing_json.SelfDescribingJson object at 0x109964680>]}
[0m16:13:56.554306 [debug] [MainThread]: Using duckdb connection "master"
[0m16:13:56.554417 [debug] [MainThread]: On master: BEGIN
[0m16:13:56.554521 [debug] [MainThread]: Opening a new connection, currently in state init
[0m16:13:56.554727 [debug] [MainThread]: SQL status: OK in 0.000 seconds
[0m16:13:56.554847 [debug] [MainThread]: On master: COMMIT
[0m16:13:56.554964 [debug] [MainThread]: Using duckdb connection "master"
[0m16:13:56.555072 [debug] [MainThread]: On master: COMMIT
[0m16:13:56.555239 [debug] [MainThread]: SQL status: OK in 0.000 seconds
[0m16:13:56.555354 [debug] [MainThread]: On master: Close
[0m16:13:56.556613 [debug] [Thread-1 (]: Began running node model.kalshi_pipeline.stg_weather
[0m16:13:56.556827 [info ] [Thread-1 (]: 1 of 2 START sql table model main.stg_weather .................................. [RUN]
[0m16:13:56.557016 [debug] [Thread-1 (]: Re-using an available connection from the pool (formerly list_kalshi_main, now model.kalshi_pipeline.stg_weather)
[0m16:13:56.557164 [debug] [Thread-1 (]: Began compiling node model.kalshi_pipeline.stg_weather
[0m16:13:56.560056 [debug] [Thread-1 (]: Writing injected SQL for node "model.kalshi_pipeline.stg_weather"
[0m16:13:56.560534 [debug] [Thread-1 (]: Began executing node model.kalshi_pipeline.stg_weather
[0m16:13:56.574071 [debug] [Thread-1 (]: Writing runtime sql for node "model.kalshi_pipeline.stg_weather"
[0m16:13:56.574647 [debug] [Thread-1 (]: Using duckdb connection "model.kalshi_pipeline.stg_weather"
[0m16:13:56.574805 [debug] [Thread-1 (]: On model.kalshi_pipeline.stg_weather: BEGIN
[0m16:13:56.574962 [debug] [Thread-1 (]: Opening a new connection, currently in state closed
[0m16:13:56.575329 [debug] [Thread-1 (]: SQL status: OK in 0.000 seconds
[0m16:13:56.575521 [debug] [Thread-1 (]: Using duckdb connection "model.kalshi_pipeline.stg_weather"
[0m16:13:56.575692 [debug] [Thread-1 (]: On model.kalshi_pipeline.stg_weather: /* {"app": "dbt", "dbt_version": "1.10.4", "profile_name": "kalshi_pipeline", "target_name": "dev", "node_id": "model.kalshi_pipeline.stg_weather"} */

  
    
    

    create  table
      "kalshi"."main"."stg_weather__dbt_tmp"
  
    as (
      SELECT
    CAST(time AS TIMESTAMP) AS weather_timestamp,
    CAST(time AS DATE) AS weather_date,
    EXTRACT(HOUR FROM CAST(time AS TIMESTAMP)) AS hour_of_day,
    temperature_2m AS temp_f,
    relative_humidity_2m AS humidity,
    cloud_cover,
    precipitation
FROM '../data/raw_central_park_weather.parquet'
    );
  
  
[0m16:13:56.583024 [debug] [Thread-1 (]: SQL status: OK in 0.007 seconds
[0m16:13:56.585442 [debug] [Thread-1 (]: Using duckdb connection "model.kalshi_pipeline.stg_weather"
[0m16:13:56.585583 [debug] [Thread-1 (]: On model.kalshi_pipeline.stg_weather: /* {"app": "dbt", "dbt_version": "1.10.4", "profile_name": "kalshi_pipeline", "target_name": "dev", "node_id": "model.kalshi_pipeline.stg_weather"} */
alter table "kalshi"."main"."stg_weather__dbt_tmp" rename to "stg_weather"
[0m16:13:56.586121 [debug] [Thread-1 (]: SQL status: OK in 0.000 seconds
[0m16:13:56.590899 [debug] [Thread-1 (]: On model.kalshi_pipeline.stg_weather: COMMIT
[0m16:13:56.591051 [debug] [Thread-1 (]: Using duckdb connection "model.kalshi_pipeline.stg_weather"
[0m16:13:56.591180 [debug] [Thread-1 (]: On model.kalshi_pipeline.stg_weather: COMMIT
[0m16:13:56.592418 [debug] [Thread-1 (]: SQL status: OK in 0.001 seconds
[0m16:13:56.594501 [debug] [Thread-1 (]: Using duckdb connection "model.kalshi_pipeline.stg_weather"
[0m16:13:56.594650 [debug] [Thread-1 (]: On model.kalshi_pipeline.stg_weather: /* {"app": "dbt", "dbt_version": "1.10.4", "profile_name": "kalshi_pipeline", "target_name": "dev", "node_id": "model.kalshi_pipeline.stg_weather"} */

      drop table if exists "kalshi"."main"."stg_weather__dbt_backup" cascade
    
[0m16:13:56.594939 [debug] [Thread-1 (]: SQL status: OK in 0.000 seconds
[0m16:13:56.595900 [debug] [Thread-1 (]: On model.kalshi_pipeline.stg_weather: Close
[0m16:13:56.596715 [debug] [Thread-1 (]: Sending event: {'category': 'dbt', 'action': 'run_model', 'label': 'd2b2f861-9b9b-40b1-b3e9-3e9ae798f46d', 'context': [<snowplow_tracker.self_describing_json.SelfDescribingJson object at 0x10a8afe30>]}
[0m16:13:56.596999 [info ] [Thread-1 (]: 1 of 2 OK created sql table model main.stg_weather ............................. [[32mOK[0m in 0.04s]
[0m16:13:56.597251 [debug] [Thread-1 (]: Finished running node model.kalshi_pipeline.stg_weather
[0m16:13:56.597555 [debug] [Thread-1 (]: Began running node model.kalshi_pipeline.fct_kalshi_features
[0m16:13:56.597768 [info ] [Thread-1 (]: 2 of 2 START sql table model main.fct_kalshi_features .......................... [RUN]
[0m16:13:56.597956 [debug] [Thread-1 (]: Re-using an available connection from the pool (formerly model.kalshi_pipeline.stg_weather, now model.kalshi_pipeline.fct_kalshi_features)
[0m16:13:56.598103 [debug] [Thread-1 (]: Began compiling node model.kalshi_pipeline.fct_kalshi_features
[0m16:13:56.599117 [debug] [Thread-1 (]: Writing injected SQL for node "model.kalshi_pipeline.fct_kalshi_features"
[0m16:13:56.599387 [debug] [Thread-1 (]: Began executing node model.kalshi_pipeline.fct_kalshi_features
[0m16:13:56.600579 [debug] [Thread-1 (]: Writing runtime sql for node "model.kalshi_pipeline.fct_kalshi_features"
[0m16:13:56.600822 [debug] [Thread-1 (]: Using duckdb connection "model.kalshi_pipeline.fct_kalshi_features"
[0m16:13:56.600954 [debug] [Thread-1 (]: On model.kalshi_pipeline.fct_kalshi_features: BEGIN
[0m16:13:56.601080 [debug] [Thread-1 (]: Opening a new connection, currently in state closed
[0m16:13:56.601332 [debug] [Thread-1 (]: SQL status: OK in 0.000 seconds
[0m16:13:56.601507 [debug] [Thread-1 (]: Using duckdb connection "model.kalshi_pipeline.fct_kalshi_features"
[0m16:13:56.601685 [debug] [Thread-1 (]: On model.kalshi_pipeline.fct_kalshi_features: /* {"app": "dbt", "dbt_version": "1.10.4", "profile_name": "kalshi_pipeline", "target_name": "dev", "node_id": "model.kalshi_pipeline.fct_kalshi_features"} */

  
    
    

    create  table
      "kalshi"."main"."fct_kalshi_features__dbt_tmp"
  
    as (
      WITH hourly_data AS (
    SELECT * FROM "kalshi"."main"."stg_weather"
),

target_temp AS (
    -- The Kalshi settlement hour (e.g., 4:00 PM / Hour 16)
    SELECT
        weather_date,
        temp_f AS target_temp_4pm
    FROM hourly_data
    WHERE hour_of_day = 16
),

morning_features AS (
    -- The data available to you when placing a morning trade (11:00 AM)
    SELECT
        weather_date,
        temp_f AS morning_temp_11am,
        cloud_cover AS morning_cloud_cover_11am
    FROM hourly_data
    WHERE hour_of_day = 11
)

SELECT
    t.weather_date,
    t.target_temp_4pm,
    m.morning_temp_11am,
    m.morning_cloud_cover_11am,
    LAG(t.target_temp_4pm) OVER (ORDER BY t.weather_date) AS yesterday_4pm_temp
FROM target_temp t
JOIN morning_features m 
    ON t.weather_date = m.weather_date
ORDER BY t.weather_date DESC
    );
  
  
[0m16:13:56.607734 [debug] [Thread-1 (]: SQL status: OK in 0.006 seconds
[0m16:13:56.609172 [debug] [Thread-1 (]: Using duckdb connection "model.kalshi_pipeline.fct_kalshi_features"
[0m16:13:56.609408 [debug] [Thread-1 (]: On model.kalshi_pipeline.fct_kalshi_features: /* {"app": "dbt", "dbt_version": "1.10.4", "profile_name": "kalshi_pipeline", "target_name": "dev", "node_id": "model.kalshi_pipeline.fct_kalshi_features"} */
alter table "kalshi"."main"."fct_kalshi_features__dbt_tmp" rename to "fct_kalshi_features"
[0m16:13:56.609724 [debug] [Thread-1 (]: SQL status: OK in 0.000 seconds
[0m16:13:56.610367 [debug] [Thread-1 (]: On model.kalshi_pipeline.fct_kalshi_features: COMMIT
[0m16:13:56.610521 [debug] [Thread-1 (]: Using duckdb connection "model.kalshi_pipeline.fct_kalshi_features"
[0m16:13:56.610652 [debug] [Thread-1 (]: On model.kalshi_pipeline.fct_kalshi_features: COMMIT
[0m16:13:56.611098 [debug] [Thread-1 (]: SQL status: OK in 0.000 seconds
[0m16:13:56.612190 [debug] [Thread-1 (]: Using duckdb connection "model.kalshi_pipeline.fct_kalshi_features"
[0m16:13:56.612357 [debug] [Thread-1 (]: On model.kalshi_pipeline.fct_kalshi_features: /* {"app": "dbt", "dbt_version": "1.10.4", "profile_name": "kalshi_pipeline", "target_name": "dev", "node_id": "model.kalshi_pipeline.fct_kalshi_features"} */

      drop table if exists "kalshi"."main"."fct_kalshi_features__dbt_backup" cascade
    
[0m16:13:56.612685 [debug] [Thread-1 (]: SQL status: OK in 0.000 seconds
[0m16:13:56.613403 [debug] [Thread-1 (]: On model.kalshi_pipeline.fct_kalshi_features: Close
[0m16:13:56.613724 [debug] [Thread-1 (]: Sending event: {'category': 'dbt', 'action': 'run_model', 'label': 'd2b2f861-9b9b-40b1-b3e9-3e9ae798f46d', 'context': [<snowplow_tracker.self_describing_json.SelfDescribingJson object at 0x10a89cd40>]}
[0m16:13:56.614031 [info ] [Thread-1 (]: 2 of 2 OK created sql table model main.fct_kalshi_features ..................... [[32mOK[0m in 0.02s]
[0m16:13:56.614279 [debug] [Thread-1 (]: Finished running node model.kalshi_pipeline.fct_kalshi_features
[0m16:13:56.614835 [debug] [MainThread]: Using duckdb connection "master"
[0m16:13:56.614976 [debug] [MainThread]: On master: BEGIN
[0m16:13:56.615096 [debug] [MainThread]: Opening a new connection, currently in state closed
[0m16:13:56.615334 [debug] [MainThread]: SQL status: OK in 0.000 seconds
[0m16:13:56.615469 [debug] [MainThread]: On master: COMMIT
[0m16:13:56.615587 [debug] [MainThread]: Using duckdb connection "master"
[0m16:13:56.615701 [debug] [MainThread]: On master: COMMIT
[0m16:13:56.615863 [debug] [MainThread]: SQL status: OK in 0.000 seconds
[0m16:13:56.615998 [debug] [MainThread]: On master: Close
[0m16:13:56.616157 [debug] [MainThread]: Connection 'master' was properly closed.
[0m16:13:56.616282 [debug] [MainThread]: Connection 'model.kalshi_pipeline.fct_kalshi_features' was properly closed.
[0m16:13:56.616427 [info ] [MainThread]: 
[0m16:13:56.616572 [info ] [MainThread]: Finished running 2 table models in 0 hours 0 minutes and 0.11 seconds (0.11s).
[0m16:13:56.616894 [debug] [MainThread]: Command end result
[0m16:13:56.625484 [debug] [MainThread]: Wrote artifact WritableManifest to /Users/allisonfung/weather/kalshi_pipeline/target/manifest.json
[0m16:13:56.626399 [debug] [MainThread]: Wrote artifact SemanticManifest to /Users/allisonfung/weather/kalshi_pipeline/target/semantic_manifest.json
[0m16:13:56.628725 [debug] [MainThread]: Wrote artifact RunExecutionResult to /Users/allisonfung/weather/kalshi_pipeline/target/run_results.json
[0m16:13:56.628874 [info ] [MainThread]: 
[0m16:13:56.629045 [info ] [MainThread]: [32mCompleted successfully[0m
[0m16:13:56.629170 [info ] [MainThread]: 
[0m16:13:56.629312 [info ] [MainThread]: Done. PASS=2 WARN=0 ERROR=0 SKIP=0 NO-OP=0 TOTAL=2
[0m16:13:56.631047 [debug] [MainThread]: Resource report: {"command_name": "run", "command_success": true, "command_wall_clock_time": 0.86782795, "process_in_blocks": "0", "process_kernel_time": 0.180792, "process_mem_max_rss": "163119104", "process_out_blocks": "0", "process_user_time": 1.257872}
[0m16:13:56.631272 [debug] [MainThread]: Command `dbt run` succeeded at 16:13:56.631234 after 0.87 seconds
[0m16:13:56.631443 [debug] [MainThread]: Sending event: {'category': 'dbt', 'action': 'invocation', 'label': 'end', 'context': [<snowplow_tracker.self_describing_json.SelfDescribingJson object at 0x1075a4da0>, <snowplow_tracker.self_describing_json.SelfDescribingJson object at 0x10a46b530>, <snowplow_tracker.self_describing_json.SelfDescribingJson object at 0x10a1a3020>]}
[0m16:13:56.631597 [debug] [MainThread]: Flushing usage events
[0m16:13:56.844934 [debug] [MainThread]: An error was encountered while trying to flush usage events
[0m17:33:20.435441 [debug] [MainThread]: Sending event: {'category': 'dbt', 'action': 'invocation', 'label': 'start', 'context': [<snowplow_tracker.self_describing_json.SelfDescribingJson object at 0x106b6ec60>, <snowplow_tracker.self_describing_json.SelfDescribingJson object at 0x108da4f80>, <snowplow_tracker.self_describing_json.SelfDescribingJson object at 0x108da4e90>]}


============================== 17:33:20.438002 | 32bb5168-b8ae-44a8-ba04-35869c252e07 ==============================
[0m17:33:20.438002 [info ] [MainThread]: Running with dbt=1.10.4
[0m17:33:20.438285 [debug] [MainThread]: running dbt with arguments {'printer_width': '80', 'indirect_selection': 'eager', 'write_json': 'True', 'log_cache_events': 'False', 'partial_parse': 'True', 'cache_selected_only': 'False', 'warn_error': 'None', 'version_check': 'True', 'profiles_dir': '/Users/allisonfung/weather/kalshi_pipeline', 'log_path': '/Users/allisonfung/weather/kalshi_pipeline/logs', 'debug': 'False', 'fail_fast': 'False', 'use_colors': 'True', 'use_experimental_parser': 'False', 'no_print': 'None', 'quiet': 'False', 'empty': 'False', 'warn_error_options': 'WarnErrorOptionsV2(error=[], warn=[], silence=[])', 'introspect': 'True', 'static_parser': 'True', 'invocation_command': 'dbt run', 'target_path': 'None', 'log_format': 'default', 'send_anonymous_usage_stats': 'True'}
[0m17:33:20.532865 [debug] [MainThread]: Sending event: {'category': 'dbt', 'action': 'project_id', 'label': '32bb5168-b8ae-44a8-ba04-35869c252e07', 'context': [<snowplow_tracker.self_describing_json.SelfDescribingJson object at 0x10bdab9b0>]}
[0m17:33:20.554740 [debug] [MainThread]: Sending event: {'category': 'dbt', 'action': 'adapter_info', 'label': '32bb5168-b8ae-44a8-ba04-35869c252e07', 'context': [<snowplow_tracker.self_describing_json.SelfDescribingJson object at 0x106ed1460>]}
[0m17:33:20.555930 [info ] [MainThread]: Registered adapter: duckdb=1.10.0
[0m17:33:20.599601 [debug] [MainThread]: checksum: 073cb5a296270136b24f9c040fdebd0642ef9c263903ef463bfe7e190c538da2, vars: {}, profile: , target: , version: 1.10.4
[0m17:33:20.652254 [debug] [MainThread]: Partial parsing enabled: 0 files deleted, 0 files added, 1 files changed.
[0m17:33:20.652540 [debug] [MainThread]: Partial parsing: updated file: kalshi_pipeline://models/fct_kalshi_features.sql
[0m17:33:20.747394 [debug] [MainThread]: Sending event: {'category': 'dbt', 'action': 'load_project', 'label': '32bb5168-b8ae-44a8-ba04-35869c252e07', 'context': [<snowplow_tracker.self_describing_json.SelfDescribingJson object at 0x10c28f7d0>]}
[0m17:33:20.773464 [debug] [MainThread]: Wrote artifact WritableManifest to /Users/allisonfung/weather/kalshi_pipeline/target/manifest.json
[0m17:33:20.774627 [debug] [MainThread]: Wrote artifact SemanticManifest to /Users/allisonfung/weather/kalshi_pipeline/target/semantic_manifest.json
[0m17:33:20.785559 [debug] [MainThread]: Sending event: {'category': 'dbt', 'action': 'resource_counts', 'label': '32bb5168-b8ae-44a8-ba04-35869c252e07', 'context': [<snowplow_tracker.self_describing_json.SelfDescribingJson object at 0x107e88e30>]}
[0m17:33:20.785774 [info ] [MainThread]: Found 2 models, 1 source, 443 macros
[0m17:33:20.785938 [debug] [MainThread]: Sending event: {'category': 'dbt', 'action': 'runnable_timing', 'label': '32bb5168-b8ae-44a8-ba04-35869c252e07', 'context': [<snowplow_tracker.self_describing_json.SelfDescribingJson object at 0x10c1a3c20>]}
[0m17:33:20.786693 [info ] [MainThread]: 
[0m17:33:20.786862 [info ] [MainThread]: Concurrency: 1 threads (target='dev')
[0m17:33:20.786984 [info ] [MainThread]: 
[0m17:33:20.787200 [debug] [MainThread]: Acquiring new duckdb connection 'master'
[0m17:33:20.789050 [debug] [ThreadPool]: Acquiring new duckdb connection 'list_kalshi'
[0m17:33:20.814909 [debug] [ThreadPool]: Using duckdb connection "list_kalshi"
[0m17:33:20.815110 [debug] [ThreadPool]: On list_kalshi: /* {"app": "dbt", "dbt_version": "1.10.4", "profile_name": "kalshi_pipeline", "target_name": "dev", "connection_name": "list_kalshi"} */

    
    select schema_name
    from system.information_schema.schemata
    
    where lower(catalog_name) = '"kalshi"'
    
  
  
[0m17:33:20.815243 [debug] [ThreadPool]: Opening a new connection, currently in state init
[0m17:33:20.825461 [debug] [ThreadPool]: SQL status: OK in 0.010 seconds
[0m17:33:20.826092 [debug] [ThreadPool]: On list_kalshi: Close
[0m17:33:20.826423 [debug] [ThreadPool]: Re-using an available connection from the pool (formerly list_kalshi, now create_kalshi_main)
[0m17:33:20.826617 [debug] [ThreadPool]: Creating schema "database: "kalshi"
schema: "main"
"
[0m17:33:20.829426 [debug] [ThreadPool]: Using duckdb connection "create_kalshi_main"
[0m17:33:20.829587 [debug] [ThreadPool]: On create_kalshi_main: /* {"app": "dbt", "dbt_version": "1.10.4", "profile_name": "kalshi_pipeline", "target_name": "dev", "connection_name": "create_kalshi_main"} */

    
        select type from duckdb_databases()
        where lower(database_name)='kalshi'
        and type='sqlite'
    
  
[0m17:33:20.829715 [debug] [ThreadPool]: Opening a new connection, currently in state closed
[0m17:33:20.830302 [debug] [ThreadPool]: SQL status: OK in 0.001 seconds
[0m17:33:20.830972 [debug] [ThreadPool]: Using duckdb connection "create_kalshi_main"
[0m17:33:20.831104 [debug] [ThreadPool]: On create_kalshi_main: BEGIN
[0m17:33:20.831300 [debug] [ThreadPool]: SQL status: OK in 0.000 seconds
[0m17:33:20.831418 [debug] [ThreadPool]: Using duckdb connection "create_kalshi_main"
[0m17:33:20.831536 [debug] [ThreadPool]: On create_kalshi_main: /* {"app": "dbt", "dbt_version": "1.10.4", "profile_name": "kalshi_pipeline", "target_name": "dev", "connection_name": "create_kalshi_main"} */

    
    
        create schema if not exists "kalshi"."main"
    
[0m17:33:20.831778 [debug] [ThreadPool]: SQL status: OK in 0.000 seconds
[0m17:33:20.832108 [debug] [ThreadPool]: On create_kalshi_main: COMMIT
[0m17:33:20.832231 [debug] [ThreadPool]: Using duckdb connection "create_kalshi_main"
[0m17:33:20.832350 [debug] [ThreadPool]: On create_kalshi_main: COMMIT
[0m17:33:20.832517 [debug] [ThreadPool]: SQL status: OK in 0.000 seconds
[0m17:33:20.832636 [debug] [ThreadPool]: On create_kalshi_main: Close
[0m17:33:20.833093 [debug] [ThreadPool]: Re-using an available connection from the pool (formerly create_kalshi_main, now list_kalshi_main)
[0m17:33:20.835186 [debug] [ThreadPool]: Using duckdb connection "list_kalshi_main"
[0m17:33:20.835318 [debug] [ThreadPool]: On list_kalshi_main: BEGIN
[0m17:33:20.835426 [debug] [ThreadPool]: Opening a new connection, currently in state closed
[0m17:33:20.835625 [debug] [ThreadPool]: SQL status: OK in 0.000 seconds
[0m17:33:20.835740 [debug] [ThreadPool]: Using duckdb connection "list_kalshi_main"
[0m17:33:20.835865 [debug] [ThreadPool]: On list_kalshi_main: /* {"app": "dbt", "dbt_version": "1.10.4", "profile_name": "kalshi_pipeline", "target_name": "dev", "connection_name": "list_kalshi_main"} */
select
      'kalshi' as database,
      table_name as name,
      table_schema as schema,
      CASE table_type
        WHEN 'BASE TABLE' THEN 'table'
        WHEN 'VIEW' THEN 'view'
        WHEN 'LOCAL TEMPORARY' THEN 'table'
        END as type
    from system.information_schema.tables
    where lower(table_schema) = 'main'
    and lower(table_catalog) = 'kalshi'
  
[0m17:33:20.838355 [debug] [ThreadPool]: SQL status: OK in 0.002 seconds
[0m17:33:20.838947 [debug] [ThreadPool]: On list_kalshi_main: ROLLBACK
[0m17:33:20.839785 [debug] [ThreadPool]: Failed to rollback 'list_kalshi_main'
[0m17:33:20.839910 [debug] [ThreadPool]: On list_kalshi_main: Close
[0m17:33:20.840279 [debug] [MainThread]: Sending event: {'category': 'dbt', 'action': 'runnable_timing', 'label': '32bb5168-b8ae-44a8-ba04-35869c252e07', 'context': [<snowplow_tracker.self_describing_json.SelfDescribingJson object at 0x10b9cdca0>]}
[0m17:33:20.840485 [debug] [MainThread]: Using duckdb connection "master"
[0m17:33:20.840631 [debug] [MainThread]: On master: BEGIN
[0m17:33:20.840750 [debug] [MainThread]: Opening a new connection, currently in state init
[0m17:33:20.840971 [debug] [MainThread]: SQL status: OK in 0.000 seconds
[0m17:33:20.841097 [debug] [MainThread]: On master: COMMIT
[0m17:33:20.841216 [debug] [MainThread]: Using duckdb connection "master"
[0m17:33:20.841330 [debug] [MainThread]: On master: COMMIT
[0m17:33:20.841500 [debug] [MainThread]: SQL status: OK in 0.000 seconds
[0m17:33:20.841619 [debug] [MainThread]: On master: Close
[0m17:33:20.842733 [debug] [Thread-1 (]: Began running node model.kalshi_pipeline.stg_weather
[0m17:33:20.842947 [info ] [Thread-1 (]: 1 of 2 START sql table model main.stg_weather .................................. [RUN]
[0m17:33:20.843149 [debug] [Thread-1 (]: Re-using an available connection from the pool (formerly list_kalshi_main, now model.kalshi_pipeline.stg_weather)
[0m17:33:20.843407 [debug] [Thread-1 (]: Began compiling node model.kalshi_pipeline.stg_weather
[0m17:33:20.846339 [debug] [Thread-1 (]: Writing injected SQL for node "model.kalshi_pipeline.stg_weather"
[0m17:33:20.846671 [debug] [Thread-1 (]: Began executing node model.kalshi_pipeline.stg_weather
[0m17:33:20.859484 [debug] [Thread-1 (]: Writing runtime sql for node "model.kalshi_pipeline.stg_weather"
[0m17:33:20.859913 [debug] [Thread-1 (]: Using duckdb connection "model.kalshi_pipeline.stg_weather"
[0m17:33:20.860072 [debug] [Thread-1 (]: On model.kalshi_pipeline.stg_weather: BEGIN
[0m17:33:20.860208 [debug] [Thread-1 (]: Opening a new connection, currently in state closed
[0m17:33:20.860517 [debug] [Thread-1 (]: SQL status: OK in 0.000 seconds
[0m17:33:20.860659 [debug] [Thread-1 (]: Using duckdb connection "model.kalshi_pipeline.stg_weather"
[0m17:33:20.860811 [debug] [Thread-1 (]: On model.kalshi_pipeline.stg_weather: /* {"app": "dbt", "dbt_version": "1.10.4", "profile_name": "kalshi_pipeline", "target_name": "dev", "node_id": "model.kalshi_pipeline.stg_weather"} */

  
    
    

    create  table
      "kalshi"."main"."stg_weather__dbt_tmp"
  
    as (
      SELECT
    CAST(time AS TIMESTAMP) AS weather_timestamp,
    CAST(time AS DATE) AS weather_date,
    EXTRACT(HOUR FROM CAST(time AS TIMESTAMP)) AS hour_of_day,
    temperature_2m AS temp_f,
    relative_humidity_2m AS humidity,
    cloud_cover,
    precipitation
FROM '../data/raw_central_park_weather.parquet'
    );
  
  
[0m17:33:20.871003 [debug] [Thread-1 (]: SQL status: OK in 0.010 seconds
[0m17:33:20.873215 [debug] [Thread-1 (]: Using duckdb connection "model.kalshi_pipeline.stg_weather"
[0m17:33:20.873368 [debug] [Thread-1 (]: On model.kalshi_pipeline.stg_weather: /* {"app": "dbt", "dbt_version": "1.10.4", "profile_name": "kalshi_pipeline", "target_name": "dev", "node_id": "model.kalshi_pipeline.stg_weather"} */

    SELECT index_name
    FROM duckdb_indexes()
    WHERE schema_name = 'main'
      AND table_name = 'stg_weather'
  
[0m17:33:20.873726 [debug] [Thread-1 (]: SQL status: OK in 0.000 seconds
[0m17:33:20.874223 [debug] [Thread-1 (]: Using duckdb connection "model.kalshi_pipeline.stg_weather"
[0m17:33:20.874357 [debug] [Thread-1 (]: On model.kalshi_pipeline.stg_weather: /* {"app": "dbt", "dbt_version": "1.10.4", "profile_name": "kalshi_pipeline", "target_name": "dev", "node_id": "model.kalshi_pipeline.stg_weather"} */

    SELECT COUNT(*) as remaining_indexes
    FROM duckdb_indexes()
    WHERE schema_name = 'main'
      AND table_name = 'stg_weather'
  
[0m17:33:20.875167 [debug] [Thread-1 (]: SQL status: OK in 0.001 seconds
[0m17:33:20.877641 [debug] [Thread-1 (]: Using duckdb connection "model.kalshi_pipeline.stg_weather"
[0m17:33:20.877788 [debug] [Thread-1 (]: On model.kalshi_pipeline.stg_weather: /* {"app": "dbt", "dbt_version": "1.10.4", "profile_name": "kalshi_pipeline", "target_name": "dev", "node_id": "model.kalshi_pipeline.stg_weather"} */
alter table "kalshi"."main"."stg_weather" rename to "stg_weather__dbt_backup"
[0m17:33:20.878789 [debug] [Thread-1 (]: SQL status: OK in 0.001 seconds
[0m17:33:20.879881 [debug] [Thread-1 (]: Using duckdb connection "model.kalshi_pipeline.stg_weather"
[0m17:33:20.880014 [debug] [Thread-1 (]: On model.kalshi_pipeline.stg_weather: /* {"app": "dbt", "dbt_version": "1.10.4", "profile_name": "kalshi_pipeline", "target_name": "dev", "node_id": "model.kalshi_pipeline.stg_weather"} */
alter table "kalshi"."main"."stg_weather__dbt_tmp" rename to "stg_weather"
[0m17:33:20.880237 [debug] [Thread-1 (]: SQL status: OK in 0.000 seconds
[0m17:33:20.885913 [debug] [Thread-1 (]: On model.kalshi_pipeline.stg_weather: COMMIT
[0m17:33:20.886069 [debug] [Thread-1 (]: Using duckdb connection "model.kalshi_pipeline.stg_weather"
[0m17:33:20.886202 [debug] [Thread-1 (]: On model.kalshi_pipeline.stg_weather: COMMIT
[0m17:33:20.887511 [debug] [Thread-1 (]: SQL status: OK in 0.001 seconds
[0m17:33:20.889478 [debug] [Thread-1 (]: Using duckdb connection "model.kalshi_pipeline.stg_weather"
[0m17:33:20.889626 [debug] [Thread-1 (]: On model.kalshi_pipeline.stg_weather: /* {"app": "dbt", "dbt_version": "1.10.4", "profile_name": "kalshi_pipeline", "target_name": "dev", "node_id": "model.kalshi_pipeline.stg_weather"} */

      drop table if exists "kalshi"."main"."stg_weather__dbt_backup" cascade
    
[0m17:33:20.890271 [debug] [Thread-1 (]: SQL status: OK in 0.001 seconds
[0m17:33:20.891201 [debug] [Thread-1 (]: On model.kalshi_pipeline.stg_weather: Close
[0m17:33:20.891995 [debug] [Thread-1 (]: Sending event: {'category': 'dbt', 'action': 'run_model', 'label': '32bb5168-b8ae-44a8-ba04-35869c252e07', 'context': [<snowplow_tracker.self_describing_json.SelfDescribingJson object at 0x10d216e10>]}
[0m17:33:20.892250 [info ] [Thread-1 (]: 1 of 2 OK created sql table model main.stg_weather ............................. [[32mOK[0m in 0.05s]
[0m17:33:20.892490 [debug] [Thread-1 (]: Finished running node model.kalshi_pipeline.stg_weather
[0m17:33:20.892801 [debug] [Thread-1 (]: Began running node model.kalshi_pipeline.fct_kalshi_features
[0m17:33:20.893017 [info ] [Thread-1 (]: 2 of 2 START sql table model main.fct_kalshi_features .......................... [RUN]
[0m17:33:20.893259 [debug] [Thread-1 (]: Re-using an available connection from the pool (formerly model.kalshi_pipeline.stg_weather, now model.kalshi_pipeline.fct_kalshi_features)
[0m17:33:20.893445 [debug] [Thread-1 (]: Began compiling node model.kalshi_pipeline.fct_kalshi_features
[0m17:33:20.894537 [debug] [Thread-1 (]: Writing injected SQL for node "model.kalshi_pipeline.fct_kalshi_features"
[0m17:33:20.894808 [debug] [Thread-1 (]: Began executing node model.kalshi_pipeline.fct_kalshi_features
[0m17:33:20.896705 [debug] [Thread-1 (]: Writing runtime sql for node "model.kalshi_pipeline.fct_kalshi_features"
[0m17:33:20.897123 [debug] [Thread-1 (]: Using duckdb connection "model.kalshi_pipeline.fct_kalshi_features"
[0m17:33:20.897257 [debug] [Thread-1 (]: On model.kalshi_pipeline.fct_kalshi_features: BEGIN
[0m17:33:20.897382 [debug] [Thread-1 (]: Opening a new connection, currently in state closed
[0m17:33:20.897626 [debug] [Thread-1 (]: SQL status: OK in 0.000 seconds
[0m17:33:20.897764 [debug] [Thread-1 (]: Using duckdb connection "model.kalshi_pipeline.fct_kalshi_features"
[0m17:33:20.897927 [debug] [Thread-1 (]: On model.kalshi_pipeline.fct_kalshi_features: /* {"app": "dbt", "dbt_version": "1.10.4", "profile_name": "kalshi_pipeline", "target_name": "dev", "node_id": "model.kalshi_pipeline.fct_kalshi_features"} */

  
    
    

    create  table
      "kalshi"."main"."fct_kalshi_features__dbt_tmp"
  
    as (
      WITH hourly_data AS (
    SELECT * FROM "kalshi"."main"."stg_weather"
),

target_temp AS (
    -- The Kalshi settlement hour (e.g., 4:00 PM / Hour 16)
    SELECT
        weather_date,
        temp_f AS target_temp_4pm
    FROM hourly_data
    WHERE hour_of_day = 18
),

morning_features AS (
    -- The data available to you when placing a morning trade (11:00 AM)
    SELECT
        weather_date,
        temp_f AS morning_temp_11am,
        cloud_cover AS morning_cloud_cover_11am
    FROM hourly_data
    WHERE hour_of_day = 11
)

SELECT
    t.weather_date,
    t.target_temp_4pm,
    m.morning_temp_11am,
    m.morning_cloud_cover_11am,
    LAG(t.target_temp_4pm) OVER (ORDER BY t.weather_date) AS yesterday_4pm_temp
FROM target_temp t
JOIN morning_features m 
    ON t.weather_date = m.weather_date
ORDER BY t.weather_date DESC
    );
  
  
[0m17:33:20.905875 [debug] [Thread-1 (]: SQL status: OK in 0.008 seconds
[0m17:33:20.906385 [debug] [Thread-1 (]: Using duckdb connection "model.kalshi_pipeline.fct_kalshi_features"
[0m17:33:20.906533 [debug] [Thread-1 (]: On model.kalshi_pipeline.fct_kalshi_features: /* {"app": "dbt", "dbt_version": "1.10.4", "profile_name": "kalshi_pipeline", "target_name": "dev", "node_id": "model.kalshi_pipeline.fct_kalshi_features"} */

    SELECT index_name
    FROM duckdb_indexes()
    WHERE schema_name = 'main'
      AND table_name = 'fct_kalshi_features'
  
[0m17:33:20.906889 [debug] [Thread-1 (]: SQL status: OK in 0.000 seconds
[0m17:33:20.907363 [debug] [Thread-1 (]: Using duckdb connection "model.kalshi_pipeline.fct_kalshi_features"
[0m17:33:20.907502 [debug] [Thread-1 (]: On model.kalshi_pipeline.fct_kalshi_features: /* {"app": "dbt", "dbt_version": "1.10.4", "profile_name": "kalshi_pipeline", "target_name": "dev", "node_id": "model.kalshi_pipeline.fct_kalshi_features"} */

    SELECT COUNT(*) as remaining_indexes
    FROM duckdb_indexes()
    WHERE schema_name = 'main'
      AND table_name = 'fct_kalshi_features'
  
[0m17:33:20.907817 [debug] [Thread-1 (]: SQL status: OK in 0.000 seconds
[0m17:33:20.909030 [debug] [Thread-1 (]: Using duckdb connection "model.kalshi_pipeline.fct_kalshi_features"
[0m17:33:20.909180 [debug] [Thread-1 (]: On model.kalshi_pipeline.fct_kalshi_features: /* {"app": "dbt", "dbt_version": "1.10.4", "profile_name": "kalshi_pipeline", "target_name": "dev", "node_id": "model.kalshi_pipeline.fct_kalshi_features"} */
alter table "kalshi"."main"."fct_kalshi_features" rename to "fct_kalshi_features__dbt_backup"
[0m17:33:20.909426 [debug] [Thread-1 (]: SQL status: OK in 0.000 seconds
[0m17:33:20.910464 [debug] [Thread-1 (]: Using duckdb connection "model.kalshi_pipeline.fct_kalshi_features"
[0m17:33:20.910620 [debug] [Thread-1 (]: On model.kalshi_pipeline.fct_kalshi_features: /* {"app": "dbt", "dbt_version": "1.10.4", "profile_name": "kalshi_pipeline", "target_name": "dev", "node_id": "model.kalshi_pipeline.fct_kalshi_features"} */
alter table "kalshi"."main"."fct_kalshi_features__dbt_tmp" rename to "fct_kalshi_features"
[0m17:33:20.910848 [debug] [Thread-1 (]: SQL status: OK in 0.000 seconds
[0m17:33:20.911498 [debug] [Thread-1 (]: On model.kalshi_pipeline.fct_kalshi_features: COMMIT
[0m17:33:20.911643 [debug] [Thread-1 (]: Using duckdb connection "model.kalshi_pipeline.fct_kalshi_features"
[0m17:33:20.911776 [debug] [Thread-1 (]: On model.kalshi_pipeline.fct_kalshi_features: COMMIT
[0m17:33:20.912141 [debug] [Thread-1 (]: SQL status: OK in 0.000 seconds
[0m17:33:20.913033 [debug] [Thread-1 (]: Using duckdb connection "model.kalshi_pipeline.fct_kalshi_features"
[0m17:33:20.913177 [debug] [Thread-1 (]: On model.kalshi_pipeline.fct_kalshi_features: /* {"app": "dbt", "dbt_version": "1.10.4", "profile_name": "kalshi_pipeline", "target_name": "dev", "node_id": "model.kalshi_pipeline.fct_kalshi_features"} */

      drop table if exists "kalshi"."main"."fct_kalshi_features__dbt_backup" cascade
    
[0m17:33:20.913477 [debug] [Thread-1 (]: SQL status: OK in 0.000 seconds
[0m17:33:20.913938 [debug] [Thread-1 (]: On model.kalshi_pipeline.fct_kalshi_features: Close
[0m17:33:20.914179 [debug] [Thread-1 (]: Sending event: {'category': 'dbt', 'action': 'run_model', 'label': '32bb5168-b8ae-44a8-ba04-35869c252e07', 'context': [<snowplow_tracker.self_describing_json.SelfDescribingJson object at 0x10c6025d0>]}
[0m17:33:20.914433 [info ] [Thread-1 (]: 2 of 2 OK created sql table model main.fct_kalshi_features ..................... [[32mOK[0m in 0.02s]
[0m17:33:20.914666 [debug] [Thread-1 (]: Finished running node model.kalshi_pipeline.fct_kalshi_features
[0m17:33:20.915139 [debug] [MainThread]: Using duckdb connection "master"
[0m17:33:20.915290 [debug] [MainThread]: On master: BEGIN
[0m17:33:20.915411 [debug] [MainThread]: Opening a new connection, currently in state closed
[0m17:33:20.915624 [debug] [MainThread]: SQL status: OK in 0.000 seconds
[0m17:33:20.915747 [debug] [MainThread]: On master: COMMIT
[0m17:33:20.915863 [debug] [MainThread]: Using duckdb connection "master"
[0m17:33:20.915977 [debug] [MainThread]: On master: COMMIT
[0m17:33:20.916137 [debug] [MainThread]: SQL status: OK in 0.000 seconds
[0m17:33:20.916264 [debug] [MainThread]: On master: Close
[0m17:33:20.916414 [debug] [MainThread]: Connection 'master' was properly closed.
[0m17:33:20.916534 [debug] [MainThread]: Connection 'model.kalshi_pipeline.fct_kalshi_features' was properly closed.
[0m17:33:20.916667 [info ] [MainThread]: 
[0m17:33:20.916812 [info ] [MainThread]: Finished running 2 table models in 0 hours 0 minutes and 0.13 seconds (0.13s).
[0m17:33:20.917131 [debug] [MainThread]: Command end result
[0m17:33:20.924629 [debug] [MainThread]: Wrote artifact WritableManifest to /Users/allisonfung/weather/kalshi_pipeline/target/manifest.json
[0m17:33:20.925669 [debug] [MainThread]: Wrote artifact SemanticManifest to /Users/allisonfung/weather/kalshi_pipeline/target/semantic_manifest.json
[0m17:33:20.928317 [debug] [MainThread]: Wrote artifact RunExecutionResult to /Users/allisonfung/weather/kalshi_pipeline/target/run_results.json
[0m17:33:20.928459 [info ] [MainThread]: 
[0m17:33:20.928649 [info ] [MainThread]: [32mCompleted successfully[0m
[0m17:33:20.928779 [info ] [MainThread]: 
[0m17:33:20.928932 [info ] [MainThread]: Done. PASS=2 WARN=0 ERROR=0 SKIP=0 NO-OP=0 TOTAL=2
[0m17:33:20.930801 [debug] [MainThread]: Resource report: {"command_name": "run", "command_success": true, "command_wall_clock_time": 0.5276953, "process_in_blocks": "0", "process_kernel_time": 0.158135, "process_mem_max_rss": "163020800", "process_out_blocks": "0", "process_user_time": 0.932303}
[0m17:33:20.931062 [debug] [MainThread]: Command `dbt run` succeeded at 17:33:20.931026 after 0.53 seconds
[0m17:33:20.931254 [debug] [MainThread]: Sending event: {'category': 'dbt', 'action': 'invocation', 'label': 'end', 'context': [<snowplow_tracker.self_describing_json.SelfDescribingJson object at 0x106b6ec60>, <snowplow_tracker.self_describing_json.SelfDescribingJson object at 0x10c13eb70>, <snowplow_tracker.self_describing_json.SelfDescribingJson object at 0x1083b55b0>]}
[0m17:33:20.931414 [debug] [MainThread]: Flushing usage events
[0m17:33:21.144909 [debug] [MainThread]: An error was encountered while trying to flush usage events
[0m17:34:01.318013 [debug] [MainThread]: Sending event: {'category': 'dbt', 'action': 'invocation', 'label': 'start', 'context': [<snowplow_tracker.self_describing_json.SelfDescribingJson object at 0x107d42000>, <snowplow_tracker.self_describing_json.SelfDescribingJson object at 0x107da4e90>, <snowplow_tracker.self_describing_json.SelfDescribingJson object at 0x107da4da0>]}


============================== 17:34:01.321384 | c5e770fb-4e29-4eec-8659-bb04bf0df709 ==============================
[0m17:34:01.321384 [info ] [MainThread]: Running with dbt=1.10.4
[0m17:34:01.321677 [debug] [MainThread]: running dbt with arguments {'printer_width': '80', 'indirect_selection': 'eager', 'write_json': 'True', 'log_cache_events': 'False', 'partial_parse': 'True', 'cache_selected_only': 'False', 'warn_error': 'None', 'fail_fast': 'False', 'debug': 'False', 'log_path': '/Users/allisonfung/weather/kalshi_pipeline/logs', 'version_check': 'True', 'profiles_dir': '/Users/allisonfung/weather/kalshi_pipeline', 'use_colors': 'True', 'use_experimental_parser': 'False', 'empty': 'False', 'quiet': 'False', 'no_print': 'None', 'log_format': 'default', 'invocation_command': 'dbt run', 'warn_error_options': 'WarnErrorOptionsV2(error=[], warn=[], silence=[])', 'static_parser': 'True', 'target_path': 'None', 'introspect': 'True', 'send_anonymous_usage_stats': 'True'}
[0m17:34:01.459196 [debug] [MainThread]: Sending event: {'category': 'dbt', 'action': 'project_id', 'label': 'c5e770fb-4e29-4eec-8659-bb04bf0df709', 'context': [<snowplow_tracker.self_describing_json.SelfDescribingJson object at 0x107da48f0>]}
[0m17:34:01.482224 [debug] [MainThread]: Sending event: {'category': 'dbt', 'action': 'adapter_info', 'label': 'c5e770fb-4e29-4eec-8659-bb04bf0df709', 'context': [<snowplow_tracker.self_describing_json.SelfDescribingJson object at 0x104b59eb0>]}
[0m17:34:01.483624 [info ] [MainThread]: Registered adapter: duckdb=1.10.0
[0m17:34:01.527484 [debug] [MainThread]: checksum: 073cb5a296270136b24f9c040fdebd0642ef9c263903ef463bfe7e190c538da2, vars: {}, profile: , target: , version: 1.10.4
[0m17:34:01.582053 [debug] [MainThread]: Partial parsing enabled: 0 files deleted, 0 files added, 1 files changed.
[0m17:34:01.582407 [debug] [MainThread]: Partial parsing: updated file: kalshi_pipeline://models/fct_kalshi_features.sql
[0m17:34:01.684595 [debug] [MainThread]: Sending event: {'category': 'dbt', 'action': 'load_project', 'label': 'c5e770fb-4e29-4eec-8659-bb04bf0df709', 'context': [<snowplow_tracker.self_describing_json.SelfDescribingJson object at 0x10a09eba0>]}
[0m17:34:01.711263 [debug] [MainThread]: Wrote artifact WritableManifest to /Users/allisonfung/weather/kalshi_pipeline/target/manifest.json
[0m17:34:01.712535 [debug] [MainThread]: Wrote artifact SemanticManifest to /Users/allisonfung/weather/kalshi_pipeline/target/semantic_manifest.json
[0m17:34:01.723080 [debug] [MainThread]: Sending event: {'category': 'dbt', 'action': 'resource_counts', 'label': 'c5e770fb-4e29-4eec-8659-bb04bf0df709', 'context': [<snowplow_tracker.self_describing_json.SelfDescribingJson object at 0x10a068230>]}
[0m17:34:01.723340 [info ] [MainThread]: Found 2 models, 1 source, 443 macros
[0m17:34:01.723508 [debug] [MainThread]: Sending event: {'category': 'dbt', 'action': 'runnable_timing', 'label': 'c5e770fb-4e29-4eec-8659-bb04bf0df709', 'context': [<snowplow_tracker.self_describing_json.SelfDescribingJson object at 0x10a035700>]}
[0m17:34:01.724266 [info ] [MainThread]: 
[0m17:34:01.724435 [info ] [MainThread]: Concurrency: 1 threads (target='dev')
[0m17:34:01.724570 [info ] [MainThread]: 
[0m17:34:01.724794 [debug] [MainThread]: Acquiring new duckdb connection 'master'
[0m17:34:01.726611 [debug] [ThreadPool]: Acquiring new duckdb connection 'list_kalshi'
[0m17:34:01.752454 [debug] [ThreadPool]: Using duckdb connection "list_kalshi"
[0m17:34:01.752703 [debug] [ThreadPool]: On list_kalshi: /* {"app": "dbt", "dbt_version": "1.10.4", "profile_name": "kalshi_pipeline", "target_name": "dev", "connection_name": "list_kalshi"} */

    
    select schema_name
    from system.information_schema.schemata
    
    where lower(catalog_name) = '"kalshi"'
    
  
  
[0m17:34:01.752854 [debug] [ThreadPool]: Opening a new connection, currently in state init
[0m17:34:01.762768 [debug] [ThreadPool]: SQL status: OK in 0.010 seconds
[0m17:34:01.763466 [debug] [ThreadPool]: On list_kalshi: Close
[0m17:34:01.763786 [debug] [ThreadPool]: Re-using an available connection from the pool (formerly list_kalshi, now create_kalshi_main)
[0m17:34:01.763996 [debug] [ThreadPool]: Creating schema "database: "kalshi"
schema: "main"
"
[0m17:34:01.766714 [debug] [ThreadPool]: Using duckdb connection "create_kalshi_main"
[0m17:34:01.766860 [debug] [ThreadPool]: On create_kalshi_main: /* {"app": "dbt", "dbt_version": "1.10.4", "profile_name": "kalshi_pipeline", "target_name": "dev", "connection_name": "create_kalshi_main"} */

    
        select type from duckdb_databases()
        where lower(database_name)='kalshi'
        and type='sqlite'
    
  
[0m17:34:01.766979 [debug] [ThreadPool]: Opening a new connection, currently in state closed
[0m17:34:01.767659 [debug] [ThreadPool]: SQL status: OK in 0.001 seconds
[0m17:34:01.768249 [debug] [ThreadPool]: Using duckdb connection "create_kalshi_main"
[0m17:34:01.768390 [debug] [ThreadPool]: On create_kalshi_main: BEGIN
[0m17:34:01.768611 [debug] [ThreadPool]: SQL status: OK in 0.000 seconds
[0m17:34:01.768733 [debug] [ThreadPool]: Using duckdb connection "create_kalshi_main"
[0m17:34:01.768861 [debug] [ThreadPool]: On create_kalshi_main: /* {"app": "dbt", "dbt_version": "1.10.4", "profile_name": "kalshi_pipeline", "target_name": "dev", "connection_name": "create_kalshi_main"} */

    
    
        create schema if not exists "kalshi"."main"
    
[0m17:34:01.769280 [debug] [ThreadPool]: SQL status: OK in 0.000 seconds
[0m17:34:01.769722 [debug] [ThreadPool]: On create_kalshi_main: COMMIT
[0m17:34:01.769869 [debug] [ThreadPool]: Using duckdb connection "create_kalshi_main"
[0m17:34:01.769985 [debug] [ThreadPool]: On create_kalshi_main: COMMIT
[0m17:34:01.770175 [debug] [ThreadPool]: SQL status: OK in 0.000 seconds
[0m17:34:01.770303 [debug] [ThreadPool]: On create_kalshi_main: Close
[0m17:34:01.770763 [debug] [ThreadPool]: Re-using an available connection from the pool (formerly create_kalshi_main, now list_kalshi_main)
[0m17:34:01.772974 [debug] [ThreadPool]: Using duckdb connection "list_kalshi_main"
[0m17:34:01.773103 [debug] [ThreadPool]: On list_kalshi_main: BEGIN
[0m17:34:01.773205 [debug] [ThreadPool]: Opening a new connection, currently in state closed
[0m17:34:01.773412 [debug] [ThreadPool]: SQL status: OK in 0.000 seconds
[0m17:34:01.773533 [debug] [ThreadPool]: Using duckdb connection "list_kalshi_main"
[0m17:34:01.773657 [debug] [ThreadPool]: On list_kalshi_main: /* {"app": "dbt", "dbt_version": "1.10.4", "profile_name": "kalshi_pipeline", "target_name": "dev", "connection_name": "list_kalshi_main"} */
select
      'kalshi' as database,
      table_name as name,
      table_schema as schema,
      CASE table_type
        WHEN 'BASE TABLE' THEN 'table'
        WHEN 'VIEW' THEN 'view'
        WHEN 'LOCAL TEMPORARY' THEN 'table'
        END as type
    from system.information_schema.tables
    where lower(table_schema) = 'main'
    and lower(table_catalog) = 'kalshi'
  
[0m17:34:01.776232 [debug] [ThreadPool]: SQL status: OK in 0.002 seconds
[0m17:34:01.777024 [debug] [ThreadPool]: On list_kalshi_main: ROLLBACK
[0m17:34:01.777888 [debug] [ThreadPool]: Failed to rollback 'list_kalshi_main'
[0m17:34:01.778032 [debug] [ThreadPool]: On list_kalshi_main: Close
[0m17:34:01.778402 [debug] [MainThread]: Sending event: {'category': 'dbt', 'action': 'runnable_timing', 'label': 'c5e770fb-4e29-4eec-8659-bb04bf0df709', 'context': [<snowplow_tracker.self_describing_json.SelfDescribingJson object at 0x108f67cb0>]}
[0m17:34:01.778587 [debug] [MainThread]: Using duckdb connection "master"
[0m17:34:01.778706 [debug] [MainThread]: On master: BEGIN
[0m17:34:01.778813 [debug] [MainThread]: Opening a new connection, currently in state init
[0m17:34:01.779015 [debug] [MainThread]: SQL status: OK in 0.000 seconds
[0m17:34:01.779139 [debug] [MainThread]: On master: COMMIT
[0m17:34:01.779259 [debug] [MainThread]: Using duckdb connection "master"
[0m17:34:01.779371 [debug] [MainThread]: On master: COMMIT
[0m17:34:01.779542 [debug] [MainThread]: SQL status: OK in 0.000 seconds
[0m17:34:01.779664 [debug] [MainThread]: On master: Close
[0m17:34:01.780865 [debug] [Thread-1 (]: Began running node model.kalshi_pipeline.stg_weather
[0m17:34:01.781089 [info ] [Thread-1 (]: 1 of 2 START sql table model main.stg_weather .................................. [RUN]
[0m17:34:01.781282 [debug] [Thread-1 (]: Re-using an available connection from the pool (formerly list_kalshi_main, now model.kalshi_pipeline.stg_weather)
[0m17:34:01.781532 [debug] [Thread-1 (]: Began compiling node model.kalshi_pipeline.stg_weather
[0m17:34:01.784487 [debug] [Thread-1 (]: Writing injected SQL for node "model.kalshi_pipeline.stg_weather"
[0m17:34:01.784816 [debug] [Thread-1 (]: Began executing node model.kalshi_pipeline.stg_weather
[0m17:34:01.797433 [debug] [Thread-1 (]: Writing runtime sql for node "model.kalshi_pipeline.stg_weather"
[0m17:34:01.797843 [debug] [Thread-1 (]: Using duckdb connection "model.kalshi_pipeline.stg_weather"
[0m17:34:01.797997 [debug] [Thread-1 (]: On model.kalshi_pipeline.stg_weather: BEGIN
[0m17:34:01.798132 [debug] [Thread-1 (]: Opening a new connection, currently in state closed
[0m17:34:01.798431 [debug] [Thread-1 (]: SQL status: OK in 0.000 seconds
[0m17:34:01.798572 [debug] [Thread-1 (]: Using duckdb connection "model.kalshi_pipeline.stg_weather"
[0m17:34:01.798724 [debug] [Thread-1 (]: On model.kalshi_pipeline.stg_weather: /* {"app": "dbt", "dbt_version": "1.10.4", "profile_name": "kalshi_pipeline", "target_name": "dev", "node_id": "model.kalshi_pipeline.stg_weather"} */

  
    
    

    create  table
      "kalshi"."main"."stg_weather__dbt_tmp"
  
    as (
      SELECT
    CAST(time AS TIMESTAMP) AS weather_timestamp,
    CAST(time AS DATE) AS weather_date,
    EXTRACT(HOUR FROM CAST(time AS TIMESTAMP)) AS hour_of_day,
    temperature_2m AS temp_f,
    relative_humidity_2m AS humidity,
    cloud_cover,
    precipitation
FROM '../data/raw_central_park_weather.parquet'
    );
  
  
[0m17:34:01.806141 [debug] [Thread-1 (]: SQL status: OK in 0.007 seconds
[0m17:34:01.808271 [debug] [Thread-1 (]: Using duckdb connection "model.kalshi_pipeline.stg_weather"
[0m17:34:01.808431 [debug] [Thread-1 (]: On model.kalshi_pipeline.stg_weather: /* {"app": "dbt", "dbt_version": "1.10.4", "profile_name": "kalshi_pipeline", "target_name": "dev", "node_id": "model.kalshi_pipeline.stg_weather"} */

    SELECT index_name
    FROM duckdb_indexes()
    WHERE schema_name = 'main'
      AND table_name = 'stg_weather'
  
[0m17:34:01.808790 [debug] [Thread-1 (]: SQL status: OK in 0.000 seconds
[0m17:34:01.809282 [debug] [Thread-1 (]: Using duckdb connection "model.kalshi_pipeline.stg_weather"
[0m17:34:01.809425 [debug] [Thread-1 (]: On model.kalshi_pipeline.stg_weather: /* {"app": "dbt", "dbt_version": "1.10.4", "profile_name": "kalshi_pipeline", "target_name": "dev", "node_id": "model.kalshi_pipeline.stg_weather"} */

    SELECT COUNT(*) as remaining_indexes
    FROM duckdb_indexes()
    WHERE schema_name = 'main'
      AND table_name = 'stg_weather'
  
[0m17:34:01.810033 [debug] [Thread-1 (]: SQL status: OK in 0.000 seconds
[0m17:34:01.812647 [debug] [Thread-1 (]: Using duckdb connection "model.kalshi_pipeline.stg_weather"
[0m17:34:01.812805 [debug] [Thread-1 (]: On model.kalshi_pipeline.stg_weather: /* {"app": "dbt", "dbt_version": "1.10.4", "profile_name": "kalshi_pipeline", "target_name": "dev", "node_id": "model.kalshi_pipeline.stg_weather"} */
alter table "kalshi"."main"."stg_weather" rename to "stg_weather__dbt_backup"
[0m17:34:01.813333 [debug] [Thread-1 (]: SQL status: OK in 0.000 seconds
[0m17:34:01.814459 [debug] [Thread-1 (]: Using duckdb connection "model.kalshi_pipeline.stg_weather"
[0m17:34:01.814596 [debug] [Thread-1 (]: On model.kalshi_pipeline.stg_weather: /* {"app": "dbt", "dbt_version": "1.10.4", "profile_name": "kalshi_pipeline", "target_name": "dev", "node_id": "model.kalshi_pipeline.stg_weather"} */
alter table "kalshi"."main"."stg_weather__dbt_tmp" rename to "stg_weather"
[0m17:34:01.814822 [debug] [Thread-1 (]: SQL status: OK in 0.000 seconds
[0m17:34:01.820509 [debug] [Thread-1 (]: On model.kalshi_pipeline.stg_weather: COMMIT
[0m17:34:01.820672 [debug] [Thread-1 (]: Using duckdb connection "model.kalshi_pipeline.stg_weather"
[0m17:34:01.820805 [debug] [Thread-1 (]: On model.kalshi_pipeline.stg_weather: COMMIT
[0m17:34:01.822096 [debug] [Thread-1 (]: SQL status: OK in 0.001 seconds
[0m17:34:01.824157 [debug] [Thread-1 (]: Using duckdb connection "model.kalshi_pipeline.stg_weather"
[0m17:34:01.824309 [debug] [Thread-1 (]: On model.kalshi_pipeline.stg_weather: /* {"app": "dbt", "dbt_version": "1.10.4", "profile_name": "kalshi_pipeline", "target_name": "dev", "node_id": "model.kalshi_pipeline.stg_weather"} */

      drop table if exists "kalshi"."main"."stg_weather__dbt_backup" cascade
    
[0m17:34:01.824687 [debug] [Thread-1 (]: SQL status: OK in 0.000 seconds
[0m17:34:01.825610 [debug] [Thread-1 (]: On model.kalshi_pipeline.stg_weather: Close
[0m17:34:01.826431 [debug] [Thread-1 (]: Sending event: {'category': 'dbt', 'action': 'run_model', 'label': 'c5e770fb-4e29-4eec-8659-bb04bf0df709', 'context': [<snowplow_tracker.self_describing_json.SelfDescribingJson object at 0x102606d50>]}
[0m17:34:01.826688 [info ] [Thread-1 (]: 1 of 2 OK created sql table model main.stg_weather ............................. [[32mOK[0m in 0.04s]
[0m17:34:01.826923 [debug] [Thread-1 (]: Finished running node model.kalshi_pipeline.stg_weather
[0m17:34:01.827223 [debug] [Thread-1 (]: Began running node model.kalshi_pipeline.fct_kalshi_features
[0m17:34:01.827438 [info ] [Thread-1 (]: 2 of 2 START sql table model main.fct_kalshi_features .......................... [RUN]
[0m17:34:01.827628 [debug] [Thread-1 (]: Re-using an available connection from the pool (formerly model.kalshi_pipeline.stg_weather, now model.kalshi_pipeline.fct_kalshi_features)
[0m17:34:01.827777 [debug] [Thread-1 (]: Began compiling node model.kalshi_pipeline.fct_kalshi_features
[0m17:34:01.829434 [debug] [Thread-1 (]: Writing injected SQL for node "model.kalshi_pipeline.fct_kalshi_features"
[0m17:34:01.829715 [debug] [Thread-1 (]: Began executing node model.kalshi_pipeline.fct_kalshi_features
[0m17:34:01.830965 [debug] [Thread-1 (]: Writing runtime sql for node "model.kalshi_pipeline.fct_kalshi_features"
[0m17:34:01.831232 [debug] [Thread-1 (]: Using duckdb connection "model.kalshi_pipeline.fct_kalshi_features"
[0m17:34:01.831373 [debug] [Thread-1 (]: On model.kalshi_pipeline.fct_kalshi_features: BEGIN
[0m17:34:01.831507 [debug] [Thread-1 (]: Opening a new connection, currently in state closed
[0m17:34:01.831754 [debug] [Thread-1 (]: SQL status: OK in 0.000 seconds
[0m17:34:01.831891 [debug] [Thread-1 (]: Using duckdb connection "model.kalshi_pipeline.fct_kalshi_features"
[0m17:34:01.832062 [debug] [Thread-1 (]: On model.kalshi_pipeline.fct_kalshi_features: /* {"app": "dbt", "dbt_version": "1.10.4", "profile_name": "kalshi_pipeline", "target_name": "dev", "node_id": "model.kalshi_pipeline.fct_kalshi_features"} */

  
    
    

    create  table
      "kalshi"."main"."fct_kalshi_features__dbt_tmp"
  
    as (
      WITH hourly_data AS (
    SELECT * FROM "kalshi"."main"."stg_weather"
),

target_temp AS (
    -- The Kalshi settlement hour (e.g., 4:00 PM / Hour 16)
    SELECT
        weather_date,
        temp_f AS target_temp_4pm
    FROM hourly_data
    WHERE hour_of_day = 18
),

morning_features AS (
    -- The data available to you when placing a morning trade (11:00 AM)
    SELECT
        weather_date,
        temp_f AS morning_temp_11am,
        cloud_cover AS morning_cloud_cover_11am
    FROM hourly_data
    WHERE hour_of_day = 12
)

SELECT
    t.weather_date,
    t.target_temp_4pm,
    m.morning_temp_11am,
    m.morning_cloud_cover_11am,
    LAG(t.target_temp_4pm) OVER (ORDER BY t.weather_date) AS yesterday_4pm_temp
FROM target_temp t
JOIN morning_features m 
    ON t.weather_date = m.weather_date
ORDER BY t.weather_date DESC
    );
  
  
[0m17:34:01.838304 [debug] [Thread-1 (]: SQL status: OK in 0.006 seconds
[0m17:34:01.838759 [debug] [Thread-1 (]: Using duckdb connection "model.kalshi_pipeline.fct_kalshi_features"
[0m17:34:01.838901 [debug] [Thread-1 (]: On model.kalshi_pipeline.fct_kalshi_features: /* {"app": "dbt", "dbt_version": "1.10.4", "profile_name": "kalshi_pipeline", "target_name": "dev", "node_id": "model.kalshi_pipeline.fct_kalshi_features"} */

    SELECT index_name
    FROM duckdb_indexes()
    WHERE schema_name = 'main'
      AND table_name = 'fct_kalshi_features'
  
[0m17:34:01.839227 [debug] [Thread-1 (]: SQL status: OK in 0.000 seconds
[0m17:34:01.839718 [debug] [Thread-1 (]: Using duckdb connection "model.kalshi_pipeline.fct_kalshi_features"
[0m17:34:01.839979 [debug] [Thread-1 (]: On model.kalshi_pipeline.fct_kalshi_features: /* {"app": "dbt", "dbt_version": "1.10.4", "profile_name": "kalshi_pipeline", "target_name": "dev", "node_id": "model.kalshi_pipeline.fct_kalshi_features"} */

    SELECT COUNT(*) as remaining_indexes
    FROM duckdb_indexes()
    WHERE schema_name = 'main'
      AND table_name = 'fct_kalshi_features'
  
[0m17:34:01.840430 [debug] [Thread-1 (]: SQL status: OK in 0.000 seconds
[0m17:34:01.841848 [debug] [Thread-1 (]: Using duckdb connection "model.kalshi_pipeline.fct_kalshi_features"
[0m17:34:01.842002 [debug] [Thread-1 (]: On model.kalshi_pipeline.fct_kalshi_features: /* {"app": "dbt", "dbt_version": "1.10.4", "profile_name": "kalshi_pipeline", "target_name": "dev", "node_id": "model.kalshi_pipeline.fct_kalshi_features"} */
alter table "kalshi"."main"."fct_kalshi_features" rename to "fct_kalshi_features__dbt_backup"
[0m17:34:01.842272 [debug] [Thread-1 (]: SQL status: OK in 0.000 seconds
[0m17:34:01.843353 [debug] [Thread-1 (]: Using duckdb connection "model.kalshi_pipeline.fct_kalshi_features"
[0m17:34:01.843500 [debug] [Thread-1 (]: On model.kalshi_pipeline.fct_kalshi_features: /* {"app": "dbt", "dbt_version": "1.10.4", "profile_name": "kalshi_pipeline", "target_name": "dev", "node_id": "model.kalshi_pipeline.fct_kalshi_features"} */
alter table "kalshi"."main"."fct_kalshi_features__dbt_tmp" rename to "fct_kalshi_features"
[0m17:34:01.843736 [debug] [Thread-1 (]: SQL status: OK in 0.000 seconds
[0m17:34:01.844447 [debug] [Thread-1 (]: On model.kalshi_pipeline.fct_kalshi_features: COMMIT
[0m17:34:01.844591 [debug] [Thread-1 (]: Using duckdb connection "model.kalshi_pipeline.fct_kalshi_features"
[0m17:34:01.844722 [debug] [Thread-1 (]: On model.kalshi_pipeline.fct_kalshi_features: COMMIT
[0m17:34:01.845159 [debug] [Thread-1 (]: SQL status: OK in 0.000 seconds
[0m17:34:01.846002 [debug] [Thread-1 (]: Using duckdb connection "model.kalshi_pipeline.fct_kalshi_features"
[0m17:34:01.846147 [debug] [Thread-1 (]: On model.kalshi_pipeline.fct_kalshi_features: /* {"app": "dbt", "dbt_version": "1.10.4", "profile_name": "kalshi_pipeline", "target_name": "dev", "node_id": "model.kalshi_pipeline.fct_kalshi_features"} */

      drop table if exists "kalshi"."main"."fct_kalshi_features__dbt_backup" cascade
    
[0m17:34:01.846460 [debug] [Thread-1 (]: SQL status: OK in 0.000 seconds
[0m17:34:01.847002 [debug] [Thread-1 (]: On model.kalshi_pipeline.fct_kalshi_features: Close
[0m17:34:01.847265 [debug] [Thread-1 (]: Sending event: {'category': 'dbt', 'action': 'run_model', 'label': 'c5e770fb-4e29-4eec-8659-bb04bf0df709', 'context': [<snowplow_tracker.self_describing_json.SelfDescribingJson object at 0x10a40e150>]}
[0m17:34:01.847536 [info ] [Thread-1 (]: 2 of 2 OK created sql table model main.fct_kalshi_features ..................... [[32mOK[0m in 0.02s]
[0m17:34:01.847780 [debug] [Thread-1 (]: Finished running node model.kalshi_pipeline.fct_kalshi_features
[0m17:34:01.848259 [debug] [MainThread]: Using duckdb connection "master"
[0m17:34:01.848400 [debug] [MainThread]: On master: BEGIN
[0m17:34:01.848518 [debug] [MainThread]: Opening a new connection, currently in state closed
[0m17:34:01.848746 [debug] [MainThread]: SQL status: OK in 0.000 seconds
[0m17:34:01.848865 [debug] [MainThread]: On master: COMMIT
[0m17:34:01.848980 [debug] [MainThread]: Using duckdb connection "master"
[0m17:34:01.849092 [debug] [MainThread]: On master: COMMIT
[0m17:34:01.849260 [debug] [MainThread]: SQL status: OK in 0.000 seconds
[0m17:34:01.849381 [debug] [MainThread]: On master: Close
[0m17:34:01.849528 [debug] [MainThread]: Connection 'master' was properly closed.
[0m17:34:01.849644 [debug] [MainThread]: Connection 'model.kalshi_pipeline.fct_kalshi_features' was properly closed.
[0m17:34:01.849793 [info ] [MainThread]: 
[0m17:34:01.849940 [info ] [MainThread]: Finished running 2 table models in 0 hours 0 minutes and 0.13 seconds (0.13s).
[0m17:34:01.850257 [debug] [MainThread]: Command end result
[0m17:34:01.858203 [debug] [MainThread]: Wrote artifact WritableManifest to /Users/allisonfung/weather/kalshi_pipeline/target/manifest.json
[0m17:34:01.858958 [debug] [MainThread]: Wrote artifact SemanticManifest to /Users/allisonfung/weather/kalshi_pipeline/target/semantic_manifest.json
[0m17:34:01.861365 [debug] [MainThread]: Wrote artifact RunExecutionResult to /Users/allisonfung/weather/kalshi_pipeline/target/run_results.json
[0m17:34:01.861501 [info ] [MainThread]: 
[0m17:34:01.861665 [info ] [MainThread]: [32mCompleted successfully[0m
[0m17:34:01.861795 [info ] [MainThread]: 
[0m17:34:01.861936 [info ] [MainThread]: Done. PASS=2 WARN=0 ERROR=0 SKIP=0 NO-OP=0 TOTAL=2
[0m17:34:01.864022 [debug] [MainThread]: Resource report: {"command_name": "run", "command_success": true, "command_wall_clock_time": 0.57773685, "process_in_blocks": "0", "process_kernel_time": 0.16379, "process_mem_max_rss": "166641664", "process_out_blocks": "0", "process_user_time": 0.977931}
[0m17:34:01.864303 [debug] [MainThread]: Command `dbt run` succeeded at 17:34:01.864264 after 0.58 seconds
[0m17:34:01.864489 [debug] [MainThread]: Sending event: {'category': 'dbt', 'action': 'invocation', 'label': 'end', 'context': [<snowplow_tracker.self_describing_json.SelfDescribingJson object at 0x106a26540>, <snowplow_tracker.self_describing_json.SelfDescribingJson object at 0x108e42540>, <snowplow_tracker.self_describing_json.SelfDescribingJson object at 0x109e11cd0>]}
[0m17:34:01.864661 [debug] [MainThread]: Flushing usage events
[0m17:34:02.014499 [debug] [MainThread]: An error was encountered while trying to flush usage events
[0m17:34:15.503845 [debug] [MainThread]: Sending event: {'category': 'dbt', 'action': 'invocation', 'label': 'start', 'context': [<snowplow_tracker.self_describing_json.SelfDescribingJson object at 0x106792390>, <snowplow_tracker.self_describing_json.SelfDescribingJson object at 0x111aa5280>, <snowplow_tracker.self_describing_json.SelfDescribingJson object at 0x113687fe0>]}


============================== 17:34:15.507337 | 484d3263-b7a8-4870-a535-964f212fec43 ==============================
[0m17:34:15.507337 [info ] [MainThread]: Running with dbt=1.10.4
[0m17:34:15.507623 [debug] [MainThread]: running dbt with arguments {'printer_width': '80', 'indirect_selection': 'eager', 'log_cache_events': 'False', 'write_json': 'True', 'partial_parse': 'True', 'cache_selected_only': 'False', 'warn_error': 'None', 'fail_fast': 'False', 'profiles_dir': '/Users/allisonfung/weather/kalshi_pipeline', 'log_path': '/Users/allisonfung/weather/kalshi_pipeline/logs', 'version_check': 'True', 'debug': 'False', 'use_colors': 'True', 'use_experimental_parser': 'False', 'no_print': 'None', 'quiet': 'False', 'empty': 'False', 'warn_error_options': 'WarnErrorOptionsV2(error=[], warn=[], silence=[])', 'static_parser': 'True', 'log_format': 'default', 'introspect': 'True', 'target_path': 'None', 'invocation_command': 'dbt run', 'send_anonymous_usage_stats': 'True'}
[0m17:34:15.661363 [debug] [MainThread]: Sending event: {'category': 'dbt', 'action': 'project_id', 'label': '484d3263-b7a8-4870-a535-964f212fec43', 'context': [<snowplow_tracker.self_describing_json.SelfDescribingJson object at 0x10688f710>]}
[0m17:34:15.686168 [debug] [MainThread]: Sending event: {'category': 'dbt', 'action': 'adapter_info', 'label': '484d3263-b7a8-4870-a535-964f212fec43', 'context': [<snowplow_tracker.self_describing_json.SelfDescribingJson object at 0x1069592e0>]}
[0m17:34:15.687621 [info ] [MainThread]: Registered adapter: duckdb=1.10.0
[0m17:34:15.732568 [debug] [MainThread]: checksum: 073cb5a296270136b24f9c040fdebd0642ef9c263903ef463bfe7e190c538da2, vars: {}, profile: , target: , version: 1.10.4
[0m17:34:15.785295 [debug] [MainThread]: Partial parsing enabled: 0 files deleted, 0 files added, 1 files changed.
[0m17:34:15.785635 [debug] [MainThread]: Partial parsing: updated file: kalshi_pipeline://models/fct_kalshi_features.sql
[0m17:34:15.877091 [debug] [MainThread]: Sending event: {'category': 'dbt', 'action': 'load_project', 'label': '484d3263-b7a8-4870-a535-964f212fec43', 'context': [<snowplow_tracker.self_describing_json.SelfDescribingJson object at 0x11457ab10>]}
[0m17:34:15.902813 [debug] [MainThread]: Wrote artifact WritableManifest to /Users/allisonfung/weather/kalshi_pipeline/target/manifest.json
[0m17:34:15.904043 [debug] [MainThread]: Wrote artifact SemanticManifest to /Users/allisonfung/weather/kalshi_pipeline/target/semantic_manifest.json
[0m17:34:15.914380 [debug] [MainThread]: Sending event: {'category': 'dbt', 'action': 'resource_counts', 'label': '484d3263-b7a8-4870-a535-964f212fec43', 'context': [<snowplow_tracker.self_describing_json.SelfDescribingJson object at 0x11486c260>]}
[0m17:34:15.914627 [info ] [MainThread]: Found 2 models, 1 source, 443 macros
[0m17:34:15.914794 [debug] [MainThread]: Sending event: {'category': 'dbt', 'action': 'runnable_timing', 'label': '484d3263-b7a8-4870-a535-964f212fec43', 'context': [<snowplow_tracker.self_describing_json.SelfDescribingJson object at 0x114566d50>]}
[0m17:34:15.915543 [info ] [MainThread]: 
[0m17:34:15.915707 [info ] [MainThread]: Concurrency: 1 threads (target='dev')
[0m17:34:15.915830 [info ] [MainThread]: 
[0m17:34:15.916048 [debug] [MainThread]: Acquiring new duckdb connection 'master'
[0m17:34:15.917885 [debug] [ThreadPool]: Acquiring new duckdb connection 'list_kalshi'
[0m17:34:15.943912 [debug] [ThreadPool]: Using duckdb connection "list_kalshi"
[0m17:34:15.944161 [debug] [ThreadPool]: On list_kalshi: /* {"app": "dbt", "dbt_version": "1.10.4", "profile_name": "kalshi_pipeline", "target_name": "dev", "connection_name": "list_kalshi"} */

    
    select schema_name
    from system.information_schema.schemata
    
    where lower(catalog_name) = '"kalshi"'
    
  
  
[0m17:34:15.944304 [debug] [ThreadPool]: Opening a new connection, currently in state init
[0m17:34:15.957641 [debug] [ThreadPool]: SQL status: OK in 0.013 seconds
[0m17:34:15.958321 [debug] [ThreadPool]: On list_kalshi: Close
[0m17:34:15.958618 [debug] [ThreadPool]: Re-using an available connection from the pool (formerly list_kalshi, now create_kalshi_main)
[0m17:34:15.958799 [debug] [ThreadPool]: Creating schema "database: "kalshi"
schema: "main"
"
[0m17:34:15.961682 [debug] [ThreadPool]: Using duckdb connection "create_kalshi_main"
[0m17:34:15.961832 [debug] [ThreadPool]: On create_kalshi_main: /* {"app": "dbt", "dbt_version": "1.10.4", "profile_name": "kalshi_pipeline", "target_name": "dev", "connection_name": "create_kalshi_main"} */

    
        select type from duckdb_databases()
        where lower(database_name)='kalshi'
        and type='sqlite'
    
  
[0m17:34:15.961952 [debug] [ThreadPool]: Opening a new connection, currently in state closed
[0m17:34:15.962553 [debug] [ThreadPool]: SQL status: OK in 0.001 seconds
[0m17:34:15.963075 [debug] [ThreadPool]: Using duckdb connection "create_kalshi_main"
[0m17:34:15.963212 [debug] [ThreadPool]: On create_kalshi_main: BEGIN
[0m17:34:15.963520 [debug] [ThreadPool]: SQL status: OK in 0.000 seconds
[0m17:34:15.963712 [debug] [ThreadPool]: Using duckdb connection "create_kalshi_main"
[0m17:34:15.963839 [debug] [ThreadPool]: On create_kalshi_main: /* {"app": "dbt", "dbt_version": "1.10.4", "profile_name": "kalshi_pipeline", "target_name": "dev", "connection_name": "create_kalshi_main"} */

    
    
        create schema if not exists "kalshi"."main"
    
[0m17:34:15.964170 [debug] [ThreadPool]: SQL status: OK in 0.000 seconds
[0m17:34:15.964693 [debug] [ThreadPool]: On create_kalshi_main: COMMIT
[0m17:34:15.964837 [debug] [ThreadPool]: Using duckdb connection "create_kalshi_main"
[0m17:34:15.964958 [debug] [ThreadPool]: On create_kalshi_main: COMMIT
[0m17:34:15.965173 [debug] [ThreadPool]: SQL status: OK in 0.000 seconds
[0m17:34:15.965304 [debug] [ThreadPool]: On create_kalshi_main: Close
[0m17:34:15.965849 [debug] [ThreadPool]: Re-using an available connection from the pool (formerly create_kalshi_main, now list_kalshi_main)
[0m17:34:15.968128 [debug] [ThreadPool]: Using duckdb connection "list_kalshi_main"
[0m17:34:15.968263 [debug] [ThreadPool]: On list_kalshi_main: BEGIN
[0m17:34:15.968378 [debug] [ThreadPool]: Opening a new connection, currently in state closed
[0m17:34:15.968607 [debug] [ThreadPool]: SQL status: OK in 0.000 seconds
[0m17:34:15.968722 [debug] [ThreadPool]: Using duckdb connection "list_kalshi_main"
[0m17:34:15.968853 [debug] [ThreadPool]: On list_kalshi_main: /* {"app": "dbt", "dbt_version": "1.10.4", "profile_name": "kalshi_pipeline", "target_name": "dev", "connection_name": "list_kalshi_main"} */
select
      'kalshi' as database,
      table_name as name,
      table_schema as schema,
      CASE table_type
        WHEN 'BASE TABLE' THEN 'table'
        WHEN 'VIEW' THEN 'view'
        WHEN 'LOCAL TEMPORARY' THEN 'table'
        END as type
    from system.information_schema.tables
    where lower(table_schema) = 'main'
    and lower(table_catalog) = 'kalshi'
  
[0m17:34:15.971074 [debug] [ThreadPool]: SQL status: OK in 0.002 seconds
[0m17:34:15.971941 [debug] [ThreadPool]: On list_kalshi_main: ROLLBACK
[0m17:34:15.972841 [debug] [ThreadPool]: Failed to rollback 'list_kalshi_main'
[0m17:34:15.972980 [debug] [ThreadPool]: On list_kalshi_main: Close
[0m17:34:15.973358 [debug] [MainThread]: Sending event: {'category': 'dbt', 'action': 'runnable_timing', 'label': '484d3263-b7a8-4870-a535-964f212fec43', 'context': [<snowplow_tracker.self_describing_json.SelfDescribingJson object at 0x113763fb0>]}
[0m17:34:15.973573 [debug] [MainThread]: Using duckdb connection "master"
[0m17:34:15.973704 [debug] [MainThread]: On master: BEGIN
[0m17:34:15.973812 [debug] [MainThread]: Opening a new connection, currently in state init
[0m17:34:15.974082 [debug] [MainThread]: SQL status: OK in 0.000 seconds
[0m17:34:15.974201 [debug] [MainThread]: On master: COMMIT
[0m17:34:15.974322 [debug] [MainThread]: Using duckdb connection "master"
[0m17:34:15.974433 [debug] [MainThread]: On master: COMMIT
[0m17:34:15.974593 [debug] [MainThread]: SQL status: OK in 0.000 seconds
[0m17:34:15.974714 [debug] [MainThread]: On master: Close
[0m17:34:15.975947 [debug] [Thread-1 (]: Began running node model.kalshi_pipeline.stg_weather
[0m17:34:15.976172 [info ] [Thread-1 (]: 1 of 2 START sql table model main.stg_weather .................................. [RUN]
[0m17:34:15.976367 [debug] [Thread-1 (]: Re-using an available connection from the pool (formerly list_kalshi_main, now model.kalshi_pipeline.stg_weather)
[0m17:34:15.976614 [debug] [Thread-1 (]: Began compiling node model.kalshi_pipeline.stg_weather
[0m17:34:15.979546 [debug] [Thread-1 (]: Writing injected SQL for node "model.kalshi_pipeline.stg_weather"
[0m17:34:15.979904 [debug] [Thread-1 (]: Began executing node model.kalshi_pipeline.stg_weather
[0m17:34:15.992823 [debug] [Thread-1 (]: Writing runtime sql for node "model.kalshi_pipeline.stg_weather"
[0m17:34:15.993316 [debug] [Thread-1 (]: Using duckdb connection "model.kalshi_pipeline.stg_weather"
[0m17:34:15.993465 [debug] [Thread-1 (]: On model.kalshi_pipeline.stg_weather: BEGIN
[0m17:34:15.993593 [debug] [Thread-1 (]: Opening a new connection, currently in state closed
[0m17:34:15.994002 [debug] [Thread-1 (]: SQL status: OK in 0.000 seconds
[0m17:34:15.994146 [debug] [Thread-1 (]: Using duckdb connection "model.kalshi_pipeline.stg_weather"
[0m17:34:15.994301 [debug] [Thread-1 (]: On model.kalshi_pipeline.stg_weather: /* {"app": "dbt", "dbt_version": "1.10.4", "profile_name": "kalshi_pipeline", "target_name": "dev", "node_id": "model.kalshi_pipeline.stg_weather"} */

  
    
    

    create  table
      "kalshi"."main"."stg_weather__dbt_tmp"
  
    as (
      SELECT
    CAST(time AS TIMESTAMP) AS weather_timestamp,
    CAST(time AS DATE) AS weather_date,
    EXTRACT(HOUR FROM CAST(time AS TIMESTAMP)) AS hour_of_day,
    temperature_2m AS temp_f,
    relative_humidity_2m AS humidity,
    cloud_cover,
    precipitation
FROM '../data/raw_central_park_weather.parquet'
    );
  
  
[0m17:34:16.001745 [debug] [Thread-1 (]: SQL status: OK in 0.007 seconds
[0m17:34:16.003956 [debug] [Thread-1 (]: Using duckdb connection "model.kalshi_pipeline.stg_weather"
[0m17:34:16.004134 [debug] [Thread-1 (]: On model.kalshi_pipeline.stg_weather: /* {"app": "dbt", "dbt_version": "1.10.4", "profile_name": "kalshi_pipeline", "target_name": "dev", "node_id": "model.kalshi_pipeline.stg_weather"} */

    SELECT index_name
    FROM duckdb_indexes()
    WHERE schema_name = 'main'
      AND table_name = 'stg_weather'
  
[0m17:34:16.004523 [debug] [Thread-1 (]: SQL status: OK in 0.000 seconds
[0m17:34:16.005022 [debug] [Thread-1 (]: Using duckdb connection "model.kalshi_pipeline.stg_weather"
[0m17:34:16.005191 [debug] [Thread-1 (]: On model.kalshi_pipeline.stg_weather: /* {"app": "dbt", "dbt_version": "1.10.4", "profile_name": "kalshi_pipeline", "target_name": "dev", "node_id": "model.kalshi_pipeline.stg_weather"} */

    SELECT COUNT(*) as remaining_indexes
    FROM duckdb_indexes()
    WHERE schema_name = 'main'
      AND table_name = 'stg_weather'
  
[0m17:34:16.005625 [debug] [Thread-1 (]: SQL status: OK in 0.000 seconds
[0m17:34:16.008314 [debug] [Thread-1 (]: Using duckdb connection "model.kalshi_pipeline.stg_weather"
[0m17:34:16.008469 [debug] [Thread-1 (]: On model.kalshi_pipeline.stg_weather: /* {"app": "dbt", "dbt_version": "1.10.4", "profile_name": "kalshi_pipeline", "target_name": "dev", "node_id": "model.kalshi_pipeline.stg_weather"} */
alter table "kalshi"."main"."stg_weather" rename to "stg_weather__dbt_backup"
[0m17:34:16.008978 [debug] [Thread-1 (]: SQL status: OK in 0.000 seconds
[0m17:34:16.010065 [debug] [Thread-1 (]: Using duckdb connection "model.kalshi_pipeline.stg_weather"
[0m17:34:16.010207 [debug] [Thread-1 (]: On model.kalshi_pipeline.stg_weather: /* {"app": "dbt", "dbt_version": "1.10.4", "profile_name": "kalshi_pipeline", "target_name": "dev", "node_id": "model.kalshi_pipeline.stg_weather"} */
alter table "kalshi"."main"."stg_weather__dbt_tmp" rename to "stg_weather"
[0m17:34:16.010435 [debug] [Thread-1 (]: SQL status: OK in 0.000 seconds
[0m17:34:16.016137 [debug] [Thread-1 (]: On model.kalshi_pipeline.stg_weather: COMMIT
[0m17:34:16.016296 [debug] [Thread-1 (]: Using duckdb connection "model.kalshi_pipeline.stg_weather"
[0m17:34:16.016438 [debug] [Thread-1 (]: On model.kalshi_pipeline.stg_weather: COMMIT
[0m17:34:16.017734 [debug] [Thread-1 (]: SQL status: OK in 0.001 seconds
[0m17:34:16.019743 [debug] [Thread-1 (]: Using duckdb connection "model.kalshi_pipeline.stg_weather"
[0m17:34:16.019889 [debug] [Thread-1 (]: On model.kalshi_pipeline.stg_weather: /* {"app": "dbt", "dbt_version": "1.10.4", "profile_name": "kalshi_pipeline", "target_name": "dev", "node_id": "model.kalshi_pipeline.stg_weather"} */

      drop table if exists "kalshi"."main"."stg_weather__dbt_backup" cascade
    
[0m17:34:16.020276 [debug] [Thread-1 (]: SQL status: OK in 0.000 seconds
[0m17:34:16.021266 [debug] [Thread-1 (]: On model.kalshi_pipeline.stg_weather: Close
[0m17:34:16.022171 [debug] [Thread-1 (]: Sending event: {'category': 'dbt', 'action': 'run_model', 'label': '484d3263-b7a8-4870-a535-964f212fec43', 'context': [<snowplow_tracker.self_describing_json.SelfDescribingJson object at 0x11435c7d0>]}
[0m17:34:16.022440 [info ] [Thread-1 (]: 1 of 2 OK created sql table model main.stg_weather ............................. [[32mOK[0m in 0.05s]
[0m17:34:16.022692 [debug] [Thread-1 (]: Finished running node model.kalshi_pipeline.stg_weather
[0m17:34:16.023060 [debug] [Thread-1 (]: Began running node model.kalshi_pipeline.fct_kalshi_features
[0m17:34:16.023300 [info ] [Thread-1 (]: 2 of 2 START sql table model main.fct_kalshi_features .......................... [RUN]
[0m17:34:16.023502 [debug] [Thread-1 (]: Re-using an available connection from the pool (formerly model.kalshi_pipeline.stg_weather, now model.kalshi_pipeline.fct_kalshi_features)
[0m17:34:16.023656 [debug] [Thread-1 (]: Began compiling node model.kalshi_pipeline.fct_kalshi_features
[0m17:34:16.025394 [debug] [Thread-1 (]: Writing injected SQL for node "model.kalshi_pipeline.fct_kalshi_features"
[0m17:34:16.025662 [debug] [Thread-1 (]: Began executing node model.kalshi_pipeline.fct_kalshi_features
[0m17:34:16.026858 [debug] [Thread-1 (]: Writing runtime sql for node "model.kalshi_pipeline.fct_kalshi_features"
[0m17:34:16.027115 [debug] [Thread-1 (]: Using duckdb connection "model.kalshi_pipeline.fct_kalshi_features"
[0m17:34:16.027256 [debug] [Thread-1 (]: On model.kalshi_pipeline.fct_kalshi_features: BEGIN
[0m17:34:16.027392 [debug] [Thread-1 (]: Opening a new connection, currently in state closed
[0m17:34:16.027639 [debug] [Thread-1 (]: SQL status: OK in 0.000 seconds
[0m17:34:16.027778 [debug] [Thread-1 (]: Using duckdb connection "model.kalshi_pipeline.fct_kalshi_features"
[0m17:34:16.027945 [debug] [Thread-1 (]: On model.kalshi_pipeline.fct_kalshi_features: /* {"app": "dbt", "dbt_version": "1.10.4", "profile_name": "kalshi_pipeline", "target_name": "dev", "node_id": "model.kalshi_pipeline.fct_kalshi_features"} */

  
    
    

    create  table
      "kalshi"."main"."fct_kalshi_features__dbt_tmp"
  
    as (
      WITH hourly_data AS (
    SELECT * FROM "kalshi"."main"."stg_weather"
),

target_temp AS (
    -- The Kalshi settlement hour (e.g., 4:00 PM / Hour 16)
    SELECT
        weather_date,
        temp_f AS target_temp_4pm
    FROM hourly_data
    WHERE hour_of_day = 18
),

morning_features AS (
    -- The data available to you when placing a morning trade (11:00 AM)
    SELECT
        weather_date,
        temp_f AS morning_temp_11am,
        cloud_cover AS morning_cloud_cover_11am
    FROM hourly_data
    WHERE hour_of_day = 13
)

SELECT
    t.weather_date,
    t.target_temp_4pm,
    m.morning_temp_11am,
    m.morning_cloud_cover_11am,
    LAG(t.target_temp_4pm) OVER (ORDER BY t.weather_date) AS yesterday_4pm_temp
FROM target_temp t
JOIN morning_features m 
    ON t.weather_date = m.weather_date
ORDER BY t.weather_date DESC
    );
  
  
[0m17:34:16.034412 [debug] [Thread-1 (]: SQL status: OK in 0.006 seconds
[0m17:34:16.034939 [debug] [Thread-1 (]: Using duckdb connection "model.kalshi_pipeline.fct_kalshi_features"
[0m17:34:16.035083 [debug] [Thread-1 (]: On model.kalshi_pipeline.fct_kalshi_features: /* {"app": "dbt", "dbt_version": "1.10.4", "profile_name": "kalshi_pipeline", "target_name": "dev", "node_id": "model.kalshi_pipeline.fct_kalshi_features"} */

    SELECT index_name
    FROM duckdb_indexes()
    WHERE schema_name = 'main'
      AND table_name = 'fct_kalshi_features'
  
[0m17:34:16.035443 [debug] [Thread-1 (]: SQL status: OK in 0.000 seconds
[0m17:34:16.035917 [debug] [Thread-1 (]: Using duckdb connection "model.kalshi_pipeline.fct_kalshi_features"
[0m17:34:16.036054 [debug] [Thread-1 (]: On model.kalshi_pipeline.fct_kalshi_features: /* {"app": "dbt", "dbt_version": "1.10.4", "profile_name": "kalshi_pipeline", "target_name": "dev", "node_id": "model.kalshi_pipeline.fct_kalshi_features"} */

    SELECT COUNT(*) as remaining_indexes
    FROM duckdb_indexes()
    WHERE schema_name = 'main'
      AND table_name = 'fct_kalshi_features'
  
[0m17:34:16.036372 [debug] [Thread-1 (]: SQL status: OK in 0.000 seconds
[0m17:34:16.037659 [debug] [Thread-1 (]: Using duckdb connection "model.kalshi_pipeline.fct_kalshi_features"
[0m17:34:16.037812 [debug] [Thread-1 (]: On model.kalshi_pipeline.fct_kalshi_features: /* {"app": "dbt", "dbt_version": "1.10.4", "profile_name": "kalshi_pipeline", "target_name": "dev", "node_id": "model.kalshi_pipeline.fct_kalshi_features"} */
alter table "kalshi"."main"."fct_kalshi_features" rename to "fct_kalshi_features__dbt_backup"
[0m17:34:16.038061 [debug] [Thread-1 (]: SQL status: OK in 0.000 seconds
[0m17:34:16.039268 [debug] [Thread-1 (]: Using duckdb connection "model.kalshi_pipeline.fct_kalshi_features"
[0m17:34:16.039459 [debug] [Thread-1 (]: On model.kalshi_pipeline.fct_kalshi_features: /* {"app": "dbt", "dbt_version": "1.10.4", "profile_name": "kalshi_pipeline", "target_name": "dev", "node_id": "model.kalshi_pipeline.fct_kalshi_features"} */
alter table "kalshi"."main"."fct_kalshi_features__dbt_tmp" rename to "fct_kalshi_features"
[0m17:34:16.039740 [debug] [Thread-1 (]: SQL status: OK in 0.000 seconds
[0m17:34:16.040487 [debug] [Thread-1 (]: On model.kalshi_pipeline.fct_kalshi_features: COMMIT
[0m17:34:16.040628 [debug] [Thread-1 (]: Using duckdb connection "model.kalshi_pipeline.fct_kalshi_features"
[0m17:34:16.040753 [debug] [Thread-1 (]: On model.kalshi_pipeline.fct_kalshi_features: COMMIT
[0m17:34:16.041185 [debug] [Thread-1 (]: SQL status: OK in 0.000 seconds
[0m17:34:16.042029 [debug] [Thread-1 (]: Using duckdb connection "model.kalshi_pipeline.fct_kalshi_features"
[0m17:34:16.042169 [debug] [Thread-1 (]: On model.kalshi_pipeline.fct_kalshi_features: /* {"app": "dbt", "dbt_version": "1.10.4", "profile_name": "kalshi_pipeline", "target_name": "dev", "node_id": "model.kalshi_pipeline.fct_kalshi_features"} */

      drop table if exists "kalshi"."main"."fct_kalshi_features__dbt_backup" cascade
    
[0m17:34:16.042470 [debug] [Thread-1 (]: SQL status: OK in 0.000 seconds
[0m17:34:16.042987 [debug] [Thread-1 (]: On model.kalshi_pipeline.fct_kalshi_features: Close
[0m17:34:16.043213 [debug] [Thread-1 (]: Sending event: {'category': 'dbt', 'action': 'run_model', 'label': '484d3263-b7a8-4870-a535-964f212fec43', 'context': [<snowplow_tracker.self_describing_json.SelfDescribingJson object at 0x114dfe120>]}
[0m17:34:16.043453 [info ] [Thread-1 (]: 2 of 2 OK created sql table model main.fct_kalshi_features ..................... [[32mOK[0m in 0.02s]
[0m17:34:16.043690 [debug] [Thread-1 (]: Finished running node model.kalshi_pipeline.fct_kalshi_features
[0m17:34:16.044175 [debug] [MainThread]: Using duckdb connection "master"
[0m17:34:16.044318 [debug] [MainThread]: On master: BEGIN
[0m17:34:16.044438 [debug] [MainThread]: Opening a new connection, currently in state closed
[0m17:34:16.044675 [debug] [MainThread]: SQL status: OK in 0.000 seconds
[0m17:34:16.044800 [debug] [MainThread]: On master: COMMIT
[0m17:34:16.044917 [debug] [MainThread]: Using duckdb connection "master"
[0m17:34:16.045033 [debug] [MainThread]: On master: COMMIT
[0m17:34:16.045193 [debug] [MainThread]: SQL status: OK in 0.000 seconds
[0m17:34:16.045311 [debug] [MainThread]: On master: Close
[0m17:34:16.045459 [debug] [MainThread]: Connection 'master' was properly closed.
[0m17:34:16.045582 [debug] [MainThread]: Connection 'model.kalshi_pipeline.fct_kalshi_features' was properly closed.
[0m17:34:16.045721 [info ] [MainThread]: 
[0m17:34:16.045866 [info ] [MainThread]: Finished running 2 table models in 0 hours 0 minutes and 0.13 seconds (0.13s).
[0m17:34:16.046178 [debug] [MainThread]: Command end result
[0m17:34:16.054084 [debug] [MainThread]: Wrote artifact WritableManifest to /Users/allisonfung/weather/kalshi_pipeline/target/manifest.json
[0m17:34:16.054931 [debug] [MainThread]: Wrote artifact SemanticManifest to /Users/allisonfung/weather/kalshi_pipeline/target/semantic_manifest.json
[0m17:34:16.057590 [debug] [MainThread]: Wrote artifact RunExecutionResult to /Users/allisonfung/weather/kalshi_pipeline/target/run_results.json
[0m17:34:16.057776 [info ] [MainThread]: 
[0m17:34:16.057954 [info ] [MainThread]: [32mCompleted successfully[0m
[0m17:34:16.058089 [info ] [MainThread]: 
[0m17:34:16.058241 [info ] [MainThread]: Done. PASS=2 WARN=0 ERROR=0 SKIP=0 NO-OP=0 TOTAL=2
[0m17:34:16.060096 [debug] [MainThread]: Resource report: {"command_name": "run", "command_success": true, "command_wall_clock_time": 0.5865336, "process_in_blocks": "0", "process_kernel_time": 0.156639, "process_mem_max_rss": "163201024", "process_out_blocks": "0", "process_user_time": 0.956167}
[0m17:34:16.060327 [debug] [MainThread]: Command `dbt run` succeeded at 17:34:16.060293 after 0.59 seconds
[0m17:34:16.060495 [debug] [MainThread]: Sending event: {'category': 'dbt', 'action': 'invocation', 'label': 'end', 'context': [<snowplow_tracker.self_describing_json.SelfDescribingJson object at 0x113569130>, <snowplow_tracker.self_describing_json.SelfDescribingJson object at 0x1119ec800>, <snowplow_tracker.self_describing_json.SelfDescribingJson object at 0x1119edd60>]}
[0m17:34:16.060640 [debug] [MainThread]: Flushing usage events
[0m17:34:16.183153 [debug] [MainThread]: An error was encountered while trying to flush usage events
[0m17:34:38.439228 [debug] [MainThread]: Sending event: {'category': 'dbt', 'action': 'invocation', 'label': 'start', 'context': [<snowplow_tracker.self_describing_json.SelfDescribingJson object at 0x11a2358b0>, <snowplow_tracker.self_describing_json.SelfDescribingJson object at 0x119da8c50>, <snowplow_tracker.self_describing_json.SelfDescribingJson object at 0x119da8d40>]}


============================== 17:34:38.442032 | 48e0b7a1-0af5-4c3b-add7-8750546590ea ==============================
[0m17:34:38.442032 [info ] [MainThread]: Running with dbt=1.10.4
[0m17:34:38.442342 [debug] [MainThread]: running dbt with arguments {'printer_width': '80', 'indirect_selection': 'eager', 'log_cache_events': 'False', 'write_json': 'True', 'partial_parse': 'True', 'cache_selected_only': 'False', 'profiles_dir': '/Users/allisonfung/weather/kalshi_pipeline', 'debug': 'False', 'version_check': 'True', 'log_path': '/Users/allisonfung/weather/kalshi_pipeline/logs', 'warn_error': 'None', 'fail_fast': 'False', 'use_colors': 'True', 'use_experimental_parser': 'False', 'empty': 'False', 'quiet': 'False', 'no_print': 'None', 'warn_error_options': 'WarnErrorOptionsV2(error=[], warn=[], silence=[])', 'introspect': 'True', 'log_format': 'default', 'invocation_command': 'dbt run', 'target_path': 'None', 'static_parser': 'True', 'send_anonymous_usage_stats': 'True'}
[0m17:34:38.531459 [debug] [MainThread]: Sending event: {'category': 'dbt', 'action': 'project_id', 'label': '48e0b7a1-0af5-4c3b-add7-8750546590ea', 'context': [<snowplow_tracker.self_describing_json.SelfDescribingJson object at 0x11afc01a0>]}
[0m17:34:38.555056 [debug] [MainThread]: Sending event: {'category': 'dbt', 'action': 'adapter_info', 'label': '48e0b7a1-0af5-4c3b-add7-8750546590ea', 'context': [<snowplow_tracker.self_describing_json.SelfDescribingJson object at 0x11ad41550>]}
[0m17:34:38.556664 [info ] [MainThread]: Registered adapter: duckdb=1.10.0
[0m17:34:38.612371 [debug] [MainThread]: checksum: 073cb5a296270136b24f9c040fdebd0642ef9c263903ef463bfe7e190c538da2, vars: {}, profile: , target: , version: 1.10.4
[0m17:34:38.719049 [debug] [MainThread]: Partial parsing enabled: 0 files deleted, 0 files added, 1 files changed.
[0m17:34:38.719461 [debug] [MainThread]: Partial parsing: updated file: kalshi_pipeline://models/fct_kalshi_features.sql
[0m17:34:38.824975 [debug] [MainThread]: Sending event: {'category': 'dbt', 'action': 'load_project', 'label': '48e0b7a1-0af5-4c3b-add7-8750546590ea', 'context': [<snowplow_tracker.self_describing_json.SelfDescribingJson object at 0x11e3a3320>]}
[0m17:34:38.852727 [debug] [MainThread]: Wrote artifact WritableManifest to /Users/allisonfung/weather/kalshi_pipeline/target/manifest.json
[0m17:34:38.853775 [debug] [MainThread]: Wrote artifact SemanticManifest to /Users/allisonfung/weather/kalshi_pipeline/target/semantic_manifest.json
[0m17:34:38.863618 [debug] [MainThread]: Sending event: {'category': 'dbt', 'action': 'resource_counts', 'label': '48e0b7a1-0af5-4c3b-add7-8750546590ea', 'context': [<snowplow_tracker.self_describing_json.SelfDescribingJson object at 0x11e13ef90>]}
[0m17:34:38.863849 [info ] [MainThread]: Found 2 models, 1 source, 443 macros
[0m17:34:38.864008 [debug] [MainThread]: Sending event: {'category': 'dbt', 'action': 'runnable_timing', 'label': '48e0b7a1-0af5-4c3b-add7-8750546590ea', 'context': [<snowplow_tracker.self_describing_json.SelfDescribingJson object at 0x11e03ec60>]}
[0m17:34:38.864735 [info ] [MainThread]: 
[0m17:34:38.864894 [info ] [MainThread]: Concurrency: 1 threads (target='dev')
[0m17:34:38.865016 [info ] [MainThread]: 
[0m17:34:38.865251 [debug] [MainThread]: Acquiring new duckdb connection 'master'
[0m17:34:38.867110 [debug] [ThreadPool]: Acquiring new duckdb connection 'list_kalshi'
[0m17:34:38.891790 [debug] [ThreadPool]: Using duckdb connection "list_kalshi"
[0m17:34:38.892014 [debug] [ThreadPool]: On list_kalshi: /* {"app": "dbt", "dbt_version": "1.10.4", "profile_name": "kalshi_pipeline", "target_name": "dev", "connection_name": "list_kalshi"} */

    
    select schema_name
    from system.information_schema.schemata
    
    where lower(catalog_name) = '"kalshi"'
    
  
  
[0m17:34:38.892152 [debug] [ThreadPool]: Opening a new connection, currently in state init
[0m17:34:38.898837 [debug] [ThreadPool]: SQL status: OK in 0.007 seconds
[0m17:34:38.899456 [debug] [ThreadPool]: On list_kalshi: Close
[0m17:34:38.899763 [debug] [ThreadPool]: Re-using an available connection from the pool (formerly list_kalshi, now create_kalshi_main)
[0m17:34:38.899971 [debug] [ThreadPool]: Creating schema "database: "kalshi"
schema: "main"
"
[0m17:34:38.902778 [debug] [ThreadPool]: Using duckdb connection "create_kalshi_main"
[0m17:34:38.902920 [debug] [ThreadPool]: On create_kalshi_main: /* {"app": "dbt", "dbt_version": "1.10.4", "profile_name": "kalshi_pipeline", "target_name": "dev", "connection_name": "create_kalshi_main"} */

    
        select type from duckdb_databases()
        where lower(database_name)='kalshi'
        and type='sqlite'
    
  
[0m17:34:38.903034 [debug] [ThreadPool]: Opening a new connection, currently in state closed
[0m17:34:38.903422 [debug] [ThreadPool]: SQL status: OK in 0.000 seconds
[0m17:34:38.903893 [debug] [ThreadPool]: Using duckdb connection "create_kalshi_main"
[0m17:34:38.904023 [debug] [ThreadPool]: On create_kalshi_main: BEGIN
[0m17:34:38.904209 [debug] [ThreadPool]: SQL status: OK in 0.000 seconds
[0m17:34:38.904321 [debug] [ThreadPool]: Using duckdb connection "create_kalshi_main"
[0m17:34:38.904432 [debug] [ThreadPool]: On create_kalshi_main: /* {"app": "dbt", "dbt_version": "1.10.4", "profile_name": "kalshi_pipeline", "target_name": "dev", "connection_name": "create_kalshi_main"} */

    
    
        create schema if not exists "kalshi"."main"
    
[0m17:34:38.904621 [debug] [ThreadPool]: SQL status: OK in 0.000 seconds
[0m17:34:38.904934 [debug] [ThreadPool]: On create_kalshi_main: COMMIT
[0m17:34:38.905063 [debug] [ThreadPool]: Using duckdb connection "create_kalshi_main"
[0m17:34:38.905174 [debug] [ThreadPool]: On create_kalshi_main: COMMIT
[0m17:34:38.905341 [debug] [ThreadPool]: SQL status: OK in 0.000 seconds
[0m17:34:38.905460 [debug] [ThreadPool]: On create_kalshi_main: Close
[0m17:34:38.905950 [debug] [ThreadPool]: Re-using an available connection from the pool (formerly create_kalshi_main, now list_kalshi_main)
[0m17:34:38.908152 [debug] [ThreadPool]: Using duckdb connection "list_kalshi_main"
[0m17:34:38.908328 [debug] [ThreadPool]: On list_kalshi_main: BEGIN
[0m17:34:38.908455 [debug] [ThreadPool]: Opening a new connection, currently in state closed
[0m17:34:38.908694 [debug] [ThreadPool]: SQL status: OK in 0.000 seconds
[0m17:34:38.908809 [debug] [ThreadPool]: Using duckdb connection "list_kalshi_main"
[0m17:34:38.908923 [debug] [ThreadPool]: On list_kalshi_main: /* {"app": "dbt", "dbt_version": "1.10.4", "profile_name": "kalshi_pipeline", "target_name": "dev", "connection_name": "list_kalshi_main"} */
select
      'kalshi' as database,
      table_name as name,
      table_schema as schema,
      CASE table_type
        WHEN 'BASE TABLE' THEN 'table'
        WHEN 'VIEW' THEN 'view'
        WHEN 'LOCAL TEMPORARY' THEN 'table'
        END as type
    from system.information_schema.tables
    where lower(table_schema) = 'main'
    and lower(table_catalog) = 'kalshi'
  
[0m17:34:38.910468 [debug] [ThreadPool]: SQL status: OK in 0.001 seconds
[0m17:34:38.911022 [debug] [ThreadPool]: On list_kalshi_main: ROLLBACK
[0m17:34:38.911909 [debug] [ThreadPool]: Failed to rollback 'list_kalshi_main'
[0m17:34:38.912031 [debug] [ThreadPool]: On list_kalshi_main: Close
[0m17:34:38.912376 [debug] [MainThread]: Sending event: {'category': 'dbt', 'action': 'runnable_timing', 'label': '48e0b7a1-0af5-4c3b-add7-8750546590ea', 'context': [<snowplow_tracker.self_describing_json.SelfDescribingJson object at 0x11e1e3fe0>]}
[0m17:34:38.912551 [debug] [MainThread]: Using duckdb connection "master"
[0m17:34:38.912664 [debug] [MainThread]: On master: BEGIN
[0m17:34:38.912768 [debug] [MainThread]: Opening a new connection, currently in state init
[0m17:34:38.912973 [debug] [MainThread]: SQL status: OK in 0.000 seconds
[0m17:34:38.913096 [debug] [MainThread]: On master: COMMIT
[0m17:34:38.913214 [debug] [MainThread]: Using duckdb connection "master"
[0m17:34:38.913329 [debug] [MainThread]: On master: COMMIT
[0m17:34:38.913483 [debug] [MainThread]: SQL status: OK in 0.000 seconds
[0m17:34:38.913605 [debug] [MainThread]: On master: Close
[0m17:34:38.914736 [debug] [Thread-1 (]: Began running node model.kalshi_pipeline.stg_weather
[0m17:34:38.914976 [info ] [Thread-1 (]: 1 of 2 START sql table model main.stg_weather .................................. [RUN]
[0m17:34:38.915184 [debug] [Thread-1 (]: Re-using an available connection from the pool (formerly list_kalshi_main, now model.kalshi_pipeline.stg_weather)
[0m17:34:38.915449 [debug] [Thread-1 (]: Began compiling node model.kalshi_pipeline.stg_weather
[0m17:34:38.918460 [debug] [Thread-1 (]: Writing injected SQL for node "model.kalshi_pipeline.stg_weather"
[0m17:34:38.918846 [debug] [Thread-1 (]: Began executing node model.kalshi_pipeline.stg_weather
[0m17:34:38.931927 [debug] [Thread-1 (]: Writing runtime sql for node "model.kalshi_pipeline.stg_weather"
[0m17:34:38.932470 [debug] [Thread-1 (]: Using duckdb connection "model.kalshi_pipeline.stg_weather"
[0m17:34:38.932637 [debug] [Thread-1 (]: On model.kalshi_pipeline.stg_weather: BEGIN
[0m17:34:38.932780 [debug] [Thread-1 (]: Opening a new connection, currently in state closed
[0m17:34:38.933133 [debug] [Thread-1 (]: SQL status: OK in 0.000 seconds
[0m17:34:38.933279 [debug] [Thread-1 (]: Using duckdb connection "model.kalshi_pipeline.stg_weather"
[0m17:34:38.933428 [debug] [Thread-1 (]: On model.kalshi_pipeline.stg_weather: /* {"app": "dbt", "dbt_version": "1.10.4", "profile_name": "kalshi_pipeline", "target_name": "dev", "node_id": "model.kalshi_pipeline.stg_weather"} */

  
    
    

    create  table
      "kalshi"."main"."stg_weather__dbt_tmp"
  
    as (
      SELECT
    CAST(time AS TIMESTAMP) AS weather_timestamp,
    CAST(time AS DATE) AS weather_date,
    EXTRACT(HOUR FROM CAST(time AS TIMESTAMP)) AS hour_of_day,
    temperature_2m AS temp_f,
    relative_humidity_2m AS humidity,
    cloud_cover,
    precipitation
FROM '../data/raw_central_park_weather.parquet'
    );
  
  
[0m17:34:38.937706 [debug] [Thread-1 (]: SQL status: OK in 0.004 seconds
[0m17:34:38.940315 [debug] [Thread-1 (]: Using duckdb connection "model.kalshi_pipeline.stg_weather"
[0m17:34:38.940503 [debug] [Thread-1 (]: On model.kalshi_pipeline.stg_weather: /* {"app": "dbt", "dbt_version": "1.10.4", "profile_name": "kalshi_pipeline", "target_name": "dev", "node_id": "model.kalshi_pipeline.stg_weather"} */

    SELECT index_name
    FROM duckdb_indexes()
    WHERE schema_name = 'main'
      AND table_name = 'stg_weather'
  
[0m17:34:38.940981 [debug] [Thread-1 (]: SQL status: OK in 0.000 seconds
[0m17:34:38.941471 [debug] [Thread-1 (]: Using duckdb connection "model.kalshi_pipeline.stg_weather"
[0m17:34:38.941615 [debug] [Thread-1 (]: On model.kalshi_pipeline.stg_weather: /* {"app": "dbt", "dbt_version": "1.10.4", "profile_name": "kalshi_pipeline", "target_name": "dev", "node_id": "model.kalshi_pipeline.stg_weather"} */

    SELECT COUNT(*) as remaining_indexes
    FROM duckdb_indexes()
    WHERE schema_name = 'main'
      AND table_name = 'stg_weather'
  
[0m17:34:38.941972 [debug] [Thread-1 (]: SQL status: OK in 0.000 seconds
[0m17:34:38.944624 [debug] [Thread-1 (]: Using duckdb connection "model.kalshi_pipeline.stg_weather"
[0m17:34:38.944796 [debug] [Thread-1 (]: On model.kalshi_pipeline.stg_weather: /* {"app": "dbt", "dbt_version": "1.10.4", "profile_name": "kalshi_pipeline", "target_name": "dev", "node_id": "model.kalshi_pipeline.stg_weather"} */
alter table "kalshi"."main"."stg_weather" rename to "stg_weather__dbt_backup"
[0m17:34:38.945083 [debug] [Thread-1 (]: SQL status: OK in 0.000 seconds
[0m17:34:38.946167 [debug] [Thread-1 (]: Using duckdb connection "model.kalshi_pipeline.stg_weather"
[0m17:34:38.946309 [debug] [Thread-1 (]: On model.kalshi_pipeline.stg_weather: /* {"app": "dbt", "dbt_version": "1.10.4", "profile_name": "kalshi_pipeline", "target_name": "dev", "node_id": "model.kalshi_pipeline.stg_weather"} */
alter table "kalshi"."main"."stg_weather__dbt_tmp" rename to "stg_weather"
[0m17:34:38.946537 [debug] [Thread-1 (]: SQL status: OK in 0.000 seconds
[0m17:34:38.952334 [debug] [Thread-1 (]: On model.kalshi_pipeline.stg_weather: COMMIT
[0m17:34:38.952506 [debug] [Thread-1 (]: Using duckdb connection "model.kalshi_pipeline.stg_weather"
[0m17:34:38.952658 [debug] [Thread-1 (]: On model.kalshi_pipeline.stg_weather: COMMIT
[0m17:34:38.953839 [debug] [Thread-1 (]: SQL status: OK in 0.001 seconds
[0m17:34:38.955980 [debug] [Thread-1 (]: Using duckdb connection "model.kalshi_pipeline.stg_weather"
[0m17:34:38.956136 [debug] [Thread-1 (]: On model.kalshi_pipeline.stg_weather: /* {"app": "dbt", "dbt_version": "1.10.4", "profile_name": "kalshi_pipeline", "target_name": "dev", "node_id": "model.kalshi_pipeline.stg_weather"} */

      drop table if exists "kalshi"."main"."stg_weather__dbt_backup" cascade
    
[0m17:34:38.956485 [debug] [Thread-1 (]: SQL status: OK in 0.000 seconds
[0m17:34:38.957404 [debug] [Thread-1 (]: On model.kalshi_pipeline.stg_weather: Close
[0m17:34:38.958269 [debug] [Thread-1 (]: Sending event: {'category': 'dbt', 'action': 'run_model', 'label': '48e0b7a1-0af5-4c3b-add7-8750546590ea', 'context': [<snowplow_tracker.self_describing_json.SelfDescribingJson object at 0x119d40980>]}
[0m17:34:38.958544 [info ] [Thread-1 (]: 1 of 2 OK created sql table model main.stg_weather ............................. [[32mOK[0m in 0.04s]
[0m17:34:38.958806 [debug] [Thread-1 (]: Finished running node model.kalshi_pipeline.stg_weather
[0m17:34:38.959141 [debug] [Thread-1 (]: Began running node model.kalshi_pipeline.fct_kalshi_features
[0m17:34:38.959376 [info ] [Thread-1 (]: 2 of 2 START sql table model main.fct_kalshi_features .......................... [RUN]
[0m17:34:38.959603 [debug] [Thread-1 (]: Re-using an available connection from the pool (formerly model.kalshi_pipeline.stg_weather, now model.kalshi_pipeline.fct_kalshi_features)
[0m17:34:38.959772 [debug] [Thread-1 (]: Began compiling node model.kalshi_pipeline.fct_kalshi_features
[0m17:34:38.961550 [debug] [Thread-1 (]: Writing injected SQL for node "model.kalshi_pipeline.fct_kalshi_features"
[0m17:34:38.961875 [debug] [Thread-1 (]: Began executing node model.kalshi_pipeline.fct_kalshi_features
[0m17:34:38.963094 [debug] [Thread-1 (]: Writing runtime sql for node "model.kalshi_pipeline.fct_kalshi_features"
[0m17:34:38.963378 [debug] [Thread-1 (]: Using duckdb connection "model.kalshi_pipeline.fct_kalshi_features"
[0m17:34:38.963521 [debug] [Thread-1 (]: On model.kalshi_pipeline.fct_kalshi_features: BEGIN
[0m17:34:38.963665 [debug] [Thread-1 (]: Opening a new connection, currently in state closed
[0m17:34:38.963939 [debug] [Thread-1 (]: SQL status: OK in 0.000 seconds
[0m17:34:38.964083 [debug] [Thread-1 (]: Using duckdb connection "model.kalshi_pipeline.fct_kalshi_features"
[0m17:34:38.964261 [debug] [Thread-1 (]: On model.kalshi_pipeline.fct_kalshi_features: /* {"app": "dbt", "dbt_version": "1.10.4", "profile_name": "kalshi_pipeline", "target_name": "dev", "node_id": "model.kalshi_pipeline.fct_kalshi_features"} */

  
    
    

    create  table
      "kalshi"."main"."fct_kalshi_features__dbt_tmp"
  
    as (
      WITH hourly_data AS (
    SELECT * FROM "kalshi"."main"."stg_weather"
),

target_temp AS (
    -- The Kalshi settlement hour (e.g., 4:00 PM / Hour 16)
    SELECT
        weather_date,
        temp_f AS target_temp_4pm
    FROM hourly_data
    WHERE hour_of_day = 18
),

morning_features AS (
    -- The data available to you when placing a morning trade (11:00 AM)
    SELECT
        weather_date,
        temp_f AS morning_temp_11am,
        cloud_cover AS morning_cloud_cover_11am
    FROM hourly_data
    WHERE hour_of_day = 14
)

SELECT
    t.weather_date,
    t.target_temp_4pm,
    m.morning_temp_11am,
    m.morning_cloud_cover_11am,
    LAG(t.target_temp_4pm) OVER (ORDER BY t.weather_date) AS yesterday_4pm_temp
FROM target_temp t
JOIN morning_features m 
    ON t.weather_date = m.weather_date
ORDER BY t.weather_date DESC
    );
  
  
[0m17:34:38.966369 [debug] [Thread-1 (]: SQL status: OK in 0.002 seconds
[0m17:34:38.966920 [debug] [Thread-1 (]: Using duckdb connection "model.kalshi_pipeline.fct_kalshi_features"
[0m17:34:38.967087 [debug] [Thread-1 (]: On model.kalshi_pipeline.fct_kalshi_features: /* {"app": "dbt", "dbt_version": "1.10.4", "profile_name": "kalshi_pipeline", "target_name": "dev", "node_id": "model.kalshi_pipeline.fct_kalshi_features"} */

    SELECT index_name
    FROM duckdb_indexes()
    WHERE schema_name = 'main'
      AND table_name = 'fct_kalshi_features'
  
[0m17:34:38.967496 [debug] [Thread-1 (]: SQL status: OK in 0.000 seconds
[0m17:34:38.968067 [debug] [Thread-1 (]: Using duckdb connection "model.kalshi_pipeline.fct_kalshi_features"
[0m17:34:38.968229 [debug] [Thread-1 (]: On model.kalshi_pipeline.fct_kalshi_features: /* {"app": "dbt", "dbt_version": "1.10.4", "profile_name": "kalshi_pipeline", "target_name": "dev", "node_id": "model.kalshi_pipeline.fct_kalshi_features"} */

    SELECT COUNT(*) as remaining_indexes
    FROM duckdb_indexes()
    WHERE schema_name = 'main'
      AND table_name = 'fct_kalshi_features'
  
[0m17:34:38.968631 [debug] [Thread-1 (]: SQL status: OK in 0.000 seconds
[0m17:34:38.969935 [debug] [Thread-1 (]: Using duckdb connection "model.kalshi_pipeline.fct_kalshi_features"
[0m17:34:38.970093 [debug] [Thread-1 (]: On model.kalshi_pipeline.fct_kalshi_features: /* {"app": "dbt", "dbt_version": "1.10.4", "profile_name": "kalshi_pipeline", "target_name": "dev", "node_id": "model.kalshi_pipeline.fct_kalshi_features"} */
alter table "kalshi"."main"."fct_kalshi_features" rename to "fct_kalshi_features__dbt_backup"
[0m17:34:38.970385 [debug] [Thread-1 (]: SQL status: OK in 0.000 seconds
[0m17:34:38.971562 [debug] [Thread-1 (]: Using duckdb connection "model.kalshi_pipeline.fct_kalshi_features"
[0m17:34:38.971709 [debug] [Thread-1 (]: On model.kalshi_pipeline.fct_kalshi_features: /* {"app": "dbt", "dbt_version": "1.10.4", "profile_name": "kalshi_pipeline", "target_name": "dev", "node_id": "model.kalshi_pipeline.fct_kalshi_features"} */
alter table "kalshi"."main"."fct_kalshi_features__dbt_tmp" rename to "fct_kalshi_features"
[0m17:34:38.971954 [debug] [Thread-1 (]: SQL status: OK in 0.000 seconds
[0m17:34:38.972655 [debug] [Thread-1 (]: On model.kalshi_pipeline.fct_kalshi_features: COMMIT
[0m17:34:38.972793 [debug] [Thread-1 (]: Using duckdb connection "model.kalshi_pipeline.fct_kalshi_features"
[0m17:34:38.972921 [debug] [Thread-1 (]: On model.kalshi_pipeline.fct_kalshi_features: COMMIT
[0m17:34:38.973316 [debug] [Thread-1 (]: SQL status: OK in 0.000 seconds
[0m17:34:38.974153 [debug] [Thread-1 (]: Using duckdb connection "model.kalshi_pipeline.fct_kalshi_features"
[0m17:34:38.974299 [debug] [Thread-1 (]: On model.kalshi_pipeline.fct_kalshi_features: /* {"app": "dbt", "dbt_version": "1.10.4", "profile_name": "kalshi_pipeline", "target_name": "dev", "node_id": "model.kalshi_pipeline.fct_kalshi_features"} */

      drop table if exists "kalshi"."main"."fct_kalshi_features__dbt_backup" cascade
    
[0m17:34:38.974599 [debug] [Thread-1 (]: SQL status: OK in 0.000 seconds
[0m17:34:38.975120 [debug] [Thread-1 (]: On model.kalshi_pipeline.fct_kalshi_features: Close
[0m17:34:38.975359 [debug] [Thread-1 (]: Sending event: {'category': 'dbt', 'action': 'run_model', 'label': '48e0b7a1-0af5-4c3b-add7-8750546590ea', 'context': [<snowplow_tracker.self_describing_json.SelfDescribingJson object at 0x11e915a00>]}
[0m17:34:38.975605 [info ] [Thread-1 (]: 2 of 2 OK created sql table model main.fct_kalshi_features ..................... [[32mOK[0m in 0.02s]
[0m17:34:38.975850 [debug] [Thread-1 (]: Finished running node model.kalshi_pipeline.fct_kalshi_features
[0m17:34:38.976339 [debug] [MainThread]: Using duckdb connection "master"
[0m17:34:38.976474 [debug] [MainThread]: On master: BEGIN
[0m17:34:38.976595 [debug] [MainThread]: Opening a new connection, currently in state closed
[0m17:34:38.976802 [debug] [MainThread]: SQL status: OK in 0.000 seconds
[0m17:34:38.976924 [debug] [MainThread]: On master: COMMIT
[0m17:34:38.977040 [debug] [MainThread]: Using duckdb connection "master"
[0m17:34:38.977156 [debug] [MainThread]: On master: COMMIT
[0m17:34:38.977311 [debug] [MainThread]: SQL status: OK in 0.000 seconds
[0m17:34:38.977431 [debug] [MainThread]: On master: Close
[0m17:34:38.977582 [debug] [MainThread]: Connection 'master' was properly closed.
[0m17:34:38.977708 [debug] [MainThread]: Connection 'model.kalshi_pipeline.fct_kalshi_features' was properly closed.
[0m17:34:38.977848 [info ] [MainThread]: 
[0m17:34:38.977992 [info ] [MainThread]: Finished running 2 table models in 0 hours 0 minutes and 0.11 seconds (0.11s).
[0m17:34:38.978302 [debug] [MainThread]: Command end result
[0m17:34:38.986565 [debug] [MainThread]: Wrote artifact WritableManifest to /Users/allisonfung/weather/kalshi_pipeline/target/manifest.json
[0m17:34:38.989099 [debug] [MainThread]: Wrote artifact SemanticManifest to /Users/allisonfung/weather/kalshi_pipeline/target/semantic_manifest.json
[0m17:34:38.991911 [debug] [MainThread]: Wrote artifact RunExecutionResult to /Users/allisonfung/weather/kalshi_pipeline/target/run_results.json
[0m17:34:38.992092 [info ] [MainThread]: 
[0m17:34:38.992273 [info ] [MainThread]: [32mCompleted successfully[0m
[0m17:34:38.992404 [info ] [MainThread]: 
[0m17:34:38.992545 [info ] [MainThread]: Done. PASS=2 WARN=0 ERROR=0 SKIP=0 NO-OP=0 TOTAL=2
[0m17:34:38.994294 [debug] [MainThread]: Resource report: {"command_name": "run", "command_success": true, "command_wall_clock_time": 0.5838179, "process_in_blocks": "0", "process_kernel_time": 0.155655, "process_mem_max_rss": "169590784", "process_out_blocks": "0", "process_user_time": 0.997442}
[0m17:34:38.994607 [debug] [MainThread]: Command `dbt run` succeeded at 17:34:38.994562 after 0.58 seconds
[0m17:34:38.994815 [debug] [MainThread]: Sending event: {'category': 'dbt', 'action': 'invocation', 'label': 'end', 'context': [<snowplow_tracker.self_describing_json.SelfDescribingJson object at 0x11aa1d3a0>, <snowplow_tracker.self_describing_json.SelfDescribingJson object at 0x1199625a0>, <snowplow_tracker.self_describing_json.SelfDescribingJson object at 0x11a2d5d00>]}
[0m17:34:38.994995 [debug] [MainThread]: Flushing usage events
[0m17:34:39.205047 [debug] [MainThread]: An error was encountered while trying to flush usage events
[0m17:35:08.069734 [debug] [MainThread]: Sending event: {'category': 'dbt', 'action': 'invocation', 'label': 'start', 'context': [<snowplow_tracker.self_describing_json.SelfDescribingJson object at 0x1119c3e00>, <snowplow_tracker.self_describing_json.SelfDescribingJson object at 0x1110a50a0>, <snowplow_tracker.self_describing_json.SelfDescribingJson object at 0x1110a4fb0>]}


============================== 17:35:08.072705 | 2abdd6dd-8c32-4a07-8549-4499912276c1 ==============================
[0m17:35:08.072705 [info ] [MainThread]: Running with dbt=1.10.4
[0m17:35:08.072999 [debug] [MainThread]: running dbt with arguments {'printer_width': '80', 'indirect_selection': 'eager', 'log_cache_events': 'False', 'write_json': 'True', 'partial_parse': 'True', 'cache_selected_only': 'False', 'warn_error': 'None', 'debug': 'False', 'profiles_dir': '/Users/allisonfung/weather/kalshi_pipeline', 'log_path': '/Users/allisonfung/weather/kalshi_pipeline/logs', 'fail_fast': 'False', 'version_check': 'True', 'use_colors': 'True', 'use_experimental_parser': 'False', 'no_print': 'None', 'quiet': 'False', 'empty': 'False', 'warn_error_options': 'WarnErrorOptionsV2(error=[], warn=[], silence=[])', 'introspect': 'True', 'invocation_command': 'dbt run', 'static_parser': 'True', 'target_path': 'None', 'log_format': 'default', 'send_anonymous_usage_stats': 'True'}
[0m17:35:08.166216 [debug] [MainThread]: Sending event: {'category': 'dbt', 'action': 'project_id', 'label': '2abdd6dd-8c32-4a07-8549-4499912276c1', 'context': [<snowplow_tracker.self_describing_json.SelfDescribingJson object at 0x112631430>]}
[0m17:35:08.190005 [debug] [MainThread]: Sending event: {'category': 'dbt', 'action': 'adapter_info', 'label': '2abdd6dd-8c32-4a07-8549-4499912276c1', 'context': [<snowplow_tracker.self_describing_json.SelfDescribingJson object at 0x1070623c0>]}
[0m17:35:08.192179 [info ] [MainThread]: Registered adapter: duckdb=1.10.0
[0m17:35:08.236006 [debug] [MainThread]: checksum: 073cb5a296270136b24f9c040fdebd0642ef9c263903ef463bfe7e190c538da2, vars: {}, profile: , target: , version: 1.10.4
[0m17:35:08.290483 [debug] [MainThread]: Partial parsing enabled: 0 files deleted, 0 files added, 1 files changed.
[0m17:35:08.290873 [debug] [MainThread]: Partial parsing: updated file: kalshi_pipeline://models/fct_kalshi_features.sql
[0m17:35:08.391623 [debug] [MainThread]: Sending event: {'category': 'dbt', 'action': 'load_project', 'label': '2abdd6dd-8c32-4a07-8549-4499912276c1', 'context': [<snowplow_tracker.self_describing_json.SelfDescribingJson object at 0x112c9f200>]}
[0m17:35:08.418693 [debug] [MainThread]: Wrote artifact WritableManifest to /Users/allisonfung/weather/kalshi_pipeline/target/manifest.json
[0m17:35:08.419832 [debug] [MainThread]: Wrote artifact SemanticManifest to /Users/allisonfung/weather/kalshi_pipeline/target/semantic_manifest.json
[0m17:35:08.431004 [debug] [MainThread]: Sending event: {'category': 'dbt', 'action': 'resource_counts', 'label': '2abdd6dd-8c32-4a07-8549-4499912276c1', 'context': [<snowplow_tracker.self_describing_json.SelfDescribingJson object at 0x1119c3aa0>]}
[0m17:35:08.431232 [info ] [MainThread]: Found 2 models, 1 source, 443 macros
[0m17:35:08.431404 [debug] [MainThread]: Sending event: {'category': 'dbt', 'action': 'runnable_timing', 'label': '2abdd6dd-8c32-4a07-8549-4499912276c1', 'context': [<snowplow_tracker.self_describing_json.SelfDescribingJson object at 0x11273b3b0>]}
[0m17:35:08.432144 [info ] [MainThread]: 
[0m17:35:08.432308 [info ] [MainThread]: Concurrency: 1 threads (target='dev')
[0m17:35:08.432432 [info ] [MainThread]: 
[0m17:35:08.432636 [debug] [MainThread]: Acquiring new duckdb connection 'master'
[0m17:35:08.434466 [debug] [ThreadPool]: Acquiring new duckdb connection 'list_kalshi'
[0m17:35:08.460668 [debug] [ThreadPool]: Using duckdb connection "list_kalshi"
[0m17:35:08.460846 [debug] [ThreadPool]: On list_kalshi: /* {"app": "dbt", "dbt_version": "1.10.4", "profile_name": "kalshi_pipeline", "target_name": "dev", "connection_name": "list_kalshi"} */

    
    select schema_name
    from system.information_schema.schemata
    
    where lower(catalog_name) = '"kalshi"'
    
  
  
[0m17:35:08.460985 [debug] [ThreadPool]: Opening a new connection, currently in state init
[0m17:35:08.467248 [debug] [ThreadPool]: SQL status: OK in 0.006 seconds
[0m17:35:08.467795 [debug] [ThreadPool]: On list_kalshi: Close
[0m17:35:08.468096 [debug] [ThreadPool]: Re-using an available connection from the pool (formerly list_kalshi, now create_kalshi_main)
[0m17:35:08.468297 [debug] [ThreadPool]: Creating schema "database: "kalshi"
schema: "main"
"
[0m17:35:08.471086 [debug] [ThreadPool]: Using duckdb connection "create_kalshi_main"
[0m17:35:08.471239 [debug] [ThreadPool]: On create_kalshi_main: /* {"app": "dbt", "dbt_version": "1.10.4", "profile_name": "kalshi_pipeline", "target_name": "dev", "connection_name": "create_kalshi_main"} */

    
        select type from duckdb_databases()
        where lower(database_name)='kalshi'
        and type='sqlite'
    
  
[0m17:35:08.471370 [debug] [ThreadPool]: Opening a new connection, currently in state closed
[0m17:35:08.471722 [debug] [ThreadPool]: SQL status: OK in 0.000 seconds
[0m17:35:08.472230 [debug] [ThreadPool]: Using duckdb connection "create_kalshi_main"
[0m17:35:08.472362 [debug] [ThreadPool]: On create_kalshi_main: BEGIN
[0m17:35:08.472557 [debug] [ThreadPool]: SQL status: OK in 0.000 seconds
[0m17:35:08.472679 [debug] [ThreadPool]: Using duckdb connection "create_kalshi_main"
[0m17:35:08.472799 [debug] [ThreadPool]: On create_kalshi_main: /* {"app": "dbt", "dbt_version": "1.10.4", "profile_name": "kalshi_pipeline", "target_name": "dev", "connection_name": "create_kalshi_main"} */

    
    
        create schema if not exists "kalshi"."main"
    
[0m17:35:08.473001 [debug] [ThreadPool]: SQL status: OK in 0.000 seconds
[0m17:35:08.473323 [debug] [ThreadPool]: On create_kalshi_main: COMMIT
[0m17:35:08.473459 [debug] [ThreadPool]: Using duckdb connection "create_kalshi_main"
[0m17:35:08.473570 [debug] [ThreadPool]: On create_kalshi_main: COMMIT
[0m17:35:08.473750 [debug] [ThreadPool]: SQL status: OK in 0.000 seconds
[0m17:35:08.473880 [debug] [ThreadPool]: On create_kalshi_main: Close
[0m17:35:08.474382 [debug] [ThreadPool]: Re-using an available connection from the pool (formerly create_kalshi_main, now list_kalshi_main)
[0m17:35:08.476718 [debug] [ThreadPool]: Using duckdb connection "list_kalshi_main"
[0m17:35:08.476860 [debug] [ThreadPool]: On list_kalshi_main: BEGIN
[0m17:35:08.476982 [debug] [ThreadPool]: Opening a new connection, currently in state closed
[0m17:35:08.477183 [debug] [ThreadPool]: SQL status: OK in 0.000 seconds
[0m17:35:08.477296 [debug] [ThreadPool]: Using duckdb connection "list_kalshi_main"
[0m17:35:08.477426 [debug] [ThreadPool]: On list_kalshi_main: /* {"app": "dbt", "dbt_version": "1.10.4", "profile_name": "kalshi_pipeline", "target_name": "dev", "connection_name": "list_kalshi_main"} */
select
      'kalshi' as database,
      table_name as name,
      table_schema as schema,
      CASE table_type
        WHEN 'BASE TABLE' THEN 'table'
        WHEN 'VIEW' THEN 'view'
        WHEN 'LOCAL TEMPORARY' THEN 'table'
        END as type
    from system.information_schema.tables
    where lower(table_schema) = 'main'
    and lower(table_catalog) = 'kalshi'
  
[0m17:35:08.479087 [debug] [ThreadPool]: SQL status: OK in 0.002 seconds
[0m17:35:08.479628 [debug] [ThreadPool]: On list_kalshi_main: ROLLBACK
[0m17:35:08.480387 [debug] [ThreadPool]: Failed to rollback 'list_kalshi_main'
[0m17:35:08.480526 [debug] [ThreadPool]: On list_kalshi_main: Close
[0m17:35:08.480918 [debug] [MainThread]: Sending event: {'category': 'dbt', 'action': 'runnable_timing', 'label': '2abdd6dd-8c32-4a07-8549-4499912276c1', 'context': [<snowplow_tracker.self_describing_json.SelfDescribingJson object at 0x112a3d700>]}
[0m17:35:08.481145 [debug] [MainThread]: Using duckdb connection "master"
[0m17:35:08.481299 [debug] [MainThread]: On master: BEGIN
[0m17:35:08.481423 [debug] [MainThread]: Opening a new connection, currently in state init
[0m17:35:08.481641 [debug] [MainThread]: SQL status: OK in 0.000 seconds
[0m17:35:08.481770 [debug] [MainThread]: On master: COMMIT
[0m17:35:08.481909 [debug] [MainThread]: Using duckdb connection "master"
[0m17:35:08.482016 [debug] [MainThread]: On master: COMMIT
[0m17:35:08.482177 [debug] [MainThread]: SQL status: OK in 0.000 seconds
[0m17:35:08.482294 [debug] [MainThread]: On master: Close
[0m17:35:08.483304 [debug] [Thread-1 (]: Began running node model.kalshi_pipeline.stg_weather
[0m17:35:08.483529 [info ] [Thread-1 (]: 1 of 2 START sql table model main.stg_weather .................................. [RUN]
[0m17:35:08.483716 [debug] [Thread-1 (]: Re-using an available connection from the pool (formerly list_kalshi_main, now model.kalshi_pipeline.stg_weather)
[0m17:35:08.483962 [debug] [Thread-1 (]: Began compiling node model.kalshi_pipeline.stg_weather
[0m17:35:08.486890 [debug] [Thread-1 (]: Writing injected SQL for node "model.kalshi_pipeline.stg_weather"
[0m17:35:08.487203 [debug] [Thread-1 (]: Began executing node model.kalshi_pipeline.stg_weather
[0m17:35:08.499797 [debug] [Thread-1 (]: Writing runtime sql for node "model.kalshi_pipeline.stg_weather"
[0m17:35:08.500143 [debug] [Thread-1 (]: Using duckdb connection "model.kalshi_pipeline.stg_weather"
[0m17:35:08.500293 [debug] [Thread-1 (]: On model.kalshi_pipeline.stg_weather: BEGIN
[0m17:35:08.500428 [debug] [Thread-1 (]: Opening a new connection, currently in state closed
[0m17:35:08.500691 [debug] [Thread-1 (]: SQL status: OK in 0.000 seconds
[0m17:35:08.500830 [debug] [Thread-1 (]: Using duckdb connection "model.kalshi_pipeline.stg_weather"
[0m17:35:08.500978 [debug] [Thread-1 (]: On model.kalshi_pipeline.stg_weather: /* {"app": "dbt", "dbt_version": "1.10.4", "profile_name": "kalshi_pipeline", "target_name": "dev", "node_id": "model.kalshi_pipeline.stg_weather"} */

  
    
    

    create  table
      "kalshi"."main"."stg_weather__dbt_tmp"
  
    as (
      SELECT
    CAST(time AS TIMESTAMP) AS weather_timestamp,
    CAST(time AS DATE) AS weather_date,
    EXTRACT(HOUR FROM CAST(time AS TIMESTAMP)) AS hour_of_day,
    temperature_2m AS temp_f,
    relative_humidity_2m AS humidity,
    cloud_cover,
    precipitation
FROM '../data/raw_central_park_weather.parquet'
    );
  
  
[0m17:35:08.504633 [debug] [Thread-1 (]: SQL status: OK in 0.003 seconds
[0m17:35:08.506749 [debug] [Thread-1 (]: Using duckdb connection "model.kalshi_pipeline.stg_weather"
[0m17:35:08.506905 [debug] [Thread-1 (]: On model.kalshi_pipeline.stg_weather: /* {"app": "dbt", "dbt_version": "1.10.4", "profile_name": "kalshi_pipeline", "target_name": "dev", "node_id": "model.kalshi_pipeline.stg_weather"} */

    SELECT index_name
    FROM duckdb_indexes()
    WHERE schema_name = 'main'
      AND table_name = 'stg_weather'
  
[0m17:35:08.507221 [debug] [Thread-1 (]: SQL status: OK in 0.000 seconds
[0m17:35:08.507711 [debug] [Thread-1 (]: Using duckdb connection "model.kalshi_pipeline.stg_weather"
[0m17:35:08.507859 [debug] [Thread-1 (]: On model.kalshi_pipeline.stg_weather: /* {"app": "dbt", "dbt_version": "1.10.4", "profile_name": "kalshi_pipeline", "target_name": "dev", "node_id": "model.kalshi_pipeline.stg_weather"} */

    SELECT COUNT(*) as remaining_indexes
    FROM duckdb_indexes()
    WHERE schema_name = 'main'
      AND table_name = 'stg_weather'
  
[0m17:35:08.508179 [debug] [Thread-1 (]: SQL status: OK in 0.000 seconds
[0m17:35:08.510617 [debug] [Thread-1 (]: Using duckdb connection "model.kalshi_pipeline.stg_weather"
[0m17:35:08.510766 [debug] [Thread-1 (]: On model.kalshi_pipeline.stg_weather: /* {"app": "dbt", "dbt_version": "1.10.4", "profile_name": "kalshi_pipeline", "target_name": "dev", "node_id": "model.kalshi_pipeline.stg_weather"} */
alter table "kalshi"."main"."stg_weather" rename to "stg_weather__dbt_backup"
[0m17:35:08.511004 [debug] [Thread-1 (]: SQL status: OK in 0.000 seconds
[0m17:35:08.512091 [debug] [Thread-1 (]: Using duckdb connection "model.kalshi_pipeline.stg_weather"
[0m17:35:08.512235 [debug] [Thread-1 (]: On model.kalshi_pipeline.stg_weather: /* {"app": "dbt", "dbt_version": "1.10.4", "profile_name": "kalshi_pipeline", "target_name": "dev", "node_id": "model.kalshi_pipeline.stg_weather"} */
alter table "kalshi"."main"."stg_weather__dbt_tmp" rename to "stg_weather"
[0m17:35:08.512475 [debug] [Thread-1 (]: SQL status: OK in 0.000 seconds
[0m17:35:08.518233 [debug] [Thread-1 (]: On model.kalshi_pipeline.stg_weather: COMMIT
[0m17:35:08.518387 [debug] [Thread-1 (]: Using duckdb connection "model.kalshi_pipeline.stg_weather"
[0m17:35:08.518529 [debug] [Thread-1 (]: On model.kalshi_pipeline.stg_weather: COMMIT
[0m17:35:08.519611 [debug] [Thread-1 (]: SQL status: OK in 0.001 seconds
[0m17:35:08.521663 [debug] [Thread-1 (]: Using duckdb connection "model.kalshi_pipeline.stg_weather"
[0m17:35:08.521814 [debug] [Thread-1 (]: On model.kalshi_pipeline.stg_weather: /* {"app": "dbt", "dbt_version": "1.10.4", "profile_name": "kalshi_pipeline", "target_name": "dev", "node_id": "model.kalshi_pipeline.stg_weather"} */

      drop table if exists "kalshi"."main"."stg_weather__dbt_backup" cascade
    
[0m17:35:08.522125 [debug] [Thread-1 (]: SQL status: OK in 0.000 seconds
[0m17:35:08.523071 [debug] [Thread-1 (]: On model.kalshi_pipeline.stg_weather: Close
[0m17:35:08.523875 [debug] [Thread-1 (]: Sending event: {'category': 'dbt', 'action': 'run_model', 'label': '2abdd6dd-8c32-4a07-8549-4499912276c1', 'context': [<snowplow_tracker.self_describing_json.SelfDescribingJson object at 0x112a18650>]}
[0m17:35:08.524150 [info ] [Thread-1 (]: 1 of 2 OK created sql table model main.stg_weather ............................. [[32mOK[0m in 0.04s]
[0m17:35:08.524390 [debug] [Thread-1 (]: Finished running node model.kalshi_pipeline.stg_weather
[0m17:35:08.524697 [debug] [Thread-1 (]: Began running node model.kalshi_pipeline.fct_kalshi_features
[0m17:35:08.524943 [info ] [Thread-1 (]: 2 of 2 START sql table model main.fct_kalshi_features .......................... [RUN]
[0m17:35:08.525141 [debug] [Thread-1 (]: Re-using an available connection from the pool (formerly model.kalshi_pipeline.stg_weather, now model.kalshi_pipeline.fct_kalshi_features)
[0m17:35:08.525292 [debug] [Thread-1 (]: Began compiling node model.kalshi_pipeline.fct_kalshi_features
[0m17:35:08.527015 [debug] [Thread-1 (]: Writing injected SQL for node "model.kalshi_pipeline.fct_kalshi_features"
[0m17:35:08.527279 [debug] [Thread-1 (]: Began executing node model.kalshi_pipeline.fct_kalshi_features
[0m17:35:08.528424 [debug] [Thread-1 (]: Writing runtime sql for node "model.kalshi_pipeline.fct_kalshi_features"
[0m17:35:08.528685 [debug] [Thread-1 (]: Using duckdb connection "model.kalshi_pipeline.fct_kalshi_features"
[0m17:35:08.528815 [debug] [Thread-1 (]: On model.kalshi_pipeline.fct_kalshi_features: BEGIN
[0m17:35:08.528940 [debug] [Thread-1 (]: Opening a new connection, currently in state closed
[0m17:35:08.529175 [debug] [Thread-1 (]: SQL status: OK in 0.000 seconds
[0m17:35:08.529317 [debug] [Thread-1 (]: Using duckdb connection "model.kalshi_pipeline.fct_kalshi_features"
[0m17:35:08.529481 [debug] [Thread-1 (]: On model.kalshi_pipeline.fct_kalshi_features: /* {"app": "dbt", "dbt_version": "1.10.4", "profile_name": "kalshi_pipeline", "target_name": "dev", "node_id": "model.kalshi_pipeline.fct_kalshi_features"} */

  
    
    

    create  table
      "kalshi"."main"."fct_kalshi_features__dbt_tmp"
  
    as (
      WITH hourly_data AS (
    SELECT * FROM "kalshi"."main"."stg_weather"
),

target_temp AS (
    -- The Kalshi settlement hour (e.g., 4:00 PM / Hour 16)
    SELECT
        weather_date,
        temp_f AS target_temp_4pm
    FROM hourly_data
    WHERE hour_of_day = 18
),

morning_features AS (
    -- The data available to you when placing a morning trade (11:00 AM)
    SELECT
        weather_date,
        temp_f AS morning_temp_11am,
        cloud_cover AS morning_cloud_cover_11am
    FROM hourly_data
    WHERE hour_of_day = 11
)

SELECT
    t.weather_date,
    t.target_temp_4pm,
    m.morning_temp_11am,
    m.morning_cloud_cover_11am,
    LAG(t.target_temp_4pm) OVER (ORDER BY t.weather_date) AS yesterday_4pm_temp
FROM target_temp t
JOIN morning_features m 
    ON t.weather_date = m.weather_date
ORDER BY t.weather_date DESC
    );
  
  
[0m17:35:08.531093 [debug] [Thread-1 (]: SQL status: OK in 0.001 seconds
[0m17:35:08.531544 [debug] [Thread-1 (]: Using duckdb connection "model.kalshi_pipeline.fct_kalshi_features"
[0m17:35:08.531694 [debug] [Thread-1 (]: On model.kalshi_pipeline.fct_kalshi_features: /* {"app": "dbt", "dbt_version": "1.10.4", "profile_name": "kalshi_pipeline", "target_name": "dev", "node_id": "model.kalshi_pipeline.fct_kalshi_features"} */

    SELECT index_name
    FROM duckdb_indexes()
    WHERE schema_name = 'main'
      AND table_name = 'fct_kalshi_features'
  
[0m17:35:08.532009 [debug] [Thread-1 (]: SQL status: OK in 0.000 seconds
[0m17:35:08.532492 [debug] [Thread-1 (]: Using duckdb connection "model.kalshi_pipeline.fct_kalshi_features"
[0m17:35:08.532642 [debug] [Thread-1 (]: On model.kalshi_pipeline.fct_kalshi_features: /* {"app": "dbt", "dbt_version": "1.10.4", "profile_name": "kalshi_pipeline", "target_name": "dev", "node_id": "model.kalshi_pipeline.fct_kalshi_features"} */

    SELECT COUNT(*) as remaining_indexes
    FROM duckdb_indexes()
    WHERE schema_name = 'main'
      AND table_name = 'fct_kalshi_features'
  
[0m17:35:08.532963 [debug] [Thread-1 (]: SQL status: OK in 0.000 seconds
[0m17:35:08.534192 [debug] [Thread-1 (]: Using duckdb connection "model.kalshi_pipeline.fct_kalshi_features"
[0m17:35:08.534350 [debug] [Thread-1 (]: On model.kalshi_pipeline.fct_kalshi_features: /* {"app": "dbt", "dbt_version": "1.10.4", "profile_name": "kalshi_pipeline", "target_name": "dev", "node_id": "model.kalshi_pipeline.fct_kalshi_features"} */
alter table "kalshi"."main"."fct_kalshi_features" rename to "fct_kalshi_features__dbt_backup"
[0m17:35:08.534607 [debug] [Thread-1 (]: SQL status: OK in 0.000 seconds
[0m17:35:08.535641 [debug] [Thread-1 (]: Using duckdb connection "model.kalshi_pipeline.fct_kalshi_features"
[0m17:35:08.535800 [debug] [Thread-1 (]: On model.kalshi_pipeline.fct_kalshi_features: /* {"app": "dbt", "dbt_version": "1.10.4", "profile_name": "kalshi_pipeline", "target_name": "dev", "node_id": "model.kalshi_pipeline.fct_kalshi_features"} */
alter table "kalshi"."main"."fct_kalshi_features__dbt_tmp" rename to "fct_kalshi_features"
[0m17:35:08.536036 [debug] [Thread-1 (]: SQL status: OK in 0.000 seconds
[0m17:35:08.536751 [debug] [Thread-1 (]: On model.kalshi_pipeline.fct_kalshi_features: COMMIT
[0m17:35:08.536900 [debug] [Thread-1 (]: Using duckdb connection "model.kalshi_pipeline.fct_kalshi_features"
[0m17:35:08.537034 [debug] [Thread-1 (]: On model.kalshi_pipeline.fct_kalshi_features: COMMIT
[0m17:35:08.537387 [debug] [Thread-1 (]: SQL status: OK in 0.000 seconds
[0m17:35:08.538217 [debug] [Thread-1 (]: Using duckdb connection "model.kalshi_pipeline.fct_kalshi_features"
[0m17:35:08.538361 [debug] [Thread-1 (]: On model.kalshi_pipeline.fct_kalshi_features: /* {"app": "dbt", "dbt_version": "1.10.4", "profile_name": "kalshi_pipeline", "target_name": "dev", "node_id": "model.kalshi_pipeline.fct_kalshi_features"} */

      drop table if exists "kalshi"."main"."fct_kalshi_features__dbt_backup" cascade
    
[0m17:35:08.538649 [debug] [Thread-1 (]: SQL status: OK in 0.000 seconds
[0m17:35:08.539158 [debug] [Thread-1 (]: On model.kalshi_pipeline.fct_kalshi_features: Close
[0m17:35:08.539387 [debug] [Thread-1 (]: Sending event: {'category': 'dbt', 'action': 'run_model', 'label': '2abdd6dd-8c32-4a07-8549-4499912276c1', 'context': [<snowplow_tracker.self_describing_json.SelfDescribingJson object at 0x11380e4b0>]}
[0m17:35:08.539635 [info ] [Thread-1 (]: 2 of 2 OK created sql table model main.fct_kalshi_features ..................... [[32mOK[0m in 0.01s]
[0m17:35:08.539868 [debug] [Thread-1 (]: Finished running node model.kalshi_pipeline.fct_kalshi_features
[0m17:35:08.540290 [debug] [MainThread]: Using duckdb connection "master"
[0m17:35:08.540417 [debug] [MainThread]: On master: BEGIN
[0m17:35:08.540531 [debug] [MainThread]: Opening a new connection, currently in state closed
[0m17:35:08.540717 [debug] [MainThread]: SQL status: OK in 0.000 seconds
[0m17:35:08.540840 [debug] [MainThread]: On master: COMMIT
[0m17:35:08.540956 [debug] [MainThread]: Using duckdb connection "master"
[0m17:35:08.541065 [debug] [MainThread]: On master: COMMIT
[0m17:35:08.541218 [debug] [MainThread]: SQL status: OK in 0.000 seconds
[0m17:35:08.541332 [debug] [MainThread]: On master: Close
[0m17:35:08.541479 [debug] [MainThread]: Connection 'master' was properly closed.
[0m17:35:08.541587 [debug] [MainThread]: Connection 'model.kalshi_pipeline.fct_kalshi_features' was properly closed.
[0m17:35:08.541718 [info ] [MainThread]: 
[0m17:35:08.541857 [info ] [MainThread]: Finished running 2 table models in 0 hours 0 minutes and 0.11 seconds (0.11s).
[0m17:35:08.542150 [debug] [MainThread]: Command end result
[0m17:35:08.550096 [debug] [MainThread]: Wrote artifact WritableManifest to /Users/allisonfung/weather/kalshi_pipeline/target/manifest.json
[0m17:35:08.550796 [debug] [MainThread]: Wrote artifact SemanticManifest to /Users/allisonfung/weather/kalshi_pipeline/target/semantic_manifest.json
[0m17:35:08.553316 [debug] [MainThread]: Wrote artifact RunExecutionResult to /Users/allisonfung/weather/kalshi_pipeline/target/run_results.json
[0m17:35:08.553455 [info ] [MainThread]: 
[0m17:35:08.553611 [info ] [MainThread]: [32mCompleted successfully[0m
[0m17:35:08.553736 [info ] [MainThread]: 
[0m17:35:08.553873 [info ] [MainThread]: Done. PASS=2 WARN=0 ERROR=0 SKIP=0 NO-OP=0 TOTAL=2
[0m17:35:08.555812 [debug] [MainThread]: Resource report: {"command_name": "run", "command_success": true, "command_wall_clock_time": 0.516666, "process_in_blocks": "0", "process_kernel_time": 0.149835, "process_mem_max_rss": "168001536", "process_out_blocks": "0", "process_user_time": 0.973814}
[0m17:35:08.556052 [debug] [MainThread]: Command `dbt run` succeeded at 17:35:08.556016 after 0.52 seconds
[0m17:35:08.556239 [debug] [MainThread]: Sending event: {'category': 'dbt', 'action': 'invocation', 'label': 'end', 'context': [<snowplow_tracker.self_describing_json.SelfDescribingJson object at 0x112183f80>, <snowplow_tracker.self_describing_json.SelfDescribingJson object at 0x1119c3e00>, <snowplow_tracker.self_describing_json.SelfDescribingJson object at 0x10410eed0>]}
[0m17:35:08.556384 [debug] [MainThread]: Flushing usage events
[0m17:35:08.673619 [debug] [MainThread]: An error was encountered while trying to flush usage events
[0m17:36:29.357878 [debug] [MainThread]: Sending event: {'category': 'dbt', 'action': 'invocation', 'label': 'start', 'context': [<snowplow_tracker.self_describing_json.SelfDescribingJson object at 0x11010a030>, <snowplow_tracker.self_describing_json.SelfDescribingJson object at 0x1133a5100>, <snowplow_tracker.self_describing_json.SelfDescribingJson object at 0x1133a5010>]}


============================== 17:36:29.361203 | 229d15a4-500a-40b5-af85-72fd261f55e9 ==============================
[0m17:36:29.361203 [info ] [MainThread]: Running with dbt=1.10.4
[0m17:36:29.361485 [debug] [MainThread]: running dbt with arguments {'printer_width': '80', 'indirect_selection': 'eager', 'write_json': 'True', 'log_cache_events': 'False', 'partial_parse': 'True', 'cache_selected_only': 'False', 'profiles_dir': '/Users/allisonfung/weather/kalshi_pipeline', 'version_check': 'True', 'debug': 'False', 'log_path': '/Users/allisonfung/weather/kalshi_pipeline/logs', 'fail_fast': 'False', 'warn_error': 'None', 'use_colors': 'True', 'use_experimental_parser': 'False', 'empty': 'False', 'quiet': 'False', 'no_print': 'None', 'log_format': 'default', 'invocation_command': 'dbt run', 'static_parser': 'True', 'warn_error_options': 'WarnErrorOptionsV2(error=[], warn=[], silence=[])', 'target_path': 'None', 'introspect': 'True', 'send_anonymous_usage_stats': 'True'}
[0m17:36:29.450263 [debug] [MainThread]: Sending event: {'category': 'dbt', 'action': 'project_id', 'label': '229d15a4-500a-40b5-af85-72fd261f55e9', 'context': [<snowplow_tracker.self_describing_json.SelfDescribingJson object at 0x110465730>]}
[0m17:36:29.473684 [debug] [MainThread]: Sending event: {'category': 'dbt', 'action': 'adapter_info', 'label': '229d15a4-500a-40b5-af85-72fd261f55e9', 'context': [<snowplow_tracker.self_describing_json.SelfDescribingJson object at 0x115681df0>]}
[0m17:36:29.475099 [info ] [MainThread]: Registered adapter: duckdb=1.10.0
[0m17:36:29.518747 [debug] [MainThread]: checksum: 073cb5a296270136b24f9c040fdebd0642ef9c263903ef463bfe7e190c538da2, vars: {}, profile: , target: , version: 1.10.4
[0m17:36:29.573007 [debug] [MainThread]: Partial parsing enabled: 0 files deleted, 0 files added, 1 files changed.
[0m17:36:29.573374 [debug] [MainThread]: Partial parsing: updated file: kalshi_pipeline://models/fct_kalshi_features.sql
[0m17:36:29.668517 [debug] [MainThread]: Sending event: {'category': 'dbt', 'action': 'load_project', 'label': '229d15a4-500a-40b5-af85-72fd261f55e9', 'context': [<snowplow_tracker.self_describing_json.SelfDescribingJson object at 0x115f9f0e0>]}
[0m17:36:29.694508 [debug] [MainThread]: Wrote artifact WritableManifest to /Users/allisonfung/weather/kalshi_pipeline/target/manifest.json
[0m17:36:29.695626 [debug] [MainThread]: Wrote artifact SemanticManifest to /Users/allisonfung/weather/kalshi_pipeline/target/semantic_manifest.json
[0m17:36:29.705492 [debug] [MainThread]: Sending event: {'category': 'dbt', 'action': 'resource_counts', 'label': '229d15a4-500a-40b5-af85-72fd261f55e9', 'context': [<snowplow_tracker.self_describing_json.SelfDescribingJson object at 0x115f67b30>]}
[0m17:36:29.705728 [info ] [MainThread]: Found 2 models, 1 source, 443 macros
[0m17:36:29.705892 [debug] [MainThread]: Sending event: {'category': 'dbt', 'action': 'runnable_timing', 'label': '229d15a4-500a-40b5-af85-72fd261f55e9', 'context': [<snowplow_tracker.self_describing_json.SelfDescribingJson object at 0x115c79fa0>]}
[0m17:36:29.706605 [info ] [MainThread]: 
[0m17:36:29.706765 [info ] [MainThread]: Concurrency: 1 threads (target='dev')
[0m17:36:29.706893 [info ] [MainThread]: 
[0m17:36:29.707104 [debug] [MainThread]: Acquiring new duckdb connection 'master'
[0m17:36:29.708884 [debug] [ThreadPool]: Acquiring new duckdb connection 'list_kalshi'
[0m17:36:29.733983 [debug] [ThreadPool]: Using duckdb connection "list_kalshi"
[0m17:36:29.734191 [debug] [ThreadPool]: On list_kalshi: /* {"app": "dbt", "dbt_version": "1.10.4", "profile_name": "kalshi_pipeline", "target_name": "dev", "connection_name": "list_kalshi"} */

    
    select schema_name
    from system.information_schema.schemata
    
    where lower(catalog_name) = '"kalshi"'
    
  
  
[0m17:36:29.734324 [debug] [ThreadPool]: Opening a new connection, currently in state init
[0m17:36:29.743750 [debug] [ThreadPool]: SQL status: OK in 0.009 seconds
[0m17:36:29.744374 [debug] [ThreadPool]: On list_kalshi: Close
[0m17:36:29.744676 [debug] [ThreadPool]: Re-using an available connection from the pool (formerly list_kalshi, now create_kalshi_main)
[0m17:36:29.744869 [debug] [ThreadPool]: Creating schema "database: "kalshi"
schema: "main"
"
[0m17:36:29.747509 [debug] [ThreadPool]: Using duckdb connection "create_kalshi_main"
[0m17:36:29.747646 [debug] [ThreadPool]: On create_kalshi_main: /* {"app": "dbt", "dbt_version": "1.10.4", "profile_name": "kalshi_pipeline", "target_name": "dev", "connection_name": "create_kalshi_main"} */

    
        select type from duckdb_databases()
        where lower(database_name)='kalshi'
        and type='sqlite'
    
  
[0m17:36:29.747756 [debug] [ThreadPool]: Opening a new connection, currently in state closed
[0m17:36:29.748352 [debug] [ThreadPool]: SQL status: OK in 0.001 seconds
[0m17:36:29.749035 [debug] [ThreadPool]: Using duckdb connection "create_kalshi_main"
[0m17:36:29.749148 [debug] [ThreadPool]: On create_kalshi_main: BEGIN
[0m17:36:29.749320 [debug] [ThreadPool]: SQL status: OK in 0.000 seconds
[0m17:36:29.749435 [debug] [ThreadPool]: Using duckdb connection "create_kalshi_main"
[0m17:36:29.749551 [debug] [ThreadPool]: On create_kalshi_main: /* {"app": "dbt", "dbt_version": "1.10.4", "profile_name": "kalshi_pipeline", "target_name": "dev", "connection_name": "create_kalshi_main"} */

    
    
        create schema if not exists "kalshi"."main"
    
[0m17:36:29.749946 [debug] [ThreadPool]: SQL status: OK in 0.000 seconds
[0m17:36:29.750267 [debug] [ThreadPool]: On create_kalshi_main: COMMIT
[0m17:36:29.750387 [debug] [ThreadPool]: Using duckdb connection "create_kalshi_main"
[0m17:36:29.750490 [debug] [ThreadPool]: On create_kalshi_main: COMMIT
[0m17:36:29.750649 [debug] [ThreadPool]: SQL status: OK in 0.000 seconds
[0m17:36:29.750771 [debug] [ThreadPool]: On create_kalshi_main: Close
[0m17:36:29.751205 [debug] [ThreadPool]: Re-using an available connection from the pool (formerly create_kalshi_main, now list_kalshi_main)
[0m17:36:29.753360 [debug] [ThreadPool]: Using duckdb connection "list_kalshi_main"
[0m17:36:29.753487 [debug] [ThreadPool]: On list_kalshi_main: BEGIN
[0m17:36:29.753595 [debug] [ThreadPool]: Opening a new connection, currently in state closed
[0m17:36:29.753785 [debug] [ThreadPool]: SQL status: OK in 0.000 seconds
[0m17:36:29.753899 [debug] [ThreadPool]: Using duckdb connection "list_kalshi_main"
[0m17:36:29.754021 [debug] [ThreadPool]: On list_kalshi_main: /* {"app": "dbt", "dbt_version": "1.10.4", "profile_name": "kalshi_pipeline", "target_name": "dev", "connection_name": "list_kalshi_main"} */
select
      'kalshi' as database,
      table_name as name,
      table_schema as schema,
      CASE table_type
        WHEN 'BASE TABLE' THEN 'table'
        WHEN 'VIEW' THEN 'view'
        WHEN 'LOCAL TEMPORARY' THEN 'table'
        END as type
    from system.information_schema.tables
    where lower(table_schema) = 'main'
    and lower(table_catalog) = 'kalshi'
  
[0m17:36:29.756635 [debug] [ThreadPool]: SQL status: OK in 0.002 seconds
[0m17:36:29.757227 [debug] [ThreadPool]: On list_kalshi_main: ROLLBACK
[0m17:36:29.758053 [debug] [ThreadPool]: Failed to rollback 'list_kalshi_main'
[0m17:36:29.758182 [debug] [ThreadPool]: On list_kalshi_main: Close
[0m17:36:29.758561 [debug] [MainThread]: Sending event: {'category': 'dbt', 'action': 'runnable_timing', 'label': '229d15a4-500a-40b5-af85-72fd261f55e9', 'context': [<snowplow_tracker.self_describing_json.SelfDescribingJson object at 0x115b059d0>]}
[0m17:36:29.758774 [debug] [MainThread]: Using duckdb connection "master"
[0m17:36:29.758897 [debug] [MainThread]: On master: BEGIN
[0m17:36:29.759008 [debug] [MainThread]: Opening a new connection, currently in state init
[0m17:36:29.759231 [debug] [MainThread]: SQL status: OK in 0.000 seconds
[0m17:36:29.759357 [debug] [MainThread]: On master: COMMIT
[0m17:36:29.759485 [debug] [MainThread]: Using duckdb connection "master"
[0m17:36:29.759603 [debug] [MainThread]: On master: COMMIT
[0m17:36:29.759769 [debug] [MainThread]: SQL status: OK in 0.000 seconds
[0m17:36:29.759892 [debug] [MainThread]: On master: Close
[0m17:36:29.761120 [debug] [Thread-1 (]: Began running node model.kalshi_pipeline.stg_weather
[0m17:36:29.761347 [info ] [Thread-1 (]: 1 of 2 START sql table model main.stg_weather .................................. [RUN]
[0m17:36:29.761544 [debug] [Thread-1 (]: Re-using an available connection from the pool (formerly list_kalshi_main, now model.kalshi_pipeline.stg_weather)
[0m17:36:29.761809 [debug] [Thread-1 (]: Began compiling node model.kalshi_pipeline.stg_weather
[0m17:36:29.764762 [debug] [Thread-1 (]: Writing injected SQL for node "model.kalshi_pipeline.stg_weather"
[0m17:36:29.765061 [debug] [Thread-1 (]: Began executing node model.kalshi_pipeline.stg_weather
[0m17:36:29.778156 [debug] [Thread-1 (]: Writing runtime sql for node "model.kalshi_pipeline.stg_weather"
[0m17:36:29.778563 [debug] [Thread-1 (]: Using duckdb connection "model.kalshi_pipeline.stg_weather"
[0m17:36:29.778714 [debug] [Thread-1 (]: On model.kalshi_pipeline.stg_weather: BEGIN
[0m17:36:29.778847 [debug] [Thread-1 (]: Opening a new connection, currently in state closed
[0m17:36:29.779184 [debug] [Thread-1 (]: SQL status: OK in 0.000 seconds
[0m17:36:29.779309 [debug] [Thread-1 (]: Using duckdb connection "model.kalshi_pipeline.stg_weather"
[0m17:36:29.779442 [debug] [Thread-1 (]: On model.kalshi_pipeline.stg_weather: /* {"app": "dbt", "dbt_version": "1.10.4", "profile_name": "kalshi_pipeline", "target_name": "dev", "node_id": "model.kalshi_pipeline.stg_weather"} */

  
    
    

    create  table
      "kalshi"."main"."stg_weather__dbt_tmp"
  
    as (
      SELECT
    CAST(time AS TIMESTAMP) AS weather_timestamp,
    CAST(time AS DATE) AS weather_date,
    EXTRACT(HOUR FROM CAST(time AS TIMESTAMP)) AS hour_of_day,
    temperature_2m AS temp_f,
    relative_humidity_2m AS humidity,
    cloud_cover,
    precipitation
FROM '../data/raw_central_park_weather.parquet'
    );
  
  
[0m17:36:29.789378 [debug] [Thread-1 (]: SQL status: OK in 0.010 seconds
[0m17:36:29.792022 [debug] [Thread-1 (]: Using duckdb connection "model.kalshi_pipeline.stg_weather"
[0m17:36:29.792209 [debug] [Thread-1 (]: On model.kalshi_pipeline.stg_weather: /* {"app": "dbt", "dbt_version": "1.10.4", "profile_name": "kalshi_pipeline", "target_name": "dev", "node_id": "model.kalshi_pipeline.stg_weather"} */

    SELECT index_name
    FROM duckdb_indexes()
    WHERE schema_name = 'main'
      AND table_name = 'stg_weather'
  
[0m17:36:29.792636 [debug] [Thread-1 (]: SQL status: OK in 0.000 seconds
[0m17:36:29.793150 [debug] [Thread-1 (]: Using duckdb connection "model.kalshi_pipeline.stg_weather"
[0m17:36:29.793291 [debug] [Thread-1 (]: On model.kalshi_pipeline.stg_weather: /* {"app": "dbt", "dbt_version": "1.10.4", "profile_name": "kalshi_pipeline", "target_name": "dev", "node_id": "model.kalshi_pipeline.stg_weather"} */

    SELECT COUNT(*) as remaining_indexes
    FROM duckdb_indexes()
    WHERE schema_name = 'main'
      AND table_name = 'stg_weather'
  
[0m17:36:29.794185 [debug] [Thread-1 (]: SQL status: OK in 0.001 seconds
[0m17:36:29.796915 [debug] [Thread-1 (]: Using duckdb connection "model.kalshi_pipeline.stg_weather"
[0m17:36:29.797078 [debug] [Thread-1 (]: On model.kalshi_pipeline.stg_weather: /* {"app": "dbt", "dbt_version": "1.10.4", "profile_name": "kalshi_pipeline", "target_name": "dev", "node_id": "model.kalshi_pipeline.stg_weather"} */
alter table "kalshi"."main"."stg_weather" rename to "stg_weather__dbt_backup"
[0m17:36:29.798097 [debug] [Thread-1 (]: SQL status: OK in 0.001 seconds
[0m17:36:29.799166 [debug] [Thread-1 (]: Using duckdb connection "model.kalshi_pipeline.stg_weather"
[0m17:36:29.799306 [debug] [Thread-1 (]: On model.kalshi_pipeline.stg_weather: /* {"app": "dbt", "dbt_version": "1.10.4", "profile_name": "kalshi_pipeline", "target_name": "dev", "node_id": "model.kalshi_pipeline.stg_weather"} */
alter table "kalshi"."main"."stg_weather__dbt_tmp" rename to "stg_weather"
[0m17:36:29.799537 [debug] [Thread-1 (]: SQL status: OK in 0.000 seconds
[0m17:36:29.805399 [debug] [Thread-1 (]: On model.kalshi_pipeline.stg_weather: COMMIT
[0m17:36:29.805579 [debug] [Thread-1 (]: Using duckdb connection "model.kalshi_pipeline.stg_weather"
[0m17:36:29.805728 [debug] [Thread-1 (]: On model.kalshi_pipeline.stg_weather: COMMIT
[0m17:36:29.806997 [debug] [Thread-1 (]: SQL status: OK in 0.001 seconds
[0m17:36:29.809050 [debug] [Thread-1 (]: Using duckdb connection "model.kalshi_pipeline.stg_weather"
[0m17:36:29.809212 [debug] [Thread-1 (]: On model.kalshi_pipeline.stg_weather: /* {"app": "dbt", "dbt_version": "1.10.4", "profile_name": "kalshi_pipeline", "target_name": "dev", "node_id": "model.kalshi_pipeline.stg_weather"} */

      drop table if exists "kalshi"."main"."stg_weather__dbt_backup" cascade
    
[0m17:36:29.809793 [debug] [Thread-1 (]: SQL status: OK in 0.000 seconds
[0m17:36:29.810875 [debug] [Thread-1 (]: On model.kalshi_pipeline.stg_weather: Close
[0m17:36:29.811801 [debug] [Thread-1 (]: Sending event: {'category': 'dbt', 'action': 'run_model', 'label': '229d15a4-500a-40b5-af85-72fd261f55e9', 'context': [<snowplow_tracker.self_describing_json.SelfDescribingJson object at 0x1164fef60>]}
[0m17:36:29.812096 [info ] [Thread-1 (]: 1 of 2 OK created sql table model main.stg_weather ............................. [[32mOK[0m in 0.05s]
[0m17:36:29.812361 [debug] [Thread-1 (]: Finished running node model.kalshi_pipeline.stg_weather
[0m17:36:29.812691 [debug] [Thread-1 (]: Began running node model.kalshi_pipeline.fct_kalshi_features
[0m17:36:29.812913 [info ] [Thread-1 (]: 2 of 2 START sql table model main.fct_kalshi_features .......................... [RUN]
[0m17:36:29.813116 [debug] [Thread-1 (]: Re-using an available connection from the pool (formerly model.kalshi_pipeline.stg_weather, now model.kalshi_pipeline.fct_kalshi_features)
[0m17:36:29.813268 [debug] [Thread-1 (]: Began compiling node model.kalshi_pipeline.fct_kalshi_features
[0m17:36:29.815035 [debug] [Thread-1 (]: Writing injected SQL for node "model.kalshi_pipeline.fct_kalshi_features"
[0m17:36:29.815353 [debug] [Thread-1 (]: Began executing node model.kalshi_pipeline.fct_kalshi_features
[0m17:36:29.816593 [debug] [Thread-1 (]: Writing runtime sql for node "model.kalshi_pipeline.fct_kalshi_features"
[0m17:36:29.816891 [debug] [Thread-1 (]: Using duckdb connection "model.kalshi_pipeline.fct_kalshi_features"
[0m17:36:29.817036 [debug] [Thread-1 (]: On model.kalshi_pipeline.fct_kalshi_features: BEGIN
[0m17:36:29.817179 [debug] [Thread-1 (]: Opening a new connection, currently in state closed
[0m17:36:29.817461 [debug] [Thread-1 (]: SQL status: OK in 0.000 seconds
[0m17:36:29.817600 [debug] [Thread-1 (]: Using duckdb connection "model.kalshi_pipeline.fct_kalshi_features"
[0m17:36:29.817770 [debug] [Thread-1 (]: On model.kalshi_pipeline.fct_kalshi_features: /* {"app": "dbt", "dbt_version": "1.10.4", "profile_name": "kalshi_pipeline", "target_name": "dev", "node_id": "model.kalshi_pipeline.fct_kalshi_features"} */

  
    
    

    create  table
      "kalshi"."main"."fct_kalshi_features__dbt_tmp"
  
    as (
      WITH hourly_data AS (
    SELECT * FROM "kalshi"."main"."stg_weather"
),

target_temp AS (
    -- The Kalshi settlement hour (e.g., 6:00 PM / Hour 16)
    SELECT
        weather_date,
        temp_f AS target_temp_6pm
    FROM hourly_data
    WHERE hour_of_day = 18
),

morning_features AS (
    -- The data available to you when placing a morning trade (11:00 AM)
    SELECT
        weather_date,
        temp_f AS morning_temp_11am,
        cloud_cover AS morning_cloud_cover_11am
    FROM hourly_data
    WHERE hour_of_day = 11
)

SELECT
    t.weather_date,
    t.target_temp_6pm,
    m.morning_temp_11am,
    m.morning_cloud_cover_11am,
    LAG(t.target_temp_6pm) OVER (ORDER BY t.weather_date) AS yesterday_6pm_temp
FROM target_temp t
JOIN morning_features m 
    ON t.weather_date = m.weather_date
ORDER BY t.weather_date DESC
    );
  
  
[0m17:36:29.826515 [debug] [Thread-1 (]: SQL status: OK in 0.009 seconds
[0m17:36:29.827111 [debug] [Thread-1 (]: Using duckdb connection "model.kalshi_pipeline.fct_kalshi_features"
[0m17:36:29.827277 [debug] [Thread-1 (]: On model.kalshi_pipeline.fct_kalshi_features: /* {"app": "dbt", "dbt_version": "1.10.4", "profile_name": "kalshi_pipeline", "target_name": "dev", "node_id": "model.kalshi_pipeline.fct_kalshi_features"} */

    SELECT index_name
    FROM duckdb_indexes()
    WHERE schema_name = 'main'
      AND table_name = 'fct_kalshi_features'
  
[0m17:36:29.827692 [debug] [Thread-1 (]: SQL status: OK in 0.000 seconds
[0m17:36:29.828185 [debug] [Thread-1 (]: Using duckdb connection "model.kalshi_pipeline.fct_kalshi_features"
[0m17:36:29.828323 [debug] [Thread-1 (]: On model.kalshi_pipeline.fct_kalshi_features: /* {"app": "dbt", "dbt_version": "1.10.4", "profile_name": "kalshi_pipeline", "target_name": "dev", "node_id": "model.kalshi_pipeline.fct_kalshi_features"} */

    SELECT COUNT(*) as remaining_indexes
    FROM duckdb_indexes()
    WHERE schema_name = 'main'
      AND table_name = 'fct_kalshi_features'
  
[0m17:36:29.828650 [debug] [Thread-1 (]: SQL status: OK in 0.000 seconds
[0m17:36:29.829903 [debug] [Thread-1 (]: Using duckdb connection "model.kalshi_pipeline.fct_kalshi_features"
[0m17:36:29.830055 [debug] [Thread-1 (]: On model.kalshi_pipeline.fct_kalshi_features: /* {"app": "dbt", "dbt_version": "1.10.4", "profile_name": "kalshi_pipeline", "target_name": "dev", "node_id": "model.kalshi_pipeline.fct_kalshi_features"} */
alter table "kalshi"."main"."fct_kalshi_features" rename to "fct_kalshi_features__dbt_backup"
[0m17:36:29.830300 [debug] [Thread-1 (]: SQL status: OK in 0.000 seconds
[0m17:36:29.831361 [debug] [Thread-1 (]: Using duckdb connection "model.kalshi_pipeline.fct_kalshi_features"
[0m17:36:29.831514 [debug] [Thread-1 (]: On model.kalshi_pipeline.fct_kalshi_features: /* {"app": "dbt", "dbt_version": "1.10.4", "profile_name": "kalshi_pipeline", "target_name": "dev", "node_id": "model.kalshi_pipeline.fct_kalshi_features"} */
alter table "kalshi"."main"."fct_kalshi_features__dbt_tmp" rename to "fct_kalshi_features"
[0m17:36:29.831737 [debug] [Thread-1 (]: SQL status: OK in 0.000 seconds
[0m17:36:29.832428 [debug] [Thread-1 (]: On model.kalshi_pipeline.fct_kalshi_features: COMMIT
[0m17:36:29.832572 [debug] [Thread-1 (]: Using duckdb connection "model.kalshi_pipeline.fct_kalshi_features"
[0m17:36:29.832702 [debug] [Thread-1 (]: On model.kalshi_pipeline.fct_kalshi_features: COMMIT
[0m17:36:29.833082 [debug] [Thread-1 (]: SQL status: OK in 0.000 seconds
[0m17:36:29.833889 [debug] [Thread-1 (]: Using duckdb connection "model.kalshi_pipeline.fct_kalshi_features"
[0m17:36:29.834039 [debug] [Thread-1 (]: On model.kalshi_pipeline.fct_kalshi_features: /* {"app": "dbt", "dbt_version": "1.10.4", "profile_name": "kalshi_pipeline", "target_name": "dev", "node_id": "model.kalshi_pipeline.fct_kalshi_features"} */

      drop table if exists "kalshi"."main"."fct_kalshi_features__dbt_backup" cascade
    
[0m17:36:29.834327 [debug] [Thread-1 (]: SQL status: OK in 0.000 seconds
[0m17:36:29.834827 [debug] [Thread-1 (]: On model.kalshi_pipeline.fct_kalshi_features: Close
[0m17:36:29.835093 [debug] [Thread-1 (]: Sending event: {'category': 'dbt', 'action': 'run_model', 'label': '229d15a4-500a-40b5-af85-72fd261f55e9', 'context': [<snowplow_tracker.self_describing_json.SelfDescribingJson object at 0x1164fd460>]}
[0m17:36:29.835379 [info ] [Thread-1 (]: 2 of 2 OK created sql table model main.fct_kalshi_features ..................... [[32mOK[0m in 0.02s]
[0m17:36:29.835613 [debug] [Thread-1 (]: Finished running node model.kalshi_pipeline.fct_kalshi_features
[0m17:36:29.836103 [debug] [MainThread]: Using duckdb connection "master"
[0m17:36:29.836259 [debug] [MainThread]: On master: BEGIN
[0m17:36:29.836379 [debug] [MainThread]: Opening a new connection, currently in state closed
[0m17:36:29.836592 [debug] [MainThread]: SQL status: OK in 0.000 seconds
[0m17:36:29.836715 [debug] [MainThread]: On master: COMMIT
[0m17:36:29.836834 [debug] [MainThread]: Using duckdb connection "master"
[0m17:36:29.836940 [debug] [MainThread]: On master: COMMIT
[0m17:36:29.837106 [debug] [MainThread]: SQL status: OK in 0.000 seconds
[0m17:36:29.837230 [debug] [MainThread]: On master: Close
[0m17:36:29.837385 [debug] [MainThread]: Connection 'master' was properly closed.
[0m17:36:29.837494 [debug] [MainThread]: Connection 'model.kalshi_pipeline.fct_kalshi_features' was properly closed.
[0m17:36:29.837633 [info ] [MainThread]: 
[0m17:36:29.837779 [info ] [MainThread]: Finished running 2 table models in 0 hours 0 minutes and 0.13 seconds (0.13s).
[0m17:36:29.838098 [debug] [MainThread]: Command end result
[0m17:36:29.846234 [debug] [MainThread]: Wrote artifact WritableManifest to /Users/allisonfung/weather/kalshi_pipeline/target/manifest.json
[0m17:36:29.847142 [debug] [MainThread]: Wrote artifact SemanticManifest to /Users/allisonfung/weather/kalshi_pipeline/target/semantic_manifest.json
[0m17:36:29.849518 [debug] [MainThread]: Wrote artifact RunExecutionResult to /Users/allisonfung/weather/kalshi_pipeline/target/run_results.json
[0m17:36:29.849662 [info ] [MainThread]: 
[0m17:36:29.849831 [info ] [MainThread]: [32mCompleted successfully[0m
[0m17:36:29.849964 [info ] [MainThread]: 
[0m17:36:29.850109 [info ] [MainThread]: Done. PASS=2 WARN=0 ERROR=0 SKIP=0 NO-OP=0 TOTAL=2
[0m17:36:29.851924 [debug] [MainThread]: Resource report: {"command_name": "run", "command_success": true, "command_wall_clock_time": 0.5251548, "process_in_blocks": "0", "process_kernel_time": 0.155041, "process_mem_max_rss": "165691392", "process_out_blocks": "0", "process_user_time": 0.954909}
[0m17:36:29.852166 [debug] [MainThread]: Command `dbt run` succeeded at 17:36:29.852128 after 0.53 seconds
[0m17:36:29.852380 [debug] [MainThread]: Sending event: {'category': 'dbt', 'action': 'invocation', 'label': 'end', 'context': [<snowplow_tracker.self_describing_json.SelfDescribingJson object at 0x11010a030>, <snowplow_tracker.self_describing_json.SelfDescribingJson object at 0x11388c3e0>, <snowplow_tracker.self_describing_json.SelfDescribingJson object at 0x115b3be30>]}
[0m17:36:29.852570 [debug] [MainThread]: Flushing usage events
[0m17:36:30.127313 [debug] [MainThread]: An error was encountered while trying to flush usage events
[0m17:57:35.202552 [debug] [MainThread]: Sending event: {'category': 'dbt', 'action': 'invocation', 'label': 'start', 'context': [<snowplow_tracker.self_describing_json.SelfDescribingJson object at 0x10c2580e0>, <snowplow_tracker.self_describing_json.SelfDescribingJson object at 0x10bba4e90>, <snowplow_tracker.self_describing_json.SelfDescribingJson object at 0x10bba4da0>]}


============================== 17:57:35.206057 | 601d12aa-7ccd-4fc7-8fc0-3d8a6d89be28 ==============================
[0m17:57:35.206057 [info ] [MainThread]: Running with dbt=1.10.4
[0m17:57:35.206358 [debug] [MainThread]: running dbt with arguments {'printer_width': '80', 'indirect_selection': 'eager', 'log_cache_events': 'False', 'write_json': 'True', 'partial_parse': 'True', 'cache_selected_only': 'False', 'warn_error': 'None', 'debug': 'False', 'profiles_dir': '/Users/allisonfung/weather/kalshi_pipeline', 'log_path': '/Users/allisonfung/weather/kalshi_pipeline/logs', 'fail_fast': 'False', 'version_check': 'True', 'use_colors': 'True', 'use_experimental_parser': 'False', 'no_print': 'None', 'quiet': 'False', 'empty': 'False', 'warn_error_options': 'WarnErrorOptionsV2(error=[], warn=[], silence=[])', 'invocation_command': 'dbt run', 'introspect': 'True', 'static_parser': 'True', 'target_path': 'None', 'log_format': 'default', 'send_anonymous_usage_stats': 'True'}
[0m17:57:35.364093 [debug] [MainThread]: Sending event: {'category': 'dbt', 'action': 'project_id', 'label': '601d12aa-7ccd-4fc7-8fc0-3d8a6d89be28', 'context': [<snowplow_tracker.self_describing_json.SelfDescribingJson object at 0x10bbdbdd0>]}
[0m17:57:35.385470 [debug] [MainThread]: Sending event: {'category': 'dbt', 'action': 'adapter_info', 'label': '601d12aa-7ccd-4fc7-8fc0-3d8a6d89be28', 'context': [<snowplow_tracker.self_describing_json.SelfDescribingJson object at 0x10d6b8fb0>]}
[0m17:57:35.386512 [info ] [MainThread]: Registered adapter: duckdb=1.10.0
[0m17:57:35.430012 [debug] [MainThread]: checksum: 073cb5a296270136b24f9c040fdebd0642ef9c263903ef463bfe7e190c538da2, vars: {}, profile: , target: , version: 1.10.4
[0m17:57:35.482070 [debug] [MainThread]: Partial parsing enabled: 0 files deleted, 0 files added, 1 files changed.
[0m17:57:35.482356 [debug] [MainThread]: Partial parsing: updated file: kalshi_pipeline://models/fct_kalshi_features.sql
[0m17:57:35.574899 [debug] [MainThread]: Sending event: {'category': 'dbt', 'action': 'load_project', 'label': '601d12aa-7ccd-4fc7-8fc0-3d8a6d89be28', 'context': [<snowplow_tracker.self_describing_json.SelfDescribingJson object at 0x10db5ccb0>]}
[0m17:57:35.600615 [debug] [MainThread]: Wrote artifact WritableManifest to /Users/allisonfung/weather/kalshi_pipeline/target/manifest.json
[0m17:57:35.602114 [debug] [MainThread]: Wrote artifact SemanticManifest to /Users/allisonfung/weather/kalshi_pipeline/target/semantic_manifest.json
[0m17:57:35.612710 [debug] [MainThread]: Sending event: {'category': 'dbt', 'action': 'resource_counts', 'label': '601d12aa-7ccd-4fc7-8fc0-3d8a6d89be28', 'context': [<snowplow_tracker.self_describing_json.SelfDescribingJson object at 0x10df842f0>]}
[0m17:57:35.612916 [info ] [MainThread]: Found 2 models, 1 source, 443 macros
[0m17:57:35.613076 [debug] [MainThread]: Sending event: {'category': 'dbt', 'action': 'runnable_timing', 'label': '601d12aa-7ccd-4fc7-8fc0-3d8a6d89be28', 'context': [<snowplow_tracker.self_describing_json.SelfDescribingJson object at 0x10df9fbc0>]}
[0m17:57:35.613777 [info ] [MainThread]: 
[0m17:57:35.613939 [info ] [MainThread]: Concurrency: 1 threads (target='dev')
[0m17:57:35.614059 [info ] [MainThread]: 
[0m17:57:35.614265 [debug] [MainThread]: Acquiring new duckdb connection 'master'
[0m17:57:35.615992 [debug] [ThreadPool]: Acquiring new duckdb connection 'list_kalshi'
[0m17:57:35.640890 [debug] [ThreadPool]: Using duckdb connection "list_kalshi"
[0m17:57:35.641102 [debug] [ThreadPool]: On list_kalshi: /* {"app": "dbt", "dbt_version": "1.10.4", "profile_name": "kalshi_pipeline", "target_name": "dev", "connection_name": "list_kalshi"} */

    
    select schema_name
    from system.information_schema.schemata
    
    where lower(catalog_name) = '"kalshi"'
    
  
  
[0m17:57:35.641238 [debug] [ThreadPool]: Opening a new connection, currently in state init
[0m17:57:35.655939 [debug] [ThreadPool]: SQL status: OK in 0.015 seconds
[0m17:57:35.656515 [debug] [ThreadPool]: On list_kalshi: Close
[0m17:57:35.656785 [debug] [ThreadPool]: Re-using an available connection from the pool (formerly list_kalshi, now create_kalshi_main)
[0m17:57:35.656966 [debug] [ThreadPool]: Creating schema "database: "kalshi"
schema: "main"
"
[0m17:57:35.659574 [debug] [ThreadPool]: Using duckdb connection "create_kalshi_main"
[0m17:57:35.659707 [debug] [ThreadPool]: On create_kalshi_main: /* {"app": "dbt", "dbt_version": "1.10.4", "profile_name": "kalshi_pipeline", "target_name": "dev", "connection_name": "create_kalshi_main"} */

    
        select type from duckdb_databases()
        where lower(database_name)='kalshi'
        and type='sqlite'
    
  
[0m17:57:35.659816 [debug] [ThreadPool]: Opening a new connection, currently in state closed
[0m17:57:35.660497 [debug] [ThreadPool]: SQL status: OK in 0.001 seconds
[0m17:57:35.660978 [debug] [ThreadPool]: Using duckdb connection "create_kalshi_main"
[0m17:57:35.661091 [debug] [ThreadPool]: On create_kalshi_main: BEGIN
[0m17:57:35.661260 [debug] [ThreadPool]: SQL status: OK in 0.000 seconds
[0m17:57:35.661373 [debug] [ThreadPool]: Using duckdb connection "create_kalshi_main"
[0m17:57:35.661491 [debug] [ThreadPool]: On create_kalshi_main: /* {"app": "dbt", "dbt_version": "1.10.4", "profile_name": "kalshi_pipeline", "target_name": "dev", "connection_name": "create_kalshi_main"} */

    
    
        create schema if not exists "kalshi"."main"
    
[0m17:57:35.661682 [debug] [ThreadPool]: SQL status: OK in 0.000 seconds
[0m17:57:35.662001 [debug] [ThreadPool]: On create_kalshi_main: COMMIT
[0m17:57:35.662116 [debug] [ThreadPool]: Using duckdb connection "create_kalshi_main"
[0m17:57:35.662217 [debug] [ThreadPool]: On create_kalshi_main: COMMIT
[0m17:57:35.662372 [debug] [ThreadPool]: SQL status: OK in 0.000 seconds
[0m17:57:35.662495 [debug] [ThreadPool]: On create_kalshi_main: Close
[0m17:57:35.662961 [debug] [ThreadPool]: Re-using an available connection from the pool (formerly create_kalshi_main, now list_kalshi_main)
[0m17:57:35.665052 [debug] [ThreadPool]: Using duckdb connection "list_kalshi_main"
[0m17:57:35.665191 [debug] [ThreadPool]: On list_kalshi_main: BEGIN
[0m17:57:35.665300 [debug] [ThreadPool]: Opening a new connection, currently in state closed
[0m17:57:35.665491 [debug] [ThreadPool]: SQL status: OK in 0.000 seconds
[0m17:57:35.665613 [debug] [ThreadPool]: Using duckdb connection "list_kalshi_main"
[0m17:57:35.665735 [debug] [ThreadPool]: On list_kalshi_main: /* {"app": "dbt", "dbt_version": "1.10.4", "profile_name": "kalshi_pipeline", "target_name": "dev", "connection_name": "list_kalshi_main"} */
select
      'kalshi' as database,
      table_name as name,
      table_schema as schema,
      CASE table_type
        WHEN 'BASE TABLE' THEN 'table'
        WHEN 'VIEW' THEN 'view'
        WHEN 'LOCAL TEMPORARY' THEN 'table'
        END as type
    from system.information_schema.tables
    where lower(table_schema) = 'main'
    and lower(table_catalog) = 'kalshi'
  
[0m17:57:35.668173 [debug] [ThreadPool]: SQL status: OK in 0.002 seconds
[0m17:57:35.668708 [debug] [ThreadPool]: On list_kalshi_main: ROLLBACK
[0m17:57:35.669531 [debug] [ThreadPool]: Failed to rollback 'list_kalshi_main'
[0m17:57:35.669661 [debug] [ThreadPool]: On list_kalshi_main: Close
[0m17:57:35.670015 [debug] [MainThread]: Sending event: {'category': 'dbt', 'action': 'runnable_timing', 'label': '601d12aa-7ccd-4fc7-8fc0-3d8a6d89be28', 'context': [<snowplow_tracker.self_describing_json.SelfDescribingJson object at 0x10da06b70>]}
[0m17:57:35.670207 [debug] [MainThread]: Using duckdb connection "master"
[0m17:57:35.670330 [debug] [MainThread]: On master: BEGIN
[0m17:57:35.670446 [debug] [MainThread]: Opening a new connection, currently in state init
[0m17:57:35.670632 [debug] [MainThread]: SQL status: OK in 0.000 seconds
[0m17:57:35.670753 [debug] [MainThread]: On master: COMMIT
[0m17:57:35.670875 [debug] [MainThread]: Using duckdb connection "master"
[0m17:57:35.670984 [debug] [MainThread]: On master: COMMIT
[0m17:57:35.671144 [debug] [MainThread]: SQL status: OK in 0.000 seconds
[0m17:57:35.671270 [debug] [MainThread]: On master: Close
[0m17:57:35.672337 [debug] [Thread-1 (]: Began running node model.kalshi_pipeline.stg_weather
[0m17:57:35.672557 [info ] [Thread-1 (]: 1 of 2 START sql table model main.stg_weather .................................. [RUN]
[0m17:57:35.672740 [debug] [Thread-1 (]: Re-using an available connection from the pool (formerly list_kalshi_main, now model.kalshi_pipeline.stg_weather)
[0m17:57:35.672989 [debug] [Thread-1 (]: Began compiling node model.kalshi_pipeline.stg_weather
[0m17:57:35.675828 [debug] [Thread-1 (]: Writing injected SQL for node "model.kalshi_pipeline.stg_weather"
[0m17:57:35.676118 [debug] [Thread-1 (]: Began executing node model.kalshi_pipeline.stg_weather
[0m17:57:35.688867 [debug] [Thread-1 (]: Writing runtime sql for node "model.kalshi_pipeline.stg_weather"
[0m17:57:35.689814 [debug] [Thread-1 (]: Using duckdb connection "model.kalshi_pipeline.stg_weather"
[0m17:57:35.690087 [debug] [Thread-1 (]: On model.kalshi_pipeline.stg_weather: BEGIN
[0m17:57:35.690239 [debug] [Thread-1 (]: Opening a new connection, currently in state closed
[0m17:57:35.690568 [debug] [Thread-1 (]: SQL status: OK in 0.000 seconds
[0m17:57:35.690698 [debug] [Thread-1 (]: Using duckdb connection "model.kalshi_pipeline.stg_weather"
[0m17:57:35.690838 [debug] [Thread-1 (]: On model.kalshi_pipeline.stg_weather: /* {"app": "dbt", "dbt_version": "1.10.4", "profile_name": "kalshi_pipeline", "target_name": "dev", "node_id": "model.kalshi_pipeline.stg_weather"} */

  
    
    

    create  table
      "kalshi"."main"."stg_weather__dbt_tmp"
  
    as (
      SELECT
    CAST(time AS TIMESTAMP) AS weather_timestamp,
    CAST(time AS DATE) AS weather_date,
    EXTRACT(HOUR FROM CAST(time AS TIMESTAMP)) AS hour_of_day,
    temperature_2m AS temp_f,
    relative_humidity_2m AS humidity,
    cloud_cover,
    precipitation
FROM '../data/raw_central_park_weather.parquet'
    );
  
  
[0m17:57:35.700079 [debug] [Thread-1 (]: SQL status: OK in 0.009 seconds
[0m17:57:35.702630 [debug] [Thread-1 (]: Using duckdb connection "model.kalshi_pipeline.stg_weather"
[0m17:57:35.702803 [debug] [Thread-1 (]: On model.kalshi_pipeline.stg_weather: /* {"app": "dbt", "dbt_version": "1.10.4", "profile_name": "kalshi_pipeline", "target_name": "dev", "node_id": "model.kalshi_pipeline.stg_weather"} */

    SELECT index_name
    FROM duckdb_indexes()
    WHERE schema_name = 'main'
      AND table_name = 'stg_weather'
  
[0m17:57:35.703150 [debug] [Thread-1 (]: SQL status: OK in 0.000 seconds
[0m17:57:35.703673 [debug] [Thread-1 (]: Using duckdb connection "model.kalshi_pipeline.stg_weather"
[0m17:57:35.703817 [debug] [Thread-1 (]: On model.kalshi_pipeline.stg_weather: /* {"app": "dbt", "dbt_version": "1.10.4", "profile_name": "kalshi_pipeline", "target_name": "dev", "node_id": "model.kalshi_pipeline.stg_weather"} */

    SELECT COUNT(*) as remaining_indexes
    FROM duckdb_indexes()
    WHERE schema_name = 'main'
      AND table_name = 'stg_weather'
  
[0m17:57:35.704545 [debug] [Thread-1 (]: SQL status: OK in 0.001 seconds
[0m17:57:35.707387 [debug] [Thread-1 (]: Using duckdb connection "model.kalshi_pipeline.stg_weather"
[0m17:57:35.707536 [debug] [Thread-1 (]: On model.kalshi_pipeline.stg_weather: /* {"app": "dbt", "dbt_version": "1.10.4", "profile_name": "kalshi_pipeline", "target_name": "dev", "node_id": "model.kalshi_pipeline.stg_weather"} */
alter table "kalshi"."main"."stg_weather" rename to "stg_weather__dbt_backup"
[0m17:57:35.708322 [debug] [Thread-1 (]: SQL status: OK in 0.001 seconds
[0m17:57:35.709480 [debug] [Thread-1 (]: Using duckdb connection "model.kalshi_pipeline.stg_weather"
[0m17:57:35.709620 [debug] [Thread-1 (]: On model.kalshi_pipeline.stg_weather: /* {"app": "dbt", "dbt_version": "1.10.4", "profile_name": "kalshi_pipeline", "target_name": "dev", "node_id": "model.kalshi_pipeline.stg_weather"} */
alter table "kalshi"."main"."stg_weather__dbt_tmp" rename to "stg_weather"
[0m17:57:35.709855 [debug] [Thread-1 (]: SQL status: OK in 0.000 seconds
[0m17:57:35.715349 [debug] [Thread-1 (]: On model.kalshi_pipeline.stg_weather: COMMIT
[0m17:57:35.715512 [debug] [Thread-1 (]: Using duckdb connection "model.kalshi_pipeline.stg_weather"
[0m17:57:35.715648 [debug] [Thread-1 (]: On model.kalshi_pipeline.stg_weather: COMMIT
[0m17:57:35.717035 [debug] [Thread-1 (]: SQL status: OK in 0.001 seconds
[0m17:57:35.719075 [debug] [Thread-1 (]: Using duckdb connection "model.kalshi_pipeline.stg_weather"
[0m17:57:35.719219 [debug] [Thread-1 (]: On model.kalshi_pipeline.stg_weather: /* {"app": "dbt", "dbt_version": "1.10.4", "profile_name": "kalshi_pipeline", "target_name": "dev", "node_id": "model.kalshi_pipeline.stg_weather"} */

      drop table if exists "kalshi"."main"."stg_weather__dbt_backup" cascade
    
[0m17:57:35.719558 [debug] [Thread-1 (]: SQL status: OK in 0.000 seconds
[0m17:57:35.720467 [debug] [Thread-1 (]: On model.kalshi_pipeline.stg_weather: Close
[0m17:57:35.721315 [debug] [Thread-1 (]: Sending event: {'category': 'dbt', 'action': 'run_model', 'label': '601d12aa-7ccd-4fc7-8fc0-3d8a6d89be28', 'context': [<snowplow_tracker.self_describing_json.SelfDescribingJson object at 0x10ee006e0>]}
[0m17:57:35.721591 [info ] [Thread-1 (]: 1 of 2 OK created sql table model main.stg_weather ............................. [[32mOK[0m in 0.05s]
[0m17:57:35.721842 [debug] [Thread-1 (]: Finished running node model.kalshi_pipeline.stg_weather
[0m17:57:35.722179 [debug] [Thread-1 (]: Began running node model.kalshi_pipeline.fct_kalshi_features
[0m17:57:35.722384 [info ] [Thread-1 (]: 2 of 2 START sql table model main.fct_kalshi_features .......................... [RUN]
[0m17:57:35.722564 [debug] [Thread-1 (]: Re-using an available connection from the pool (formerly model.kalshi_pipeline.stg_weather, now model.kalshi_pipeline.fct_kalshi_features)
[0m17:57:35.722715 [debug] [Thread-1 (]: Began compiling node model.kalshi_pipeline.fct_kalshi_features
[0m17:57:35.724442 [debug] [Thread-1 (]: Writing injected SQL for node "model.kalshi_pipeline.fct_kalshi_features"
[0m17:57:35.724722 [debug] [Thread-1 (]: Began executing node model.kalshi_pipeline.fct_kalshi_features
[0m17:57:35.725900 [debug] [Thread-1 (]: Writing runtime sql for node "model.kalshi_pipeline.fct_kalshi_features"
[0m17:57:35.726494 [debug] [Thread-1 (]: Using duckdb connection "model.kalshi_pipeline.fct_kalshi_features"
[0m17:57:35.726630 [debug] [Thread-1 (]: On model.kalshi_pipeline.fct_kalshi_features: BEGIN
[0m17:57:35.726754 [debug] [Thread-1 (]: Opening a new connection, currently in state closed
[0m17:57:35.726983 [debug] [Thread-1 (]: SQL status: OK in 0.000 seconds
[0m17:57:35.727128 [debug] [Thread-1 (]: Using duckdb connection "model.kalshi_pipeline.fct_kalshi_features"
[0m17:57:35.727290 [debug] [Thread-1 (]: On model.kalshi_pipeline.fct_kalshi_features: /* {"app": "dbt", "dbt_version": "1.10.4", "profile_name": "kalshi_pipeline", "target_name": "dev", "node_id": "model.kalshi_pipeline.fct_kalshi_features"} */

  
    
    

    create  table
      "kalshi"."main"."fct_kalshi_features__dbt_tmp"
  
    as (
      WITH hourly_data AS (
    SELECT * FROM "kalshi"."main"."stg_weather"
),

daily_high AS (
    -- The Kalshi settlement target: the day's maximum temperature
    SELECT
        weather_date,
        MAX(temp_f) AS target_high_temp
    FROM hourly_data
    GROUP BY weather_date
),

morning_features AS (
    -- The data available to you when placing a morning trade (11:00 AM)
    SELECT
        weather_date,
        temp_f AS morning_temp_11am,
        cloud_cover AS morning_cloud_cover_11am
    FROM hourly_data
    WHERE hour_of_day = 11
)

SELECT
    d.weather_date,
    d.target_high_temp,
    m.morning_temp_11am,
    m.morning_cloud_cover_11am,
    LAG(d.target_high_temp) OVER (ORDER BY d.weather_date) AS yesterday_high_temp
FROM daily_high d
JOIN morning_features m
    ON d.weather_date = m.weather_date
ORDER BY d.weather_date DESC
    );
  
  
[0m17:57:35.735927 [debug] [Thread-1 (]: SQL status: OK in 0.008 seconds
[0m17:57:35.736485 [debug] [Thread-1 (]: Using duckdb connection "model.kalshi_pipeline.fct_kalshi_features"
[0m17:57:35.736633 [debug] [Thread-1 (]: On model.kalshi_pipeline.fct_kalshi_features: /* {"app": "dbt", "dbt_version": "1.10.4", "profile_name": "kalshi_pipeline", "target_name": "dev", "node_id": "model.kalshi_pipeline.fct_kalshi_features"} */

    SELECT index_name
    FROM duckdb_indexes()
    WHERE schema_name = 'main'
      AND table_name = 'fct_kalshi_features'
  
[0m17:57:35.737024 [debug] [Thread-1 (]: SQL status: OK in 0.000 seconds
[0m17:57:35.737496 [debug] [Thread-1 (]: Using duckdb connection "model.kalshi_pipeline.fct_kalshi_features"
[0m17:57:35.737638 [debug] [Thread-1 (]: On model.kalshi_pipeline.fct_kalshi_features: /* {"app": "dbt", "dbt_version": "1.10.4", "profile_name": "kalshi_pipeline", "target_name": "dev", "node_id": "model.kalshi_pipeline.fct_kalshi_features"} */

    SELECT COUNT(*) as remaining_indexes
    FROM duckdb_indexes()
    WHERE schema_name = 'main'
      AND table_name = 'fct_kalshi_features'
  
[0m17:57:35.737956 [debug] [Thread-1 (]: SQL status: OK in 0.000 seconds
[0m17:57:35.739227 [debug] [Thread-1 (]: Using duckdb connection "model.kalshi_pipeline.fct_kalshi_features"
[0m17:57:35.739370 [debug] [Thread-1 (]: On model.kalshi_pipeline.fct_kalshi_features: /* {"app": "dbt", "dbt_version": "1.10.4", "profile_name": "kalshi_pipeline", "target_name": "dev", "node_id": "model.kalshi_pipeline.fct_kalshi_features"} */
alter table "kalshi"."main"."fct_kalshi_features" rename to "fct_kalshi_features__dbt_backup"
[0m17:57:35.739614 [debug] [Thread-1 (]: SQL status: OK in 0.000 seconds
[0m17:57:35.740625 [debug] [Thread-1 (]: Using duckdb connection "model.kalshi_pipeline.fct_kalshi_features"
[0m17:57:35.740763 [debug] [Thread-1 (]: On model.kalshi_pipeline.fct_kalshi_features: /* {"app": "dbt", "dbt_version": "1.10.4", "profile_name": "kalshi_pipeline", "target_name": "dev", "node_id": "model.kalshi_pipeline.fct_kalshi_features"} */
alter table "kalshi"."main"."fct_kalshi_features__dbt_tmp" rename to "fct_kalshi_features"
[0m17:57:35.740982 [debug] [Thread-1 (]: SQL status: OK in 0.000 seconds
[0m17:57:35.741665 [debug] [Thread-1 (]: On model.kalshi_pipeline.fct_kalshi_features: COMMIT
[0m17:57:35.741803 [debug] [Thread-1 (]: Using duckdb connection "model.kalshi_pipeline.fct_kalshi_features"
[0m17:57:35.741927 [debug] [Thread-1 (]: On model.kalshi_pipeline.fct_kalshi_features: COMMIT
[0m17:57:35.742314 [debug] [Thread-1 (]: SQL status: OK in 0.000 seconds
[0m17:57:35.743149 [debug] [Thread-1 (]: Using duckdb connection "model.kalshi_pipeline.fct_kalshi_features"
[0m17:57:35.743292 [debug] [Thread-1 (]: On model.kalshi_pipeline.fct_kalshi_features: /* {"app": "dbt", "dbt_version": "1.10.4", "profile_name": "kalshi_pipeline", "target_name": "dev", "node_id": "model.kalshi_pipeline.fct_kalshi_features"} */

      drop table if exists "kalshi"."main"."fct_kalshi_features__dbt_backup" cascade
    
[0m17:57:35.743592 [debug] [Thread-1 (]: SQL status: OK in 0.000 seconds
[0m17:57:35.744099 [debug] [Thread-1 (]: On model.kalshi_pipeline.fct_kalshi_features: Close
[0m17:57:35.744353 [debug] [Thread-1 (]: Sending event: {'category': 'dbt', 'action': 'run_model', 'label': '601d12aa-7ccd-4fc7-8fc0-3d8a6d89be28', 'context': [<snowplow_tracker.self_describing_json.SelfDescribingJson object at 0x10ee24bf0>]}
[0m17:57:35.744606 [info ] [Thread-1 (]: 2 of 2 OK created sql table model main.fct_kalshi_features ..................... [[32mOK[0m in 0.02s]
[0m17:57:35.744842 [debug] [Thread-1 (]: Finished running node model.kalshi_pipeline.fct_kalshi_features
[0m17:57:35.745362 [debug] [MainThread]: Using duckdb connection "master"
[0m17:57:35.745502 [debug] [MainThread]: On master: BEGIN
[0m17:57:35.745611 [debug] [MainThread]: Opening a new connection, currently in state closed
[0m17:57:35.745827 [debug] [MainThread]: SQL status: OK in 0.000 seconds
[0m17:57:35.745945 [debug] [MainThread]: On master: COMMIT
[0m17:57:35.746063 [debug] [MainThread]: Using duckdb connection "master"
[0m17:57:35.746172 [debug] [MainThread]: On master: COMMIT
[0m17:57:35.746327 [debug] [MainThread]: SQL status: OK in 0.000 seconds
[0m17:57:35.746447 [debug] [MainThread]: On master: Close
[0m17:57:35.746594 [debug] [MainThread]: Connection 'master' was properly closed.
[0m17:57:35.746707 [debug] [MainThread]: Connection 'model.kalshi_pipeline.fct_kalshi_features' was properly closed.
[0m17:57:35.746840 [info ] [MainThread]: 
[0m17:57:35.746988 [info ] [MainThread]: Finished running 2 table models in 0 hours 0 minutes and 0.13 seconds (0.13s).
[0m17:57:35.747306 [debug] [MainThread]: Command end result
[0m17:57:35.754897 [debug] [MainThread]: Wrote artifact WritableManifest to /Users/allisonfung/weather/kalshi_pipeline/target/manifest.json
[0m17:57:35.756086 [debug] [MainThread]: Wrote artifact SemanticManifest to /Users/allisonfung/weather/kalshi_pipeline/target/semantic_manifest.json
[0m17:57:35.759150 [debug] [MainThread]: Wrote artifact RunExecutionResult to /Users/allisonfung/weather/kalshi_pipeline/target/run_results.json
[0m17:57:35.759314 [info ] [MainThread]: 
[0m17:57:35.759498 [info ] [MainThread]: [32mCompleted successfully[0m
[0m17:57:35.759632 [info ] [MainThread]: 
[0m17:57:35.759782 [info ] [MainThread]: Done. PASS=2 WARN=0 ERROR=0 SKIP=0 NO-OP=0 TOTAL=2
[0m17:57:35.761785 [debug] [MainThread]: Resource report: {"command_name": "run", "command_success": true, "command_wall_clock_time": 0.59272844, "process_in_blocks": "0", "process_kernel_time": 0.183003, "process_mem_max_rss": "177061888", "process_out_blocks": "0", "process_user_time": 0.92663}
[0m17:57:35.762007 [debug] [MainThread]: Command `dbt run` succeeded at 17:57:35.761973 after 0.59 seconds
[0m17:57:35.762176 [debug] [MainThread]: Sending event: {'category': 'dbt', 'action': 'invocation', 'label': 'end', 'context': [<snowplow_tracker.self_describing_json.SelfDescribingJson object at 0x10c2580e0>, <snowplow_tracker.self_describing_json.SelfDescribingJson object at 0x10d468b00>, <snowplow_tracker.self_describing_json.SelfDescribingJson object at 0x10eb17170>]}
[0m17:57:35.762333 [debug] [MainThread]: Flushing usage events
[0m17:57:36.024014 [debug] [MainThread]: An error was encountered while trying to flush usage events
[0m21:45:43.047306 [debug] [MainThread]: Sending event: {'category': 'dbt', 'action': 'invocation', 'label': 'start', 'context': [<snowplow_tracker.self_describing_json.SelfDescribingJson object at 0x102acb650>, <snowplow_tracker.self_describing_json.SelfDescribingJson object at 0x1138a48c0>, <snowplow_tracker.self_describing_json.SelfDescribingJson object at 0x1138a4dd0>]}


============================== 21:45:43.050336 | 4eab26fe-2356-4e86-9d14-063f22f6bde0 ==============================
[0m21:45:43.050336 [info ] [MainThread]: Running with dbt=1.10.4
[0m21:45:43.050615 [debug] [MainThread]: running dbt with arguments {'printer_width': '80', 'indirect_selection': 'eager', 'log_cache_events': 'False', 'write_json': 'True', 'partial_parse': 'True', 'cache_selected_only': 'False', 'profiles_dir': '/Users/allisonfung/weather/kalshi_pipeline', 'fail_fast': 'False', 'debug': 'False', 'log_path': '/Users/allisonfung/weather/kalshi_pipeline/logs', 'version_check': 'True', 'warn_error': 'None', 'use_colors': 'True', 'use_experimental_parser': 'False', 'no_print': 'None', 'quiet': 'False', 'empty': 'False', 'log_format': 'default', 'invocation_command': 'dbt run', 'introspect': 'True', 'static_parser': 'True', 'target_path': 'None', 'warn_error_options': 'WarnErrorOptionsV2(error=[], warn=[], silence=[])', 'send_anonymous_usage_stats': 'True'}
[0m21:45:43.202191 [debug] [MainThread]: Sending event: {'category': 'dbt', 'action': 'project_id', 'label': '4eab26fe-2356-4e86-9d14-063f22f6bde0', 'context': [<snowplow_tracker.self_describing_json.SelfDescribingJson object at 0x1154907a0>]}
[0m21:45:43.224064 [debug] [MainThread]: Sending event: {'category': 'dbt', 'action': 'adapter_info', 'label': '4eab26fe-2356-4e86-9d14-063f22f6bde0', 'context': [<snowplow_tracker.self_describing_json.SelfDescribingJson object at 0x115636a80>]}
[0m21:45:43.225711 [info ] [MainThread]: Registered adapter: duckdb=1.10.0
[0m21:45:43.268771 [debug] [MainThread]: checksum: 073cb5a296270136b24f9c040fdebd0642ef9c263903ef463bfe7e190c538da2, vars: {}, profile: , target: , version: 1.10.4
[0m21:45:43.323037 [debug] [MainThread]: Partial parsing enabled: 0 files deleted, 1 files added, 1 files changed.
[0m21:45:43.323363 [debug] [MainThread]: Partial parsing: added file: kalshi_pipeline://models/stg_forecast.sql
[0m21:45:43.323606 [debug] [MainThread]: Partial parsing: updated file: kalshi_pipeline://models/sources.yml
[0m21:45:43.457598 [debug] [MainThread]: Sending event: {'category': 'dbt', 'action': 'load_project', 'label': '4eab26fe-2356-4e86-9d14-063f22f6bde0', 'context': [<snowplow_tracker.self_describing_json.SelfDescribingJson object at 0x115bb8500>]}
[0m21:45:43.481935 [debug] [MainThread]: Wrote artifact WritableManifest to /Users/allisonfung/weather/kalshi_pipeline/target/manifest.json
[0m21:45:43.483216 [debug] [MainThread]: Wrote artifact SemanticManifest to /Users/allisonfung/weather/kalshi_pipeline/target/semantic_manifest.json
[0m21:45:43.494220 [debug] [MainThread]: Sending event: {'category': 'dbt', 'action': 'resource_counts', 'label': '4eab26fe-2356-4e86-9d14-063f22f6bde0', 'context': [<snowplow_tracker.self_describing_json.SelfDescribingJson object at 0x115a04080>]}
[0m21:45:43.494448 [info ] [MainThread]: Found 3 models, 2 sources, 443 macros
[0m21:45:43.494611 [debug] [MainThread]: Sending event: {'category': 'dbt', 'action': 'runnable_timing', 'label': '4eab26fe-2356-4e86-9d14-063f22f6bde0', 'context': [<snowplow_tracker.self_describing_json.SelfDescribingJson object at 0x115ba9100>]}
[0m21:45:43.495418 [info ] [MainThread]: 
[0m21:45:43.495581 [info ] [MainThread]: Concurrency: 1 threads (target='dev')
[0m21:45:43.495708 [info ] [MainThread]: 
[0m21:45:43.495915 [debug] [MainThread]: Acquiring new duckdb connection 'master'
[0m21:45:43.497711 [debug] [ThreadPool]: Acquiring new duckdb connection 'list_kalshi'
[0m21:45:43.522678 [debug] [ThreadPool]: Using duckdb connection "list_kalshi"
[0m21:45:43.522887 [debug] [ThreadPool]: On list_kalshi: /* {"app": "dbt", "dbt_version": "1.10.4", "profile_name": "kalshi_pipeline", "target_name": "dev", "connection_name": "list_kalshi"} */

    
    select schema_name
    from system.information_schema.schemata
    
    where lower(catalog_name) = '"kalshi"'
    
  
  
[0m21:45:43.523018 [debug] [ThreadPool]: Opening a new connection, currently in state init
[0m21:45:43.535435 [debug] [ThreadPool]: SQL status: OK in 0.012 seconds
[0m21:45:43.535992 [debug] [ThreadPool]: On list_kalshi: Close
[0m21:45:43.536264 [debug] [ThreadPool]: Re-using an available connection from the pool (formerly list_kalshi, now create_kalshi_main)
[0m21:45:43.536641 [debug] [ThreadPool]: Creating schema "database: "kalshi"
schema: "main"
"
[0m21:45:43.539466 [debug] [ThreadPool]: Using duckdb connection "create_kalshi_main"
[0m21:45:43.539757 [debug] [ThreadPool]: On create_kalshi_main: /* {"app": "dbt", "dbt_version": "1.10.4", "profile_name": "kalshi_pipeline", "target_name": "dev", "connection_name": "create_kalshi_main"} */

    
        select type from duckdb_databases()
        where lower(database_name)='kalshi'
        and type='sqlite'
    
  
[0m21:45:43.539901 [debug] [ThreadPool]: Opening a new connection, currently in state closed
[0m21:45:43.540836 [debug] [ThreadPool]: SQL status: OK in 0.001 seconds
[0m21:45:43.541452 [debug] [ThreadPool]: Using duckdb connection "create_kalshi_main"
[0m21:45:43.541600 [debug] [ThreadPool]: On create_kalshi_main: BEGIN
[0m21:45:43.541804 [debug] [ThreadPool]: SQL status: OK in 0.000 seconds
[0m21:45:43.541944 [debug] [ThreadPool]: Using duckdb connection "create_kalshi_main"
[0m21:45:43.542076 [debug] [ThreadPool]: On create_kalshi_main: /* {"app": "dbt", "dbt_version": "1.10.4", "profile_name": "kalshi_pipeline", "target_name": "dev", "connection_name": "create_kalshi_main"} */

    
    
        create schema if not exists "kalshi"."main"
    
[0m21:45:43.542299 [debug] [ThreadPool]: SQL status: OK in 0.000 seconds
[0m21:45:43.542612 [debug] [ThreadPool]: On create_kalshi_main: COMMIT
[0m21:45:43.542733 [debug] [ThreadPool]: Using duckdb connection "create_kalshi_main"
[0m21:45:43.542848 [debug] [ThreadPool]: On create_kalshi_main: COMMIT
[0m21:45:43.543017 [debug] [ThreadPool]: SQL status: OK in 0.000 seconds
[0m21:45:43.543152 [debug] [ThreadPool]: On create_kalshi_main: Close
[0m21:45:43.543756 [debug] [ThreadPool]: Re-using an available connection from the pool (formerly create_kalshi_main, now list_kalshi_main)
[0m21:45:43.546204 [debug] [ThreadPool]: Using duckdb connection "list_kalshi_main"
[0m21:45:43.546326 [debug] [ThreadPool]: On list_kalshi_main: BEGIN
[0m21:45:43.546426 [debug] [ThreadPool]: Opening a new connection, currently in state closed
[0m21:45:43.546617 [debug] [ThreadPool]: SQL status: OK in 0.000 seconds
[0m21:45:43.546733 [debug] [ThreadPool]: Using duckdb connection "list_kalshi_main"
[0m21:45:43.546850 [debug] [ThreadPool]: On list_kalshi_main: /* {"app": "dbt", "dbt_version": "1.10.4", "profile_name": "kalshi_pipeline", "target_name": "dev", "connection_name": "list_kalshi_main"} */
select
      'kalshi' as database,
      table_name as name,
      table_schema as schema,
      CASE table_type
        WHEN 'BASE TABLE' THEN 'table'
        WHEN 'VIEW' THEN 'view'
        WHEN 'LOCAL TEMPORARY' THEN 'table'
        END as type
    from system.information_schema.tables
    where lower(table_schema) = 'main'
    and lower(table_catalog) = 'kalshi'
  
[0m21:45:43.548950 [debug] [ThreadPool]: SQL status: OK in 0.002 seconds
[0m21:45:43.549691 [debug] [ThreadPool]: On list_kalshi_main: ROLLBACK
[0m21:45:43.550524 [debug] [ThreadPool]: Failed to rollback 'list_kalshi_main'
[0m21:45:43.550681 [debug] [ThreadPool]: On list_kalshi_main: Close
[0m21:45:43.551079 [debug] [MainThread]: Sending event: {'category': 'dbt', 'action': 'runnable_timing', 'label': '4eab26fe-2356-4e86-9d14-063f22f6bde0', 'context': [<snowplow_tracker.self_describing_json.SelfDescribingJson object at 0x1057d14f0>]}
[0m21:45:43.551294 [debug] [MainThread]: Using duckdb connection "master"
[0m21:45:43.551415 [debug] [MainThread]: On master: BEGIN
[0m21:45:43.551526 [debug] [MainThread]: Opening a new connection, currently in state init
[0m21:45:43.551745 [debug] [MainThread]: SQL status: OK in 0.000 seconds
[0m21:45:43.551871 [debug] [MainThread]: On master: COMMIT
[0m21:45:43.551986 [debug] [MainThread]: Using duckdb connection "master"
[0m21:45:43.552099 [debug] [MainThread]: On master: COMMIT
[0m21:45:43.552286 [debug] [MainThread]: SQL status: OK in 0.000 seconds
[0m21:45:43.552410 [debug] [MainThread]: On master: Close
[0m21:45:43.553855 [debug] [Thread-1 (]: Began running node model.kalshi_pipeline.stg_forecast
[0m21:45:43.554065 [info ] [Thread-1 (]: 1 of 3 START sql table model main.stg_forecast ................................. [RUN]
[0m21:45:43.554348 [debug] [Thread-1 (]: Re-using an available connection from the pool (formerly list_kalshi_main, now model.kalshi_pipeline.stg_forecast)
[0m21:45:43.554505 [debug] [Thread-1 (]: Began compiling node model.kalshi_pipeline.stg_forecast
[0m21:45:43.557408 [debug] [Thread-1 (]: Writing injected SQL for node "model.kalshi_pipeline.stg_forecast"
[0m21:45:43.557734 [debug] [Thread-1 (]: Began executing node model.kalshi_pipeline.stg_forecast
[0m21:45:43.571066 [debug] [Thread-1 (]: Writing runtime sql for node "model.kalshi_pipeline.stg_forecast"
[0m21:45:43.571576 [debug] [Thread-1 (]: Using duckdb connection "model.kalshi_pipeline.stg_forecast"
[0m21:45:43.571724 [debug] [Thread-1 (]: On model.kalshi_pipeline.stg_forecast: BEGIN
[0m21:45:43.571855 [debug] [Thread-1 (]: Opening a new connection, currently in state closed
[0m21:45:43.572173 [debug] [Thread-1 (]: SQL status: OK in 0.000 seconds
[0m21:45:43.572301 [debug] [Thread-1 (]: Using duckdb connection "model.kalshi_pipeline.stg_forecast"
[0m21:45:43.572434 [debug] [Thread-1 (]: On model.kalshi_pipeline.stg_forecast: /* {"app": "dbt", "dbt_version": "1.10.4", "profile_name": "kalshi_pipeline", "target_name": "dev", "node_id": "model.kalshi_pipeline.stg_forecast"} */

  
    
    

    create  table
      "kalshi"."main"."stg_forecast__dbt_tmp"
  
    as (
      SELECT
    CAST(time AS TIMESTAMP) AS forecast_timestamp,
    CAST(time AS DATE) AS forecast_date,
    temperature_2m_previous_day1 AS forecast_temp_previous_day1
FROM '../data/raw_forecast_previous_day1.parquet'
    );
  
  
[0m21:45:43.578321 [debug] [Thread-1 (]: SQL status: OK in 0.006 seconds
[0m21:45:43.580780 [debug] [Thread-1 (]: Using duckdb connection "model.kalshi_pipeline.stg_forecast"
[0m21:45:43.580929 [debug] [Thread-1 (]: On model.kalshi_pipeline.stg_forecast: /* {"app": "dbt", "dbt_version": "1.10.4", "profile_name": "kalshi_pipeline", "target_name": "dev", "node_id": "model.kalshi_pipeline.stg_forecast"} */
alter table "kalshi"."main"."stg_forecast__dbt_tmp" rename to "stg_forecast"
[0m21:45:43.581459 [debug] [Thread-1 (]: SQL status: OK in 0.000 seconds
[0m21:45:43.586472 [debug] [Thread-1 (]: On model.kalshi_pipeline.stg_forecast: COMMIT
[0m21:45:43.586705 [debug] [Thread-1 (]: Using duckdb connection "model.kalshi_pipeline.stg_forecast"
[0m21:45:43.586864 [debug] [Thread-1 (]: On model.kalshi_pipeline.stg_forecast: COMMIT
[0m21:45:43.587943 [debug] [Thread-1 (]: SQL status: OK in 0.001 seconds
[0m21:45:43.590137 [debug] [Thread-1 (]: Using duckdb connection "model.kalshi_pipeline.stg_forecast"
[0m21:45:43.590289 [debug] [Thread-1 (]: On model.kalshi_pipeline.stg_forecast: /* {"app": "dbt", "dbt_version": "1.10.4", "profile_name": "kalshi_pipeline", "target_name": "dev", "node_id": "model.kalshi_pipeline.stg_forecast"} */

      drop table if exists "kalshi"."main"."stg_forecast__dbt_backup" cascade
    
[0m21:45:43.590551 [debug] [Thread-1 (]: SQL status: OK in 0.000 seconds
[0m21:45:43.591518 [debug] [Thread-1 (]: On model.kalshi_pipeline.stg_forecast: Close
[0m21:45:43.592397 [debug] [Thread-1 (]: Sending event: {'category': 'dbt', 'action': 'run_model', 'label': '4eab26fe-2356-4e86-9d14-063f22f6bde0', 'context': [<snowplow_tracker.self_describing_json.SelfDescribingJson object at 0x105706990>]}
[0m21:45:43.592700 [info ] [Thread-1 (]: 1 of 3 OK created sql table model main.stg_forecast ............................ [[32mOK[0m in 0.04s]
[0m21:45:43.592964 [debug] [Thread-1 (]: Finished running node model.kalshi_pipeline.stg_forecast
[0m21:45:43.593147 [debug] [Thread-1 (]: Began running node model.kalshi_pipeline.stg_weather
[0m21:45:43.593374 [info ] [Thread-1 (]: 2 of 3 START sql table model main.stg_weather .................................. [RUN]
[0m21:45:43.593564 [debug] [Thread-1 (]: Re-using an available connection from the pool (formerly model.kalshi_pipeline.stg_forecast, now model.kalshi_pipeline.stg_weather)
[0m21:45:43.593715 [debug] [Thread-1 (]: Began compiling node model.kalshi_pipeline.stg_weather
[0m21:45:43.595540 [debug] [Thread-1 (]: Writing injected SQL for node "model.kalshi_pipeline.stg_weather"
[0m21:45:43.595809 [debug] [Thread-1 (]: Began executing node model.kalshi_pipeline.stg_weather
[0m21:45:43.624522 [debug] [Thread-1 (]: Writing runtime sql for node "model.kalshi_pipeline.stg_weather"
[0m21:45:43.625294 [debug] [Thread-1 (]: Using duckdb connection "model.kalshi_pipeline.stg_weather"
[0m21:45:43.625453 [debug] [Thread-1 (]: On model.kalshi_pipeline.stg_weather: BEGIN
[0m21:45:43.625590 [debug] [Thread-1 (]: Opening a new connection, currently in state closed
[0m21:45:43.625906 [debug] [Thread-1 (]: SQL status: OK in 0.000 seconds
[0m21:45:43.626063 [debug] [Thread-1 (]: Using duckdb connection "model.kalshi_pipeline.stg_weather"
[0m21:45:43.626221 [debug] [Thread-1 (]: On model.kalshi_pipeline.stg_weather: /* {"app": "dbt", "dbt_version": "1.10.4", "profile_name": "kalshi_pipeline", "target_name": "dev", "node_id": "model.kalshi_pipeline.stg_weather"} */

  
    
    

    create  table
      "kalshi"."main"."stg_weather__dbt_tmp"
  
    as (
      SELECT
    CAST(time AS TIMESTAMP) AS weather_timestamp,
    CAST(time AS DATE) AS weather_date,
    EXTRACT(HOUR FROM CAST(time AS TIMESTAMP)) AS hour_of_day,
    temperature_2m AS temp_f,
    relative_humidity_2m AS humidity,
    cloud_cover,
    precipitation
FROM '../data/raw_central_park_weather.parquet'
    );
  
  
[0m21:45:43.630466 [debug] [Thread-1 (]: SQL status: OK in 0.004 seconds
[0m21:45:43.632801 [debug] [Thread-1 (]: Using duckdb connection "model.kalshi_pipeline.stg_weather"
[0m21:45:43.632952 [debug] [Thread-1 (]: On model.kalshi_pipeline.stg_weather: /* {"app": "dbt", "dbt_version": "1.10.4", "profile_name": "kalshi_pipeline", "target_name": "dev", "node_id": "model.kalshi_pipeline.stg_weather"} */

    SELECT index_name
    FROM duckdb_indexes()
    WHERE schema_name = 'main'
      AND table_name = 'stg_weather'
  
[0m21:45:43.633287 [debug] [Thread-1 (]: SQL status: OK in 0.000 seconds
[0m21:45:43.633792 [debug] [Thread-1 (]: Using duckdb connection "model.kalshi_pipeline.stg_weather"
[0m21:45:43.633936 [debug] [Thread-1 (]: On model.kalshi_pipeline.stg_weather: /* {"app": "dbt", "dbt_version": "1.10.4", "profile_name": "kalshi_pipeline", "target_name": "dev", "node_id": "model.kalshi_pipeline.stg_weather"} */

    SELECT COUNT(*) as remaining_indexes
    FROM duckdb_indexes()
    WHERE schema_name = 'main'
      AND table_name = 'stg_weather'
  
[0m21:45:43.634364 [debug] [Thread-1 (]: SQL status: OK in 0.000 seconds
[0m21:45:43.636056 [debug] [Thread-1 (]: Using duckdb connection "model.kalshi_pipeline.stg_weather"
[0m21:45:43.636230 [debug] [Thread-1 (]: On model.kalshi_pipeline.stg_weather: /* {"app": "dbt", "dbt_version": "1.10.4", "profile_name": "kalshi_pipeline", "target_name": "dev", "node_id": "model.kalshi_pipeline.stg_weather"} */
alter table "kalshi"."main"."stg_weather" rename to "stg_weather__dbt_backup"
[0m21:45:43.636509 [debug] [Thread-1 (]: SQL status: OK in 0.000 seconds
[0m21:45:43.637621 [debug] [Thread-1 (]: Using duckdb connection "model.kalshi_pipeline.stg_weather"
[0m21:45:43.637759 [debug] [Thread-1 (]: On model.kalshi_pipeline.stg_weather: /* {"app": "dbt", "dbt_version": "1.10.4", "profile_name": "kalshi_pipeline", "target_name": "dev", "node_id": "model.kalshi_pipeline.stg_weather"} */
alter table "kalshi"."main"."stg_weather__dbt_tmp" rename to "stg_weather"
[0m21:45:43.637979 [debug] [Thread-1 (]: SQL status: OK in 0.000 seconds
[0m21:45:43.639440 [debug] [Thread-1 (]: On model.kalshi_pipeline.stg_weather: COMMIT
[0m21:45:43.639582 [debug] [Thread-1 (]: Using duckdb connection "model.kalshi_pipeline.stg_weather"
[0m21:45:43.639721 [debug] [Thread-1 (]: On model.kalshi_pipeline.stg_weather: COMMIT
[0m21:45:43.640684 [debug] [Thread-1 (]: SQL status: OK in 0.001 seconds
[0m21:45:43.641564 [debug] [Thread-1 (]: Using duckdb connection "model.kalshi_pipeline.stg_weather"
[0m21:45:43.641699 [debug] [Thread-1 (]: On model.kalshi_pipeline.stg_weather: /* {"app": "dbt", "dbt_version": "1.10.4", "profile_name": "kalshi_pipeline", "target_name": "dev", "node_id": "model.kalshi_pipeline.stg_weather"} */

      drop table if exists "kalshi"."main"."stg_weather__dbt_backup" cascade
    
[0m21:45:43.642006 [debug] [Thread-1 (]: SQL status: OK in 0.000 seconds
[0m21:45:43.642499 [debug] [Thread-1 (]: On model.kalshi_pipeline.stg_weather: Close
[0m21:45:43.642735 [debug] [Thread-1 (]: Sending event: {'category': 'dbt', 'action': 'run_model', 'label': '4eab26fe-2356-4e86-9d14-063f22f6bde0', 'context': [<snowplow_tracker.self_describing_json.SelfDescribingJson object at 0x115bc56d0>]}
[0m21:45:43.642990 [info ] [Thread-1 (]: 2 of 3 OK created sql table model main.stg_weather ............................. [[32mOK[0m in 0.05s]
[0m21:45:43.643236 [debug] [Thread-1 (]: Finished running node model.kalshi_pipeline.stg_weather
[0m21:45:43.643564 [debug] [Thread-1 (]: Began running node model.kalshi_pipeline.fct_kalshi_features
[0m21:45:43.643787 [info ] [Thread-1 (]: 3 of 3 START sql table model main.fct_kalshi_features .......................... [RUN]
[0m21:45:43.643978 [debug] [Thread-1 (]: Re-using an available connection from the pool (formerly model.kalshi_pipeline.stg_weather, now model.kalshi_pipeline.fct_kalshi_features)
[0m21:45:43.644131 [debug] [Thread-1 (]: Began compiling node model.kalshi_pipeline.fct_kalshi_features
[0m21:45:43.645200 [debug] [Thread-1 (]: Writing injected SQL for node "model.kalshi_pipeline.fct_kalshi_features"
[0m21:45:43.645481 [debug] [Thread-1 (]: Began executing node model.kalshi_pipeline.fct_kalshi_features
[0m21:45:43.646596 [debug] [Thread-1 (]: Writing runtime sql for node "model.kalshi_pipeline.fct_kalshi_features"
[0m21:45:43.647023 [debug] [Thread-1 (]: Using duckdb connection "model.kalshi_pipeline.fct_kalshi_features"
[0m21:45:43.647153 [debug] [Thread-1 (]: On model.kalshi_pipeline.fct_kalshi_features: BEGIN
[0m21:45:43.647275 [debug] [Thread-1 (]: Opening a new connection, currently in state closed
[0m21:45:43.647500 [debug] [Thread-1 (]: SQL status: OK in 0.000 seconds
[0m21:45:43.647640 [debug] [Thread-1 (]: Using duckdb connection "model.kalshi_pipeline.fct_kalshi_features"
[0m21:45:43.647803 [debug] [Thread-1 (]: On model.kalshi_pipeline.fct_kalshi_features: /* {"app": "dbt", "dbt_version": "1.10.4", "profile_name": "kalshi_pipeline", "target_name": "dev", "node_id": "model.kalshi_pipeline.fct_kalshi_features"} */

  
    
    

    create  table
      "kalshi"."main"."fct_kalshi_features__dbt_tmp"
  
    as (
      WITH hourly_data AS (
    SELECT * FROM "kalshi"."main"."stg_weather"
),

daily_high AS (
    -- The Kalshi settlement target: the day's maximum temperature
    SELECT
        weather_date,
        MAX(temp_f) AS target_high_temp
    FROM hourly_data
    GROUP BY weather_date
),

morning_features AS (
    -- The data available to you when placing a morning trade (11:00 AM)
    SELECT
        weather_date,
        temp_f AS morning_temp_11am,
        cloud_cover AS morning_cloud_cover_11am
    FROM hourly_data
    WHERE hour_of_day = 11
)

SELECT
    d.weather_date,
    d.target_high_temp,
    m.morning_temp_11am,
    m.morning_cloud_cover_11am,
    LAG(d.target_high_temp) OVER (ORDER BY d.weather_date) AS yesterday_high_temp
FROM daily_high d
JOIN morning_features m
    ON d.weather_date = m.weather_date
ORDER BY d.weather_date DESC
    );
  
  
[0m21:45:43.656301 [debug] [Thread-1 (]: SQL status: OK in 0.008 seconds
[0m21:45:43.656874 [debug] [Thread-1 (]: Using duckdb connection "model.kalshi_pipeline.fct_kalshi_features"
[0m21:45:43.657025 [debug] [Thread-1 (]: On model.kalshi_pipeline.fct_kalshi_features: /* {"app": "dbt", "dbt_version": "1.10.4", "profile_name": "kalshi_pipeline", "target_name": "dev", "node_id": "model.kalshi_pipeline.fct_kalshi_features"} */

    SELECT index_name
    FROM duckdb_indexes()
    WHERE schema_name = 'main'
      AND table_name = 'fct_kalshi_features'
  
[0m21:45:43.657436 [debug] [Thread-1 (]: SQL status: OK in 0.000 seconds
[0m21:45:43.658022 [debug] [Thread-1 (]: Using duckdb connection "model.kalshi_pipeline.fct_kalshi_features"
[0m21:45:43.658218 [debug] [Thread-1 (]: On model.kalshi_pipeline.fct_kalshi_features: /* {"app": "dbt", "dbt_version": "1.10.4", "profile_name": "kalshi_pipeline", "target_name": "dev", "node_id": "model.kalshi_pipeline.fct_kalshi_features"} */

    SELECT COUNT(*) as remaining_indexes
    FROM duckdb_indexes()
    WHERE schema_name = 'main'
      AND table_name = 'fct_kalshi_features'
  
[0m21:45:43.658638 [debug] [Thread-1 (]: SQL status: OK in 0.000 seconds
[0m21:45:43.660065 [debug] [Thread-1 (]: Using duckdb connection "model.kalshi_pipeline.fct_kalshi_features"
[0m21:45:43.660219 [debug] [Thread-1 (]: On model.kalshi_pipeline.fct_kalshi_features: /* {"app": "dbt", "dbt_version": "1.10.4", "profile_name": "kalshi_pipeline", "target_name": "dev", "node_id": "model.kalshi_pipeline.fct_kalshi_features"} */
alter table "kalshi"."main"."fct_kalshi_features" rename to "fct_kalshi_features__dbt_backup"
[0m21:45:43.660480 [debug] [Thread-1 (]: SQL status: OK in 0.000 seconds
[0m21:45:43.661539 [debug] [Thread-1 (]: Using duckdb connection "model.kalshi_pipeline.fct_kalshi_features"
[0m21:45:43.661692 [debug] [Thread-1 (]: On model.kalshi_pipeline.fct_kalshi_features: /* {"app": "dbt", "dbt_version": "1.10.4", "profile_name": "kalshi_pipeline", "target_name": "dev", "node_id": "model.kalshi_pipeline.fct_kalshi_features"} */
alter table "kalshi"."main"."fct_kalshi_features__dbt_tmp" rename to "fct_kalshi_features"
[0m21:45:43.661930 [debug] [Thread-1 (]: SQL status: OK in 0.000 seconds
[0m21:45:43.662595 [debug] [Thread-1 (]: On model.kalshi_pipeline.fct_kalshi_features: COMMIT
[0m21:45:43.662728 [debug] [Thread-1 (]: Using duckdb connection "model.kalshi_pipeline.fct_kalshi_features"
[0m21:45:43.662853 [debug] [Thread-1 (]: On model.kalshi_pipeline.fct_kalshi_features: COMMIT
[0m21:45:43.663325 [debug] [Thread-1 (]: SQL status: OK in 0.000 seconds
[0m21:45:43.664175 [debug] [Thread-1 (]: Using duckdb connection "model.kalshi_pipeline.fct_kalshi_features"
[0m21:45:43.664312 [debug] [Thread-1 (]: On model.kalshi_pipeline.fct_kalshi_features: /* {"app": "dbt", "dbt_version": "1.10.4", "profile_name": "kalshi_pipeline", "target_name": "dev", "node_id": "model.kalshi_pipeline.fct_kalshi_features"} */

      drop table if exists "kalshi"."main"."fct_kalshi_features__dbt_backup" cascade
    
[0m21:45:43.664604 [debug] [Thread-1 (]: SQL status: OK in 0.000 seconds
[0m21:45:43.665077 [debug] [Thread-1 (]: On model.kalshi_pipeline.fct_kalshi_features: Close
[0m21:45:43.665310 [debug] [Thread-1 (]: Sending event: {'category': 'dbt', 'action': 'run_model', 'label': '4eab26fe-2356-4e86-9d14-063f22f6bde0', 'context': [<snowplow_tracker.self_describing_json.SelfDescribingJson object at 0x115a7c140>]}
[0m21:45:43.665559 [info ] [Thread-1 (]: 3 of 3 OK created sql table model main.fct_kalshi_features ..................... [[32mOK[0m in 0.02s]
[0m21:45:43.665788 [debug] [Thread-1 (]: Finished running node model.kalshi_pipeline.fct_kalshi_features
[0m21:45:43.666295 [debug] [MainThread]: Using duckdb connection "master"
[0m21:45:43.666427 [debug] [MainThread]: On master: BEGIN
[0m21:45:43.666541 [debug] [MainThread]: Opening a new connection, currently in state closed
[0m21:45:43.666739 [debug] [MainThread]: SQL status: OK in 0.000 seconds
[0m21:45:43.666860 [debug] [MainThread]: On master: COMMIT
[0m21:45:43.666978 [debug] [MainThread]: Using duckdb connection "master"
[0m21:45:43.667092 [debug] [MainThread]: On master: COMMIT
[0m21:45:43.667246 [debug] [MainThread]: SQL status: OK in 0.000 seconds
[0m21:45:43.667368 [debug] [MainThread]: On master: Close
[0m21:45:43.667521 [debug] [MainThread]: Connection 'master' was properly closed.
[0m21:45:43.667639 [debug] [MainThread]: Connection 'model.kalshi_pipeline.fct_kalshi_features' was properly closed.
[0m21:45:43.667776 [info ] [MainThread]: 
[0m21:45:43.667930 [info ] [MainThread]: Finished running 3 table models in 0 hours 0 minutes and 0.17 seconds (0.17s).
[0m21:45:43.668288 [debug] [MainThread]: Command end result
[0m21:45:43.676746 [debug] [MainThread]: Wrote artifact WritableManifest to /Users/allisonfung/weather/kalshi_pipeline/target/manifest.json
[0m21:45:43.677513 [debug] [MainThread]: Wrote artifact SemanticManifest to /Users/allisonfung/weather/kalshi_pipeline/target/semantic_manifest.json
[0m21:45:43.680465 [debug] [MainThread]: Wrote artifact RunExecutionResult to /Users/allisonfung/weather/kalshi_pipeline/target/run_results.json
[0m21:45:43.680659 [info ] [MainThread]: 
[0m21:45:43.680844 [info ] [MainThread]: [32mCompleted successfully[0m
[0m21:45:43.680985 [info ] [MainThread]: 
[0m21:45:43.681131 [info ] [MainThread]: Done. PASS=3 WARN=0 ERROR=0 SKIP=0 NO-OP=0 TOTAL=3
[0m21:45:43.682989 [debug] [MainThread]: Resource report: {"command_name": "run", "command_success": true, "command_wall_clock_time": 0.6692821, "process_in_blocks": "0", "process_kernel_time": 0.188065, "process_mem_max_rss": "180109312", "process_out_blocks": "0", "process_user_time": 1.017763}
[0m21:45:43.683204 [debug] [MainThread]: Command `dbt run` succeeded at 21:45:43.683170 after 0.67 seconds
[0m21:45:43.683365 [debug] [MainThread]: Sending event: {'category': 'dbt', 'action': 'invocation', 'label': 'end', 'context': [<snowplow_tracker.self_describing_json.SelfDescribingJson object at 0x11383f950>, <snowplow_tracker.self_describing_json.SelfDescribingJson object at 0x11383ea80>, <snowplow_tracker.self_describing_json.SelfDescribingJson object at 0x115361af0>]}
[0m21:45:43.683508 [debug] [MainThread]: Flushing usage events
[0m21:45:43.820975 [debug] [MainThread]: An error was encountered while trying to flush usage events
[0m21:47:28.607317 [debug] [MainThread]: Sending event: {'category': 'dbt', 'action': 'invocation', 'label': 'start', 'context': [<snowplow_tracker.self_describing_json.SelfDescribingJson object at 0x10680a2d0>, <snowplow_tracker.self_describing_json.SelfDescribingJson object at 0x110ca4f50>, <snowplow_tracker.self_describing_json.SelfDescribingJson object at 0x110ca4e60>]}


============================== 21:47:28.610929 | 2559ee4c-8ec7-49b2-a81d-bc3bc6611c32 ==============================
[0m21:47:28.610929 [info ] [MainThread]: Running with dbt=1.10.4
[0m21:47:28.611229 [debug] [MainThread]: running dbt with arguments {'printer_width': '80', 'indirect_selection': 'eager', 'write_json': 'True', 'log_cache_events': 'False', 'partial_parse': 'True', 'cache_selected_only': 'False', 'warn_error': 'None', 'version_check': 'True', 'fail_fast': 'False', 'log_path': '/Users/allisonfung/weather/kalshi_pipeline/logs', 'profiles_dir': '/Users/allisonfung/weather/kalshi_pipeline', 'debug': 'False', 'use_colors': 'True', 'use_experimental_parser': 'False', 'empty': 'False', 'quiet': 'False', 'no_print': 'None', 'log_format': 'default', 'static_parser': 'True', 'introspect': 'True', 'warn_error_options': 'WarnErrorOptionsV2(error=[], warn=[], silence=[])', 'target_path': 'None', 'invocation_command': 'dbt run', 'send_anonymous_usage_stats': 'True'}
[0m21:47:28.706764 [debug] [MainThread]: Sending event: {'category': 'dbt', 'action': 'project_id', 'label': '2559ee4c-8ec7-49b2-a81d-bc3bc6611c32', 'context': [<snowplow_tracker.self_describing_json.SelfDescribingJson object at 0x110aef6e0>]}
[0m21:47:28.728920 [debug] [MainThread]: Sending event: {'category': 'dbt', 'action': 'adapter_info', 'label': '2559ee4c-8ec7-49b2-a81d-bc3bc6611c32', 'context': [<snowplow_tracker.self_describing_json.SelfDescribingJson object at 0x113052ba0>]}
[0m21:47:28.730113 [info ] [MainThread]: Registered adapter: duckdb=1.10.0
[0m21:47:28.773695 [debug] [MainThread]: checksum: 073cb5a296270136b24f9c040fdebd0642ef9c263903ef463bfe7e190c538da2, vars: {}, profile: , target: , version: 1.10.4
[0m21:47:28.826334 [debug] [MainThread]: Partial parsing enabled: 0 files deleted, 0 files added, 1 files changed.
[0m21:47:28.826609 [debug] [MainThread]: Partial parsing: updated file: kalshi_pipeline://models/fct_kalshi_features.sql
[0m21:47:28.919014 [debug] [MainThread]: Sending event: {'category': 'dbt', 'action': 'load_project', 'label': '2559ee4c-8ec7-49b2-a81d-bc3bc6611c32', 'context': [<snowplow_tracker.self_describing_json.SelfDescribingJson object at 0x1141fc6e0>]}
[0m21:47:28.944846 [debug] [MainThread]: Wrote artifact WritableManifest to /Users/allisonfung/weather/kalshi_pipeline/target/manifest.json
[0m21:47:28.946146 [debug] [MainThread]: Wrote artifact SemanticManifest to /Users/allisonfung/weather/kalshi_pipeline/target/semantic_manifest.json
[0m21:47:28.956728 [debug] [MainThread]: Sending event: {'category': 'dbt', 'action': 'resource_counts', 'label': '2559ee4c-8ec7-49b2-a81d-bc3bc6611c32', 'context': [<snowplow_tracker.self_describing_json.SelfDescribingJson object at 0x1141d44d0>]}
[0m21:47:28.956940 [info ] [MainThread]: Found 3 models, 2 sources, 443 macros
[0m21:47:28.957099 [debug] [MainThread]: Sending event: {'category': 'dbt', 'action': 'runnable_timing', 'label': '2559ee4c-8ec7-49b2-a81d-bc3bc6611c32', 'context': [<snowplow_tracker.self_describing_json.SelfDescribingJson object at 0x113c021e0>]}
[0m21:47:28.957843 [info ] [MainThread]: 
[0m21:47:28.958004 [info ] [MainThread]: Concurrency: 1 threads (target='dev')
[0m21:47:28.958123 [info ] [MainThread]: 
[0m21:47:28.958329 [debug] [MainThread]: Acquiring new duckdb connection 'master'
[0m21:47:28.960105 [debug] [ThreadPool]: Acquiring new duckdb connection 'list_kalshi'
[0m21:47:28.986192 [debug] [ThreadPool]: Using duckdb connection "list_kalshi"
[0m21:47:28.986396 [debug] [ThreadPool]: On list_kalshi: /* {"app": "dbt", "dbt_version": "1.10.4", "profile_name": "kalshi_pipeline", "target_name": "dev", "connection_name": "list_kalshi"} */

    
    select schema_name
    from system.information_schema.schemata
    
    where lower(catalog_name) = '"kalshi"'
    
  
  
[0m21:47:28.986526 [debug] [ThreadPool]: Opening a new connection, currently in state init
[0m21:47:28.993111 [debug] [ThreadPool]: SQL status: OK in 0.007 seconds
[0m21:47:28.993689 [debug] [ThreadPool]: On list_kalshi: Close
[0m21:47:28.993984 [debug] [ThreadPool]: Re-using an available connection from the pool (formerly list_kalshi, now create_kalshi_main)
[0m21:47:28.994190 [debug] [ThreadPool]: Creating schema "database: "kalshi"
schema: "main"
"
[0m21:47:28.996888 [debug] [ThreadPool]: Using duckdb connection "create_kalshi_main"
[0m21:47:28.997036 [debug] [ThreadPool]: On create_kalshi_main: /* {"app": "dbt", "dbt_version": "1.10.4", "profile_name": "kalshi_pipeline", "target_name": "dev", "connection_name": "create_kalshi_main"} */

    
        select type from duckdb_databases()
        where lower(database_name)='kalshi'
        and type='sqlite'
    
  
[0m21:47:28.997157 [debug] [ThreadPool]: Opening a new connection, currently in state closed
[0m21:47:28.997498 [debug] [ThreadPool]: SQL status: OK in 0.000 seconds
[0m21:47:28.997988 [debug] [ThreadPool]: Using duckdb connection "create_kalshi_main"
[0m21:47:28.998100 [debug] [ThreadPool]: On create_kalshi_main: BEGIN
[0m21:47:28.998278 [debug] [ThreadPool]: SQL status: OK in 0.000 seconds
[0m21:47:28.998398 [debug] [ThreadPool]: Using duckdb connection "create_kalshi_main"
[0m21:47:28.998529 [debug] [ThreadPool]: On create_kalshi_main: /* {"app": "dbt", "dbt_version": "1.10.4", "profile_name": "kalshi_pipeline", "target_name": "dev", "connection_name": "create_kalshi_main"} */

    
    
        create schema if not exists "kalshi"."main"
    
[0m21:47:28.998734 [debug] [ThreadPool]: SQL status: OK in 0.000 seconds
[0m21:47:28.999063 [debug] [ThreadPool]: On create_kalshi_main: COMMIT
[0m21:47:28.999191 [debug] [ThreadPool]: Using duckdb connection "create_kalshi_main"
[0m21:47:28.999295 [debug] [ThreadPool]: On create_kalshi_main: COMMIT
[0m21:47:28.999470 [debug] [ThreadPool]: SQL status: OK in 0.000 seconds
[0m21:47:28.999590 [debug] [ThreadPool]: On create_kalshi_main: Close
[0m21:47:29.000109 [debug] [ThreadPool]: Re-using an available connection from the pool (formerly create_kalshi_main, now list_kalshi_main)
[0m21:47:29.002261 [debug] [ThreadPool]: Using duckdb connection "list_kalshi_main"
[0m21:47:29.002422 [debug] [ThreadPool]: On list_kalshi_main: BEGIN
[0m21:47:29.002547 [debug] [ThreadPool]: Opening a new connection, currently in state closed
[0m21:47:29.002836 [debug] [ThreadPool]: SQL status: OK in 0.000 seconds
[0m21:47:29.002958 [debug] [ThreadPool]: Using duckdb connection "list_kalshi_main"
[0m21:47:29.003094 [debug] [ThreadPool]: On list_kalshi_main: /* {"app": "dbt", "dbt_version": "1.10.4", "profile_name": "kalshi_pipeline", "target_name": "dev", "connection_name": "list_kalshi_main"} */
select
      'kalshi' as database,
      table_name as name,
      table_schema as schema,
      CASE table_type
        WHEN 'BASE TABLE' THEN 'table'
        WHEN 'VIEW' THEN 'view'
        WHEN 'LOCAL TEMPORARY' THEN 'table'
        END as type
    from system.information_schema.tables
    where lower(table_schema) = 'main'
    and lower(table_catalog) = 'kalshi'
  
[0m21:47:29.004646 [debug] [ThreadPool]: SQL status: OK in 0.001 seconds
[0m21:47:29.005154 [debug] [ThreadPool]: On list_kalshi_main: ROLLBACK
[0m21:47:29.006141 [debug] [ThreadPool]: Failed to rollback 'list_kalshi_main'
[0m21:47:29.006270 [debug] [ThreadPool]: On list_kalshi_main: Close
[0m21:47:29.006678 [debug] [MainThread]: Sending event: {'category': 'dbt', 'action': 'runnable_timing', 'label': '2559ee4c-8ec7-49b2-a81d-bc3bc6611c32', 'context': [<snowplow_tracker.self_describing_json.SelfDescribingJson object at 0x1140be450>]}
[0m21:47:29.006861 [debug] [MainThread]: Using duckdb connection "master"
[0m21:47:29.006977 [debug] [MainThread]: On master: BEGIN
[0m21:47:29.007085 [debug] [MainThread]: Opening a new connection, currently in state init
[0m21:47:29.007286 [debug] [MainThread]: SQL status: OK in 0.000 seconds
[0m21:47:29.007401 [debug] [MainThread]: On master: COMMIT
[0m21:47:29.007507 [debug] [MainThread]: Using duckdb connection "master"
[0m21:47:29.007607 [debug] [MainThread]: On master: COMMIT
[0m21:47:29.007766 [debug] [MainThread]: SQL status: OK in 0.000 seconds
[0m21:47:29.007878 [debug] [MainThread]: On master: Close
[0m21:47:29.008980 [debug] [Thread-1 (]: Began running node model.kalshi_pipeline.stg_forecast
[0m21:47:29.009186 [info ] [Thread-1 (]: 1 of 3 START sql table model main.stg_forecast ................................. [RUN]
[0m21:47:29.009459 [debug] [Thread-1 (]: Re-using an available connection from the pool (formerly list_kalshi_main, now model.kalshi_pipeline.stg_forecast)
[0m21:47:29.009617 [debug] [Thread-1 (]: Began compiling node model.kalshi_pipeline.stg_forecast
[0m21:47:29.012352 [debug] [Thread-1 (]: Writing injected SQL for node "model.kalshi_pipeline.stg_forecast"
[0m21:47:29.012673 [debug] [Thread-1 (]: Began executing node model.kalshi_pipeline.stg_forecast
[0m21:47:29.026250 [debug] [Thread-1 (]: Writing runtime sql for node "model.kalshi_pipeline.stg_forecast"
[0m21:47:29.026724 [debug] [Thread-1 (]: Using duckdb connection "model.kalshi_pipeline.stg_forecast"
[0m21:47:29.026870 [debug] [Thread-1 (]: On model.kalshi_pipeline.stg_forecast: BEGIN
[0m21:47:29.027007 [debug] [Thread-1 (]: Opening a new connection, currently in state closed
[0m21:47:29.027334 [debug] [Thread-1 (]: SQL status: OK in 0.000 seconds
[0m21:47:29.027475 [debug] [Thread-1 (]: Using duckdb connection "model.kalshi_pipeline.stg_forecast"
[0m21:47:29.027625 [debug] [Thread-1 (]: On model.kalshi_pipeline.stg_forecast: /* {"app": "dbt", "dbt_version": "1.10.4", "profile_name": "kalshi_pipeline", "target_name": "dev", "node_id": "model.kalshi_pipeline.stg_forecast"} */

  
    
    

    create  table
      "kalshi"."main"."stg_forecast__dbt_tmp"
  
    as (
      SELECT
    CAST(time AS TIMESTAMP) AS forecast_timestamp,
    CAST(time AS DATE) AS forecast_date,
    temperature_2m_previous_day1 AS forecast_temp_previous_day1
FROM '../data/raw_forecast_previous_day1.parquet'
    );
  
  
[0m21:47:29.030612 [debug] [Thread-1 (]: SQL status: OK in 0.003 seconds
[0m21:47:29.032724 [debug] [Thread-1 (]: Using duckdb connection "model.kalshi_pipeline.stg_forecast"
[0m21:47:29.032876 [debug] [Thread-1 (]: On model.kalshi_pipeline.stg_forecast: /* {"app": "dbt", "dbt_version": "1.10.4", "profile_name": "kalshi_pipeline", "target_name": "dev", "node_id": "model.kalshi_pipeline.stg_forecast"} */

    SELECT index_name
    FROM duckdb_indexes()
    WHERE schema_name = 'main'
      AND table_name = 'stg_forecast'
  
[0m21:47:29.033227 [debug] [Thread-1 (]: SQL status: OK in 0.000 seconds
[0m21:47:29.033736 [debug] [Thread-1 (]: Using duckdb connection "model.kalshi_pipeline.stg_forecast"
[0m21:47:29.033883 [debug] [Thread-1 (]: On model.kalshi_pipeline.stg_forecast: /* {"app": "dbt", "dbt_version": "1.10.4", "profile_name": "kalshi_pipeline", "target_name": "dev", "node_id": "model.kalshi_pipeline.stg_forecast"} */

    SELECT COUNT(*) as remaining_indexes
    FROM duckdb_indexes()
    WHERE schema_name = 'main'
      AND table_name = 'stg_forecast'
  
[0m21:47:29.034202 [debug] [Thread-1 (]: SQL status: OK in 0.000 seconds
[0m21:47:29.036600 [debug] [Thread-1 (]: Using duckdb connection "model.kalshi_pipeline.stg_forecast"
[0m21:47:29.036749 [debug] [Thread-1 (]: On model.kalshi_pipeline.stg_forecast: /* {"app": "dbt", "dbt_version": "1.10.4", "profile_name": "kalshi_pipeline", "target_name": "dev", "node_id": "model.kalshi_pipeline.stg_forecast"} */
alter table "kalshi"."main"."stg_forecast" rename to "stg_forecast__dbt_backup"
[0m21:47:29.037003 [debug] [Thread-1 (]: SQL status: OK in 0.000 seconds
[0m21:47:29.038671 [debug] [Thread-1 (]: Using duckdb connection "model.kalshi_pipeline.stg_forecast"
[0m21:47:29.038807 [debug] [Thread-1 (]: On model.kalshi_pipeline.stg_forecast: /* {"app": "dbt", "dbt_version": "1.10.4", "profile_name": "kalshi_pipeline", "target_name": "dev", "node_id": "model.kalshi_pipeline.stg_forecast"} */
alter table "kalshi"."main"."stg_forecast__dbt_tmp" rename to "stg_forecast"
[0m21:47:29.039028 [debug] [Thread-1 (]: SQL status: OK in 0.000 seconds
[0m21:47:29.044723 [debug] [Thread-1 (]: On model.kalshi_pipeline.stg_forecast: COMMIT
[0m21:47:29.044882 [debug] [Thread-1 (]: Using duckdb connection "model.kalshi_pipeline.stg_forecast"
[0m21:47:29.045019 [debug] [Thread-1 (]: On model.kalshi_pipeline.stg_forecast: COMMIT
[0m21:47:29.045845 [debug] [Thread-1 (]: SQL status: OK in 0.001 seconds
[0m21:47:29.047910 [debug] [Thread-1 (]: Using duckdb connection "model.kalshi_pipeline.stg_forecast"
[0m21:47:29.048066 [debug] [Thread-1 (]: On model.kalshi_pipeline.stg_forecast: /* {"app": "dbt", "dbt_version": "1.10.4", "profile_name": "kalshi_pipeline", "target_name": "dev", "node_id": "model.kalshi_pipeline.stg_forecast"} */

      drop table if exists "kalshi"."main"."stg_forecast__dbt_backup" cascade
    
[0m21:47:29.048374 [debug] [Thread-1 (]: SQL status: OK in 0.000 seconds
[0m21:47:29.049309 [debug] [Thread-1 (]: On model.kalshi_pipeline.stg_forecast: Close
[0m21:47:29.050193 [debug] [Thread-1 (]: Sending event: {'category': 'dbt', 'action': 'run_model', 'label': '2559ee4c-8ec7-49b2-a81d-bc3bc6611c32', 'context': [<snowplow_tracker.self_describing_json.SelfDescribingJson object at 0x106906b10>]}
[0m21:47:29.050451 [info ] [Thread-1 (]: 1 of 3 OK created sql table model main.stg_forecast ............................ [[32mOK[0m in 0.04s]
[0m21:47:29.050688 [debug] [Thread-1 (]: Finished running node model.kalshi_pipeline.stg_forecast
[0m21:47:29.050860 [debug] [Thread-1 (]: Began running node model.kalshi_pipeline.stg_weather
[0m21:47:29.051078 [info ] [Thread-1 (]: 2 of 3 START sql table model main.stg_weather .................................. [RUN]
[0m21:47:29.051257 [debug] [Thread-1 (]: Re-using an available connection from the pool (formerly model.kalshi_pipeline.stg_forecast, now model.kalshi_pipeline.stg_weather)
[0m21:47:29.051409 [debug] [Thread-1 (]: Began compiling node model.kalshi_pipeline.stg_weather
[0m21:47:29.052402 [debug] [Thread-1 (]: Writing injected SQL for node "model.kalshi_pipeline.stg_weather"
[0m21:47:29.052658 [debug] [Thread-1 (]: Began executing node model.kalshi_pipeline.stg_weather
[0m21:47:29.053828 [debug] [Thread-1 (]: Writing runtime sql for node "model.kalshi_pipeline.stg_weather"
[0m21:47:29.054077 [debug] [Thread-1 (]: Using duckdb connection "model.kalshi_pipeline.stg_weather"
[0m21:47:29.054209 [debug] [Thread-1 (]: On model.kalshi_pipeline.stg_weather: BEGIN
[0m21:47:29.054332 [debug] [Thread-1 (]: Opening a new connection, currently in state closed
[0m21:47:29.054556 [debug] [Thread-1 (]: SQL status: OK in 0.000 seconds
[0m21:47:29.054691 [debug] [Thread-1 (]: Using duckdb connection "model.kalshi_pipeline.stg_weather"
[0m21:47:29.054837 [debug] [Thread-1 (]: On model.kalshi_pipeline.stg_weather: /* {"app": "dbt", "dbt_version": "1.10.4", "profile_name": "kalshi_pipeline", "target_name": "dev", "node_id": "model.kalshi_pipeline.stg_weather"} */

  
    
    

    create  table
      "kalshi"."main"."stg_weather__dbt_tmp"
  
    as (
      SELECT
    CAST(time AS TIMESTAMP) AS weather_timestamp,
    CAST(time AS DATE) AS weather_date,
    EXTRACT(HOUR FROM CAST(time AS TIMESTAMP)) AS hour_of_day,
    temperature_2m AS temp_f,
    relative_humidity_2m AS humidity,
    cloud_cover,
    precipitation
FROM '../data/raw_central_park_weather.parquet'
    );
  
  
[0m21:47:29.059002 [debug] [Thread-1 (]: SQL status: OK in 0.004 seconds
[0m21:47:29.059655 [debug] [Thread-1 (]: Using duckdb connection "model.kalshi_pipeline.stg_weather"
[0m21:47:29.059838 [debug] [Thread-1 (]: On model.kalshi_pipeline.stg_weather: /* {"app": "dbt", "dbt_version": "1.10.4", "profile_name": "kalshi_pipeline", "target_name": "dev", "node_id": "model.kalshi_pipeline.stg_weather"} */

    SELECT index_name
    FROM duckdb_indexes()
    WHERE schema_name = 'main'
      AND table_name = 'stg_weather'
  
[0m21:47:29.060343 [debug] [Thread-1 (]: SQL status: OK in 0.000 seconds
[0m21:47:29.060816 [debug] [Thread-1 (]: Using duckdb connection "model.kalshi_pipeline.stg_weather"
[0m21:47:29.060958 [debug] [Thread-1 (]: On model.kalshi_pipeline.stg_weather: /* {"app": "dbt", "dbt_version": "1.10.4", "profile_name": "kalshi_pipeline", "target_name": "dev", "node_id": "model.kalshi_pipeline.stg_weather"} */

    SELECT COUNT(*) as remaining_indexes
    FROM duckdb_indexes()
    WHERE schema_name = 'main'
      AND table_name = 'stg_weather'
  
[0m21:47:29.061306 [debug] [Thread-1 (]: SQL status: OK in 0.000 seconds
[0m21:47:29.062600 [debug] [Thread-1 (]: Using duckdb connection "model.kalshi_pipeline.stg_weather"
[0m21:47:29.062741 [debug] [Thread-1 (]: On model.kalshi_pipeline.stg_weather: /* {"app": "dbt", "dbt_version": "1.10.4", "profile_name": "kalshi_pipeline", "target_name": "dev", "node_id": "model.kalshi_pipeline.stg_weather"} */
alter table "kalshi"."main"."stg_weather" rename to "stg_weather__dbt_backup"
[0m21:47:29.062986 [debug] [Thread-1 (]: SQL status: OK in 0.000 seconds
[0m21:47:29.063985 [debug] [Thread-1 (]: Using duckdb connection "model.kalshi_pipeline.stg_weather"
[0m21:47:29.064117 [debug] [Thread-1 (]: On model.kalshi_pipeline.stg_weather: /* {"app": "dbt", "dbt_version": "1.10.4", "profile_name": "kalshi_pipeline", "target_name": "dev", "node_id": "model.kalshi_pipeline.stg_weather"} */
alter table "kalshi"."main"."stg_weather__dbt_tmp" rename to "stg_weather"
[0m21:47:29.064334 [debug] [Thread-1 (]: SQL status: OK in 0.000 seconds
[0m21:47:29.064986 [debug] [Thread-1 (]: On model.kalshi_pipeline.stg_weather: COMMIT
[0m21:47:29.065116 [debug] [Thread-1 (]: Using duckdb connection "model.kalshi_pipeline.stg_weather"
[0m21:47:29.065237 [debug] [Thread-1 (]: On model.kalshi_pipeline.stg_weather: COMMIT
[0m21:47:29.066196 [debug] [Thread-1 (]: SQL status: OK in 0.001 seconds
[0m21:47:29.067116 [debug] [Thread-1 (]: Using duckdb connection "model.kalshi_pipeline.stg_weather"
[0m21:47:29.067249 [debug] [Thread-1 (]: On model.kalshi_pipeline.stg_weather: /* {"app": "dbt", "dbt_version": "1.10.4", "profile_name": "kalshi_pipeline", "target_name": "dev", "node_id": "model.kalshi_pipeline.stg_weather"} */

      drop table if exists "kalshi"."main"."stg_weather__dbt_backup" cascade
    
[0m21:47:29.067575 [debug] [Thread-1 (]: SQL status: OK in 0.000 seconds
[0m21:47:29.068015 [debug] [Thread-1 (]: On model.kalshi_pipeline.stg_weather: Close
[0m21:47:29.068239 [debug] [Thread-1 (]: Sending event: {'category': 'dbt', 'action': 'run_model', 'label': '2559ee4c-8ec7-49b2-a81d-bc3bc6611c32', 'context': [<snowplow_tracker.self_describing_json.SelfDescribingJson object at 0x114528650>]}
[0m21:47:29.068478 [info ] [Thread-1 (]: 2 of 3 OK created sql table model main.stg_weather ............................. [[32mOK[0m in 0.02s]
[0m21:47:29.068706 [debug] [Thread-1 (]: Finished running node model.kalshi_pipeline.stg_weather
[0m21:47:29.069008 [debug] [Thread-1 (]: Began running node model.kalshi_pipeline.fct_kalshi_features
[0m21:47:29.069231 [info ] [Thread-1 (]: 3 of 3 START sql table model main.fct_kalshi_features .......................... [RUN]
[0m21:47:29.069469 [debug] [Thread-1 (]: Re-using an available connection from the pool (formerly model.kalshi_pipeline.stg_weather, now model.kalshi_pipeline.fct_kalshi_features)
[0m21:47:29.069627 [debug] [Thread-1 (]: Began compiling node model.kalshi_pipeline.fct_kalshi_features
[0m21:47:29.070809 [debug] [Thread-1 (]: Writing injected SQL for node "model.kalshi_pipeline.fct_kalshi_features"
[0m21:47:29.071084 [debug] [Thread-1 (]: Began executing node model.kalshi_pipeline.fct_kalshi_features
[0m21:47:29.072218 [debug] [Thread-1 (]: Writing runtime sql for node "model.kalshi_pipeline.fct_kalshi_features"
[0m21:47:29.072629 [debug] [Thread-1 (]: Using duckdb connection "model.kalshi_pipeline.fct_kalshi_features"
[0m21:47:29.072759 [debug] [Thread-1 (]: On model.kalshi_pipeline.fct_kalshi_features: BEGIN
[0m21:47:29.072885 [debug] [Thread-1 (]: Opening a new connection, currently in state closed
[0m21:47:29.073118 [debug] [Thread-1 (]: SQL status: OK in 0.000 seconds
[0m21:47:29.073256 [debug] [Thread-1 (]: Using duckdb connection "model.kalshi_pipeline.fct_kalshi_features"
[0m21:47:29.073421 [debug] [Thread-1 (]: On model.kalshi_pipeline.fct_kalshi_features: /* {"app": "dbt", "dbt_version": "1.10.4", "profile_name": "kalshi_pipeline", "target_name": "dev", "node_id": "model.kalshi_pipeline.fct_kalshi_features"} */

  
    
    

    create  table
      "kalshi"."main"."fct_kalshi_features__dbt_tmp"
  
    as (
      WITH hourly_data AS (
    SELECT * FROM "kalshi"."main"."stg_weather"
),

forecast_data AS (
    SELECT * FROM "kalshi"."main"."stg_forecast"
),

daily_high AS (
    SELECT
        weather_date,
        MAX(temp_f) AS target_high_temp
    FROM hourly_data
    GROUP BY weather_date
),

morning_features AS (
    SELECT
        weather_date,
        temp_f AS morning_temp_11am,
        cloud_cover AS morning_cloud_cover_11am
    FROM hourly_data
    WHERE hour_of_day = 11
),

daily_forecast AS (
    -- What GFS predicted the day's high would be, 24hrs in advance
    SELECT
        forecast_date,
        MAX(forecast_temp_previous_day1) AS forecast_high_previous_day1
    FROM forecast_data
    GROUP BY forecast_date
)

SELECT
    d.weather_date,
    d.target_high_temp,
    m.morning_temp_11am,
    m.morning_cloud_cover_11am,
    LAG(d.target_high_temp) OVER (ORDER BY d.weather_date) AS yesterday_high_temp,
    f.forecast_high_previous_day1
FROM daily_high d
JOIN morning_features m
    ON d.weather_date = m.weather_date
JOIN daily_forecast f
    ON d.weather_date = f.forecast_date
ORDER BY d.weather_date DESC
    );
  
  
[0m21:47:29.077320 [debug] [Thread-1 (]: SQL status: OK in 0.004 seconds
[0m21:47:29.077918 [debug] [Thread-1 (]: Using duckdb connection "model.kalshi_pipeline.fct_kalshi_features"
[0m21:47:29.078091 [debug] [Thread-1 (]: On model.kalshi_pipeline.fct_kalshi_features: /* {"app": "dbt", "dbt_version": "1.10.4", "profile_name": "kalshi_pipeline", "target_name": "dev", "node_id": "model.kalshi_pipeline.fct_kalshi_features"} */

    SELECT index_name
    FROM duckdb_indexes()
    WHERE schema_name = 'main'
      AND table_name = 'fct_kalshi_features'
  
[0m21:47:29.078524 [debug] [Thread-1 (]: SQL status: OK in 0.000 seconds
[0m21:47:29.079018 [debug] [Thread-1 (]: Using duckdb connection "model.kalshi_pipeline.fct_kalshi_features"
[0m21:47:29.079164 [debug] [Thread-1 (]: On model.kalshi_pipeline.fct_kalshi_features: /* {"app": "dbt", "dbt_version": "1.10.4", "profile_name": "kalshi_pipeline", "target_name": "dev", "node_id": "model.kalshi_pipeline.fct_kalshi_features"} */

    SELECT COUNT(*) as remaining_indexes
    FROM duckdb_indexes()
    WHERE schema_name = 'main'
      AND table_name = 'fct_kalshi_features'
  
[0m21:47:29.079642 [debug] [Thread-1 (]: SQL status: OK in 0.000 seconds
[0m21:47:29.081288 [debug] [Thread-1 (]: Using duckdb connection "model.kalshi_pipeline.fct_kalshi_features"
[0m21:47:29.081508 [debug] [Thread-1 (]: On model.kalshi_pipeline.fct_kalshi_features: /* {"app": "dbt", "dbt_version": "1.10.4", "profile_name": "kalshi_pipeline", "target_name": "dev", "node_id": "model.kalshi_pipeline.fct_kalshi_features"} */
alter table "kalshi"."main"."fct_kalshi_features" rename to "fct_kalshi_features__dbt_backup"
[0m21:47:29.081858 [debug] [Thread-1 (]: SQL status: OK in 0.000 seconds
[0m21:47:29.083673 [debug] [Thread-1 (]: Using duckdb connection "model.kalshi_pipeline.fct_kalshi_features"
[0m21:47:29.083825 [debug] [Thread-1 (]: On model.kalshi_pipeline.fct_kalshi_features: /* {"app": "dbt", "dbt_version": "1.10.4", "profile_name": "kalshi_pipeline", "target_name": "dev", "node_id": "model.kalshi_pipeline.fct_kalshi_features"} */
alter table "kalshi"."main"."fct_kalshi_features__dbt_tmp" rename to "fct_kalshi_features"
[0m21:47:29.084049 [debug] [Thread-1 (]: SQL status: OK in 0.000 seconds
[0m21:47:29.084659 [debug] [Thread-1 (]: On model.kalshi_pipeline.fct_kalshi_features: COMMIT
[0m21:47:29.084797 [debug] [Thread-1 (]: Using duckdb connection "model.kalshi_pipeline.fct_kalshi_features"
[0m21:47:29.084922 [debug] [Thread-1 (]: On model.kalshi_pipeline.fct_kalshi_features: COMMIT
[0m21:47:29.085416 [debug] [Thread-1 (]: SQL status: OK in 0.000 seconds
[0m21:47:29.115599 [debug] [Thread-1 (]: Using duckdb connection "model.kalshi_pipeline.fct_kalshi_features"
[0m21:47:29.115864 [debug] [Thread-1 (]: On model.kalshi_pipeline.fct_kalshi_features: /* {"app": "dbt", "dbt_version": "1.10.4", "profile_name": "kalshi_pipeline", "target_name": "dev", "node_id": "model.kalshi_pipeline.fct_kalshi_features"} */

      drop table if exists "kalshi"."main"."fct_kalshi_features__dbt_backup" cascade
    
[0m21:47:29.116357 [debug] [Thread-1 (]: SQL status: OK in 0.000 seconds
[0m21:47:29.116961 [debug] [Thread-1 (]: On model.kalshi_pipeline.fct_kalshi_features: Close
[0m21:47:29.117214 [debug] [Thread-1 (]: Sending event: {'category': 'dbt', 'action': 'run_model', 'label': '2559ee4c-8ec7-49b2-a81d-bc3bc6611c32', 'context': [<snowplow_tracker.self_describing_json.SelfDescribingJson object at 0x113866990>]}
[0m21:47:29.117483 [info ] [Thread-1 (]: 3 of 3 OK created sql table model main.fct_kalshi_features ..................... [[32mOK[0m in 0.05s]
[0m21:47:29.117746 [debug] [Thread-1 (]: Finished running node model.kalshi_pipeline.fct_kalshi_features
[0m21:47:29.118277 [debug] [MainThread]: Using duckdb connection "master"
[0m21:47:29.118413 [debug] [MainThread]: On master: BEGIN
[0m21:47:29.118532 [debug] [MainThread]: Opening a new connection, currently in state closed
[0m21:47:29.118767 [debug] [MainThread]: SQL status: OK in 0.000 seconds
[0m21:47:29.118899 [debug] [MainThread]: On master: COMMIT
[0m21:47:29.119022 [debug] [MainThread]: Using duckdb connection "master"
[0m21:47:29.119131 [debug] [MainThread]: On master: COMMIT
[0m21:47:29.119297 [debug] [MainThread]: SQL status: OK in 0.000 seconds
[0m21:47:29.119417 [debug] [MainThread]: On master: Close
[0m21:47:29.119579 [debug] [MainThread]: Connection 'master' was properly closed.
[0m21:47:29.119693 [debug] [MainThread]: Connection 'model.kalshi_pipeline.fct_kalshi_features' was properly closed.
[0m21:47:29.119846 [info ] [MainThread]: 
[0m21:47:29.119991 [info ] [MainThread]: Finished running 3 table models in 0 hours 0 minutes and 0.16 seconds (0.16s).
[0m21:47:29.120364 [debug] [MainThread]: Command end result
[0m21:47:29.128317 [debug] [MainThread]: Wrote artifact WritableManifest to /Users/allisonfung/weather/kalshi_pipeline/target/manifest.json
[0m21:47:29.129281 [debug] [MainThread]: Wrote artifact SemanticManifest to /Users/allisonfung/weather/kalshi_pipeline/target/semantic_manifest.json
[0m21:47:29.132083 [debug] [MainThread]: Wrote artifact RunExecutionResult to /Users/allisonfung/weather/kalshi_pipeline/target/run_results.json
[0m21:47:29.132228 [info ] [MainThread]: 
[0m21:47:29.132395 [info ] [MainThread]: [32mCompleted successfully[0m
[0m21:47:29.132520 [info ] [MainThread]: 
[0m21:47:29.132660 [info ] [MainThread]: Done. PASS=3 WARN=0 ERROR=0 SKIP=0 NO-OP=0 TOTAL=3
[0m21:47:29.134583 [debug] [MainThread]: Resource report: {"command_name": "run", "command_success": true, "command_wall_clock_time": 0.55999565, "process_in_blocks": "0", "process_kernel_time": 0.165664, "process_mem_max_rss": "183615488", "process_out_blocks": "0", "process_user_time": 1.007034}
[0m21:47:29.134820 [debug] [MainThread]: Command `dbt run` succeeded at 21:47:29.134784 after 0.56 seconds
[0m21:47:29.134986 [debug] [MainThread]: Sending event: {'category': 'dbt', 'action': 'invocation', 'label': 'end', 'context': [<snowplow_tracker.self_describing_json.SelfDescribingJson object at 0x112c13fb0>, <snowplow_tracker.self_describing_json.SelfDescribingJson object at 0x1141ff560>, <snowplow_tracker.self_describing_json.SelfDescribingJson object at 0x112e43530>]}
[0m21:47:29.135150 [debug] [MainThread]: Flushing usage events
[0m21:47:29.359200 [debug] [MainThread]: An error was encountered while trying to flush usage events
[0m21:59:42.447748 [debug] [MainThread]: Sending event: {'category': 'dbt', 'action': 'invocation', 'label': 'start', 'context': [<snowplow_tracker.self_describing_json.SelfDescribingJson object at 0x112b3afc0>, <snowplow_tracker.self_describing_json.SelfDescribingJson object at 0x1124a4f50>, <snowplow_tracker.self_describing_json.SelfDescribingJson object at 0x1124a4e60>]}


============================== 21:59:42.450383 | 47cd3802-3463-4c1d-92bb-3db20d18bb55 ==============================
[0m21:59:42.450383 [info ] [MainThread]: Running with dbt=1.10.4
[0m21:59:42.450707 [debug] [MainThread]: running dbt with arguments {'printer_width': '80', 'indirect_selection': 'eager', 'log_cache_events': 'False', 'write_json': 'True', 'partial_parse': 'True', 'cache_selected_only': 'False', 'warn_error': 'None', 'debug': 'False', 'fail_fast': 'False', 'log_path': '/Users/allisonfung/weather/kalshi_pipeline/logs', 'profiles_dir': '/Users/allisonfung/weather/kalshi_pipeline', 'version_check': 'True', 'use_colors': 'True', 'use_experimental_parser': 'False', 'empty': 'False', 'quiet': 'False', 'no_print': 'None', 'log_format': 'default', 'introspect': 'True', 'invocation_command': 'dbt run', 'warn_error_options': 'WarnErrorOptionsV2(error=[], warn=[], silence=[])', 'target_path': 'None', 'static_parser': 'True', 'send_anonymous_usage_stats': 'True'}
[0m21:59:42.592025 [debug] [MainThread]: Sending event: {'category': 'dbt', 'action': 'project_id', 'label': '47cd3802-3463-4c1d-92bb-3db20d18bb55', 'context': [<snowplow_tracker.self_describing_json.SelfDescribingJson object at 0x1137bc3e0>]}
[0m21:59:42.613311 [debug] [MainThread]: Sending event: {'category': 'dbt', 'action': 'adapter_info', 'label': '47cd3802-3463-4c1d-92bb-3db20d18bb55', 'context': [<snowplow_tracker.self_describing_json.SelfDescribingJson object at 0x1126ee540>]}
[0m21:59:42.614705 [info ] [MainThread]: Registered adapter: duckdb=1.10.0
[0m21:59:42.657258 [debug] [MainThread]: checksum: 073cb5a296270136b24f9c040fdebd0642ef9c263903ef463bfe7e190c538da2, vars: {}, profile: , target: , version: 1.10.4
[0m21:59:42.708369 [debug] [MainThread]: Partial parsing enabled: 0 files deleted, 0 files added, 1 files changed.
[0m21:59:42.708640 [debug] [MainThread]: Partial parsing: updated file: kalshi_pipeline://models/fct_kalshi_features.sql
[0m21:59:42.801140 [debug] [MainThread]: Sending event: {'category': 'dbt', 'action': 'load_project', 'label': '47cd3802-3463-4c1d-92bb-3db20d18bb55', 'context': [<snowplow_tracker.self_describing_json.SelfDescribingJson object at 0x1135c1e20>]}
[0m21:59:42.826458 [debug] [MainThread]: Wrote artifact WritableManifest to /Users/allisonfung/weather/kalshi_pipeline/target/manifest.json
[0m21:59:42.827561 [debug] [MainThread]: Wrote artifact SemanticManifest to /Users/allisonfung/weather/kalshi_pipeline/target/semantic_manifest.json
[0m21:59:42.837313 [debug] [MainThread]: Sending event: {'category': 'dbt', 'action': 'resource_counts', 'label': '47cd3802-3463-4c1d-92bb-3db20d18bb55', 'context': [<snowplow_tracker.self_describing_json.SelfDescribingJson object at 0x1144718e0>]}
[0m21:59:42.837536 [info ] [MainThread]: Found 3 models, 2 sources, 443 macros
[0m21:59:42.837700 [debug] [MainThread]: Sending event: {'category': 'dbt', 'action': 'runnable_timing', 'label': '47cd3802-3463-4c1d-92bb-3db20d18bb55', 'context': [<snowplow_tracker.self_describing_json.SelfDescribingJson object at 0x1143169c0>]}
[0m21:59:42.838463 [info ] [MainThread]: 
[0m21:59:42.838628 [info ] [MainThread]: Concurrency: 1 threads (target='dev')
[0m21:59:42.838753 [info ] [MainThread]: 
[0m21:59:42.838970 [debug] [MainThread]: Acquiring new duckdb connection 'master'
[0m21:59:42.840740 [debug] [ThreadPool]: Acquiring new duckdb connection 'list_kalshi'
[0m21:59:42.865328 [debug] [ThreadPool]: Using duckdb connection "list_kalshi"
[0m21:59:42.865544 [debug] [ThreadPool]: On list_kalshi: /* {"app": "dbt", "dbt_version": "1.10.4", "profile_name": "kalshi_pipeline", "target_name": "dev", "connection_name": "list_kalshi"} */

    
    select schema_name
    from system.information_schema.schemata
    
    where lower(catalog_name) = '"kalshi"'
    
  
  
[0m21:59:42.865677 [debug] [ThreadPool]: Opening a new connection, currently in state init
[0m21:59:42.877789 [debug] [ThreadPool]: SQL status: OK in 0.012 seconds
[0m21:59:42.878440 [debug] [ThreadPool]: On list_kalshi: Close
[0m21:59:42.878727 [debug] [ThreadPool]: Re-using an available connection from the pool (formerly list_kalshi, now create_kalshi_main)
[0m21:59:42.878916 [debug] [ThreadPool]: Creating schema "database: "kalshi"
schema: "main"
"
[0m21:59:42.881512 [debug] [ThreadPool]: Using duckdb connection "create_kalshi_main"
[0m21:59:42.881647 [debug] [ThreadPool]: On create_kalshi_main: /* {"app": "dbt", "dbt_version": "1.10.4", "profile_name": "kalshi_pipeline", "target_name": "dev", "connection_name": "create_kalshi_main"} */

    
        select type from duckdb_databases()
        where lower(database_name)='kalshi'
        and type='sqlite'
    
  
[0m21:59:42.881758 [debug] [ThreadPool]: Opening a new connection, currently in state closed
[0m21:59:42.882355 [debug] [ThreadPool]: SQL status: OK in 0.001 seconds
[0m21:59:42.882851 [debug] [ThreadPool]: Using duckdb connection "create_kalshi_main"
[0m21:59:42.882967 [debug] [ThreadPool]: On create_kalshi_main: BEGIN
[0m21:59:42.883139 [debug] [ThreadPool]: SQL status: OK in 0.000 seconds
[0m21:59:42.883255 [debug] [ThreadPool]: Using duckdb connection "create_kalshi_main"
[0m21:59:42.883371 [debug] [ThreadPool]: On create_kalshi_main: /* {"app": "dbt", "dbt_version": "1.10.4", "profile_name": "kalshi_pipeline", "target_name": "dev", "connection_name": "create_kalshi_main"} */

    
    
        create schema if not exists "kalshi"."main"
    
[0m21:59:42.883613 [debug] [ThreadPool]: SQL status: OK in 0.000 seconds
[0m21:59:42.883919 [debug] [ThreadPool]: On create_kalshi_main: COMMIT
[0m21:59:42.884039 [debug] [ThreadPool]: Using duckdb connection "create_kalshi_main"
[0m21:59:42.884143 [debug] [ThreadPool]: On create_kalshi_main: COMMIT
[0m21:59:42.884301 [debug] [ThreadPool]: SQL status: OK in 0.000 seconds
[0m21:59:42.884422 [debug] [ThreadPool]: On create_kalshi_main: Close
[0m21:59:42.884921 [debug] [ThreadPool]: Re-using an available connection from the pool (formerly create_kalshi_main, now list_kalshi_main)
[0m21:59:42.887091 [debug] [ThreadPool]: Using duckdb connection "list_kalshi_main"
[0m21:59:42.887219 [debug] [ThreadPool]: On list_kalshi_main: BEGIN
[0m21:59:42.887323 [debug] [ThreadPool]: Opening a new connection, currently in state closed
[0m21:59:42.887542 [debug] [ThreadPool]: SQL status: OK in 0.000 seconds
[0m21:59:42.887661 [debug] [ThreadPool]: Using duckdb connection "list_kalshi_main"
[0m21:59:42.887787 [debug] [ThreadPool]: On list_kalshi_main: /* {"app": "dbt", "dbt_version": "1.10.4", "profile_name": "kalshi_pipeline", "target_name": "dev", "connection_name": "list_kalshi_main"} */
select
      'kalshi' as database,
      table_name as name,
      table_schema as schema,
      CASE table_type
        WHEN 'BASE TABLE' THEN 'table'
        WHEN 'VIEW' THEN 'view'
        WHEN 'LOCAL TEMPORARY' THEN 'table'
        END as type
    from system.information_schema.tables
    where lower(table_schema) = 'main'
    and lower(table_catalog) = 'kalshi'
  
[0m21:59:42.890177 [debug] [ThreadPool]: SQL status: OK in 0.002 seconds
[0m21:59:42.890838 [debug] [ThreadPool]: On list_kalshi_main: ROLLBACK
[0m21:59:42.891608 [debug] [ThreadPool]: Failed to rollback 'list_kalshi_main'
[0m21:59:42.891732 [debug] [ThreadPool]: On list_kalshi_main: Close
[0m21:59:42.892135 [debug] [MainThread]: Sending event: {'category': 'dbt', 'action': 'runnable_timing', 'label': '47cd3802-3463-4c1d-92bb-3db20d18bb55', 'context': [<snowplow_tracker.self_describing_json.SelfDescribingJson object at 0x1148e4c50>]}
[0m21:59:42.892325 [debug] [MainThread]: Using duckdb connection "master"
[0m21:59:42.892444 [debug] [MainThread]: On master: BEGIN
[0m21:59:42.892547 [debug] [MainThread]: Opening a new connection, currently in state init
[0m21:59:42.892743 [debug] [MainThread]: SQL status: OK in 0.000 seconds
[0m21:59:42.892863 [debug] [MainThread]: On master: COMMIT
[0m21:59:42.892980 [debug] [MainThread]: Using duckdb connection "master"
[0m21:59:42.893088 [debug] [MainThread]: On master: COMMIT
[0m21:59:42.893255 [debug] [MainThread]: SQL status: OK in 0.000 seconds
[0m21:59:42.893372 [debug] [MainThread]: On master: Close
[0m21:59:42.894493 [debug] [Thread-1 (]: Began running node model.kalshi_pipeline.stg_forecast
[0m21:59:42.894705 [info ] [Thread-1 (]: 1 of 3 START sql table model main.stg_forecast ................................. [RUN]
[0m21:59:42.894969 [debug] [Thread-1 (]: Re-using an available connection from the pool (formerly list_kalshi_main, now model.kalshi_pipeline.stg_forecast)
[0m21:59:42.895125 [debug] [Thread-1 (]: Began compiling node model.kalshi_pipeline.stg_forecast
[0m21:59:42.897880 [debug] [Thread-1 (]: Writing injected SQL for node "model.kalshi_pipeline.stg_forecast"
[0m21:59:42.898160 [debug] [Thread-1 (]: Began executing node model.kalshi_pipeline.stg_forecast
[0m21:59:42.910956 [debug] [Thread-1 (]: Writing runtime sql for node "model.kalshi_pipeline.stg_forecast"
[0m21:59:42.911439 [debug] [Thread-1 (]: Using duckdb connection "model.kalshi_pipeline.stg_forecast"
[0m21:59:42.911595 [debug] [Thread-1 (]: On model.kalshi_pipeline.stg_forecast: BEGIN
[0m21:59:42.911725 [debug] [Thread-1 (]: Opening a new connection, currently in state closed
[0m21:59:42.912048 [debug] [Thread-1 (]: SQL status: OK in 0.000 seconds
[0m21:59:42.912177 [debug] [Thread-1 (]: Using duckdb connection "model.kalshi_pipeline.stg_forecast"
[0m21:59:42.912311 [debug] [Thread-1 (]: On model.kalshi_pipeline.stg_forecast: /* {"app": "dbt", "dbt_version": "1.10.4", "profile_name": "kalshi_pipeline", "target_name": "dev", "node_id": "model.kalshi_pipeline.stg_forecast"} */

  
    
    

    create  table
      "kalshi"."main"."stg_forecast__dbt_tmp"
  
    as (
      SELECT
    CAST(time AS TIMESTAMP) AS forecast_timestamp,
    CAST(time AS DATE) AS forecast_date,
    temperature_2m_previous_day1 AS forecast_temp_previous_day1
FROM '../data/raw_forecast_previous_day1.parquet'
    );
  
  
[0m21:59:42.919194 [debug] [Thread-1 (]: SQL status: OK in 0.007 seconds
[0m21:59:42.921305 [debug] [Thread-1 (]: Using duckdb connection "model.kalshi_pipeline.stg_forecast"
[0m21:59:42.921465 [debug] [Thread-1 (]: On model.kalshi_pipeline.stg_forecast: /* {"app": "dbt", "dbt_version": "1.10.4", "profile_name": "kalshi_pipeline", "target_name": "dev", "node_id": "model.kalshi_pipeline.stg_forecast"} */

    SELECT index_name
    FROM duckdb_indexes()
    WHERE schema_name = 'main'
      AND table_name = 'stg_forecast'
  
[0m21:59:42.921838 [debug] [Thread-1 (]: SQL status: OK in 0.000 seconds
[0m21:59:42.922315 [debug] [Thread-1 (]: Using duckdb connection "model.kalshi_pipeline.stg_forecast"
[0m21:59:42.922461 [debug] [Thread-1 (]: On model.kalshi_pipeline.stg_forecast: /* {"app": "dbt", "dbt_version": "1.10.4", "profile_name": "kalshi_pipeline", "target_name": "dev", "node_id": "model.kalshi_pipeline.stg_forecast"} */

    SELECT COUNT(*) as remaining_indexes
    FROM duckdb_indexes()
    WHERE schema_name = 'main'
      AND table_name = 'stg_forecast'
  
[0m21:59:42.923204 [debug] [Thread-1 (]: SQL status: OK in 0.001 seconds
[0m21:59:42.925759 [debug] [Thread-1 (]: Using duckdb connection "model.kalshi_pipeline.stg_forecast"
[0m21:59:42.925912 [debug] [Thread-1 (]: On model.kalshi_pipeline.stg_forecast: /* {"app": "dbt", "dbt_version": "1.10.4", "profile_name": "kalshi_pipeline", "target_name": "dev", "node_id": "model.kalshi_pipeline.stg_forecast"} */
alter table "kalshi"."main"."stg_forecast" rename to "stg_forecast__dbt_backup"
[0m21:59:42.926404 [debug] [Thread-1 (]: SQL status: OK in 0.000 seconds
[0m21:59:42.927465 [debug] [Thread-1 (]: Using duckdb connection "model.kalshi_pipeline.stg_forecast"
[0m21:59:42.927605 [debug] [Thread-1 (]: On model.kalshi_pipeline.stg_forecast: /* {"app": "dbt", "dbt_version": "1.10.4", "profile_name": "kalshi_pipeline", "target_name": "dev", "node_id": "model.kalshi_pipeline.stg_forecast"} */
alter table "kalshi"."main"."stg_forecast__dbt_tmp" rename to "stg_forecast"
[0m21:59:42.927819 [debug] [Thread-1 (]: SQL status: OK in 0.000 seconds
[0m21:59:42.934053 [debug] [Thread-1 (]: On model.kalshi_pipeline.stg_forecast: COMMIT
[0m21:59:42.934212 [debug] [Thread-1 (]: Using duckdb connection "model.kalshi_pipeline.stg_forecast"
[0m21:59:42.934351 [debug] [Thread-1 (]: On model.kalshi_pipeline.stg_forecast: COMMIT
[0m21:59:42.935427 [debug] [Thread-1 (]: SQL status: OK in 0.001 seconds
[0m21:59:42.937494 [debug] [Thread-1 (]: Using duckdb connection "model.kalshi_pipeline.stg_forecast"
[0m21:59:42.937639 [debug] [Thread-1 (]: On model.kalshi_pipeline.stg_forecast: /* {"app": "dbt", "dbt_version": "1.10.4", "profile_name": "kalshi_pipeline", "target_name": "dev", "node_id": "model.kalshi_pipeline.stg_forecast"} */

      drop table if exists "kalshi"."main"."stg_forecast__dbt_backup" cascade
    
[0m21:59:42.937996 [debug] [Thread-1 (]: SQL status: OK in 0.000 seconds
[0m21:59:42.938935 [debug] [Thread-1 (]: On model.kalshi_pipeline.stg_forecast: Close
[0m21:59:42.939771 [debug] [Thread-1 (]: Sending event: {'category': 'dbt', 'action': 'run_model', 'label': '47cd3802-3463-4c1d-92bb-3db20d18bb55', 'context': [<snowplow_tracker.self_describing_json.SelfDescribingJson object at 0x114460f80>]}
[0m21:59:42.940047 [info ] [Thread-1 (]: 1 of 3 OK created sql table model main.stg_forecast ............................ [[32mOK[0m in 0.04s]
[0m21:59:42.940285 [debug] [Thread-1 (]: Finished running node model.kalshi_pipeline.stg_forecast
[0m21:59:42.940455 [debug] [Thread-1 (]: Began running node model.kalshi_pipeline.stg_weather
[0m21:59:42.940672 [info ] [Thread-1 (]: 2 of 3 START sql table model main.stg_weather .................................. [RUN]
[0m21:59:42.940851 [debug] [Thread-1 (]: Re-using an available connection from the pool (formerly model.kalshi_pipeline.stg_forecast, now model.kalshi_pipeline.stg_weather)
[0m21:59:42.940997 [debug] [Thread-1 (]: Began compiling node model.kalshi_pipeline.stg_weather
[0m21:59:42.941978 [debug] [Thread-1 (]: Writing injected SQL for node "model.kalshi_pipeline.stg_weather"
[0m21:59:42.942228 [debug] [Thread-1 (]: Began executing node model.kalshi_pipeline.stg_weather
[0m21:59:42.943364 [debug] [Thread-1 (]: Writing runtime sql for node "model.kalshi_pipeline.stg_weather"
[0m21:59:42.943597 [debug] [Thread-1 (]: Using duckdb connection "model.kalshi_pipeline.stg_weather"
[0m21:59:42.943732 [debug] [Thread-1 (]: On model.kalshi_pipeline.stg_weather: BEGIN
[0m21:59:42.943860 [debug] [Thread-1 (]: Opening a new connection, currently in state closed
[0m21:59:42.944103 [debug] [Thread-1 (]: SQL status: OK in 0.000 seconds
[0m21:59:42.944241 [debug] [Thread-1 (]: Using duckdb connection "model.kalshi_pipeline.stg_weather"
[0m21:59:42.944385 [debug] [Thread-1 (]: On model.kalshi_pipeline.stg_weather: /* {"app": "dbt", "dbt_version": "1.10.4", "profile_name": "kalshi_pipeline", "target_name": "dev", "node_id": "model.kalshi_pipeline.stg_weather"} */

  
    
    

    create  table
      "kalshi"."main"."stg_weather__dbt_tmp"
  
    as (
      SELECT
    CAST(time AS TIMESTAMP) AS weather_timestamp,
    CAST(time AS DATE) AS weather_date,
    EXTRACT(HOUR FROM CAST(time AS TIMESTAMP)) AS hour_of_day,
    temperature_2m AS temp_f,
    relative_humidity_2m AS humidity,
    cloud_cover,
    precipitation
FROM '../data/raw_central_park_weather.parquet'
    );
  
  
[0m21:59:42.948334 [debug] [Thread-1 (]: SQL status: OK in 0.004 seconds
[0m21:59:42.948843 [debug] [Thread-1 (]: Using duckdb connection "model.kalshi_pipeline.stg_weather"
[0m21:59:42.949009 [debug] [Thread-1 (]: On model.kalshi_pipeline.stg_weather: /* {"app": "dbt", "dbt_version": "1.10.4", "profile_name": "kalshi_pipeline", "target_name": "dev", "node_id": "model.kalshi_pipeline.stg_weather"} */

    SELECT index_name
    FROM duckdb_indexes()
    WHERE schema_name = 'main'
      AND table_name = 'stg_weather'
  
[0m21:59:42.949455 [debug] [Thread-1 (]: SQL status: OK in 0.000 seconds
[0m21:59:42.949924 [debug] [Thread-1 (]: Using duckdb connection "model.kalshi_pipeline.stg_weather"
[0m21:59:42.950062 [debug] [Thread-1 (]: On model.kalshi_pipeline.stg_weather: /* {"app": "dbt", "dbt_version": "1.10.4", "profile_name": "kalshi_pipeline", "target_name": "dev", "node_id": "model.kalshi_pipeline.stg_weather"} */

    SELECT COUNT(*) as remaining_indexes
    FROM duckdb_indexes()
    WHERE schema_name = 'main'
      AND table_name = 'stg_weather'
  
[0m21:59:42.950462 [debug] [Thread-1 (]: SQL status: OK in 0.000 seconds
[0m21:59:42.952847 [debug] [Thread-1 (]: Using duckdb connection "model.kalshi_pipeline.stg_weather"
[0m21:59:42.953387 [debug] [Thread-1 (]: On model.kalshi_pipeline.stg_weather: /* {"app": "dbt", "dbt_version": "1.10.4", "profile_name": "kalshi_pipeline", "target_name": "dev", "node_id": "model.kalshi_pipeline.stg_weather"} */
alter table "kalshi"."main"."stg_weather" rename to "stg_weather__dbt_backup"
[0m21:59:42.954121 [debug] [Thread-1 (]: SQL status: OK in 0.000 seconds
[0m21:59:42.955577 [debug] [Thread-1 (]: Using duckdb connection "model.kalshi_pipeline.stg_weather"
[0m21:59:42.955753 [debug] [Thread-1 (]: On model.kalshi_pipeline.stg_weather: /* {"app": "dbt", "dbt_version": "1.10.4", "profile_name": "kalshi_pipeline", "target_name": "dev", "node_id": "model.kalshi_pipeline.stg_weather"} */
alter table "kalshi"."main"."stg_weather__dbt_tmp" rename to "stg_weather"
[0m21:59:42.956037 [debug] [Thread-1 (]: SQL status: OK in 0.000 seconds
[0m21:59:42.956811 [debug] [Thread-1 (]: On model.kalshi_pipeline.stg_weather: COMMIT
[0m21:59:42.956969 [debug] [Thread-1 (]: Using duckdb connection "model.kalshi_pipeline.stg_weather"
[0m21:59:42.957106 [debug] [Thread-1 (]: On model.kalshi_pipeline.stg_weather: COMMIT
[0m21:59:42.958204 [debug] [Thread-1 (]: SQL status: OK in 0.001 seconds
[0m21:59:42.959382 [debug] [Thread-1 (]: Using duckdb connection "model.kalshi_pipeline.stg_weather"
[0m21:59:42.959590 [debug] [Thread-1 (]: On model.kalshi_pipeline.stg_weather: /* {"app": "dbt", "dbt_version": "1.10.4", "profile_name": "kalshi_pipeline", "target_name": "dev", "node_id": "model.kalshi_pipeline.stg_weather"} */

      drop table if exists "kalshi"."main"."stg_weather__dbt_backup" cascade
    
[0m21:59:42.960108 [debug] [Thread-1 (]: SQL status: OK in 0.000 seconds
[0m21:59:42.960999 [debug] [Thread-1 (]: On model.kalshi_pipeline.stg_weather: Close
[0m21:59:42.961292 [debug] [Thread-1 (]: Sending event: {'category': 'dbt', 'action': 'run_model', 'label': '47cd3802-3463-4c1d-92bb-3db20d18bb55', 'context': [<snowplow_tracker.self_describing_json.SelfDescribingJson object at 0x114c8bb90>]}
[0m21:59:42.961583 [info ] [Thread-1 (]: 2 of 3 OK created sql table model main.stg_weather ............................. [[32mOK[0m in 0.02s]
[0m21:59:42.961834 [debug] [Thread-1 (]: Finished running node model.kalshi_pipeline.stg_weather
[0m21:59:42.962192 [debug] [Thread-1 (]: Began running node model.kalshi_pipeline.fct_kalshi_features
[0m21:59:42.962436 [info ] [Thread-1 (]: 3 of 3 START sql table model main.fct_kalshi_features .......................... [RUN]
[0m21:59:42.962680 [debug] [Thread-1 (]: Re-using an available connection from the pool (formerly model.kalshi_pipeline.stg_weather, now model.kalshi_pipeline.fct_kalshi_features)
[0m21:59:42.962833 [debug] [Thread-1 (]: Began compiling node model.kalshi_pipeline.fct_kalshi_features
[0m21:59:42.964231 [debug] [Thread-1 (]: Writing injected SQL for node "model.kalshi_pipeline.fct_kalshi_features"
[0m21:59:42.964652 [debug] [Thread-1 (]: Began executing node model.kalshi_pipeline.fct_kalshi_features
[0m21:59:42.966043 [debug] [Thread-1 (]: Writing runtime sql for node "model.kalshi_pipeline.fct_kalshi_features"
[0m21:59:42.966366 [debug] [Thread-1 (]: Using duckdb connection "model.kalshi_pipeline.fct_kalshi_features"
[0m21:59:42.966512 [debug] [Thread-1 (]: On model.kalshi_pipeline.fct_kalshi_features: BEGIN
[0m21:59:42.966650 [debug] [Thread-1 (]: Opening a new connection, currently in state closed
[0m21:59:42.966942 [debug] [Thread-1 (]: SQL status: OK in 0.000 seconds
[0m21:59:42.967081 [debug] [Thread-1 (]: Using duckdb connection "model.kalshi_pipeline.fct_kalshi_features"
[0m21:59:42.967256 [debug] [Thread-1 (]: On model.kalshi_pipeline.fct_kalshi_features: /* {"app": "dbt", "dbt_version": "1.10.4", "profile_name": "kalshi_pipeline", "target_name": "dev", "node_id": "model.kalshi_pipeline.fct_kalshi_features"} */

  
    
    

    create  table
      "kalshi"."main"."fct_kalshi_features__dbt_tmp"
  
    as (
      WITH hourly_data AS (
    SELECT * FROM "kalshi"."main"."stg_weather"
),

forecast_data AS (
    SELECT * FROM "kalshi"."main"."stg_forecast"
),

daily_high AS (
    SELECT
        weather_date,
        MAX(temp_f) AS target_high_temp
    FROM hourly_data
    GROUP BY weather_date
),

morning_features AS (
    SELECT
        weather_date,
        temp_f AS morning_temp_11am,
        cloud_cover AS morning_cloud_cover_11am,
        humidity AS morning_humidity_11am
    FROM hourly_data
    WHERE hour_of_day = 11
),

daily_forecast AS (
    -- What GFS predicted the day's high would be, 24hrs in advance
    SELECT
        forecast_date,
        MAX(forecast_temp_previous_day1) AS forecast_high_previous_day1
    FROM forecast_data
    GROUP BY forecast_date
)

SELECT
    d.weather_date,
    d.target_high_temp,
    m.morning_temp_11am,
    m.morning_cloud_cover_11am,
    LAG(d.target_high_temp) OVER (ORDER BY d.weather_date) AS yesterday_high_temp,
    f.forecast_high_previous_day1
FROM daily_high d
JOIN morning_features m
    ON d.weather_date = m.weather_date
JOIN daily_forecast f
    ON d.weather_date = f.forecast_date
ORDER BY d.weather_date DESC
    );
  
  
[0m21:59:42.976606 [debug] [Thread-1 (]: SQL status: OK in 0.009 seconds
[0m21:59:42.977326 [debug] [Thread-1 (]: Using duckdb connection "model.kalshi_pipeline.fct_kalshi_features"
[0m21:59:42.977721 [debug] [Thread-1 (]: On model.kalshi_pipeline.fct_kalshi_features: /* {"app": "dbt", "dbt_version": "1.10.4", "profile_name": "kalshi_pipeline", "target_name": "dev", "node_id": "model.kalshi_pipeline.fct_kalshi_features"} */

    SELECT index_name
    FROM duckdb_indexes()
    WHERE schema_name = 'main'
      AND table_name = 'fct_kalshi_features'
  
[0m21:59:42.978216 [debug] [Thread-1 (]: SQL status: OK in 0.000 seconds
[0m21:59:42.978767 [debug] [Thread-1 (]: Using duckdb connection "model.kalshi_pipeline.fct_kalshi_features"
[0m21:59:42.978926 [debug] [Thread-1 (]: On model.kalshi_pipeline.fct_kalshi_features: /* {"app": "dbt", "dbt_version": "1.10.4", "profile_name": "kalshi_pipeline", "target_name": "dev", "node_id": "model.kalshi_pipeline.fct_kalshi_features"} */

    SELECT COUNT(*) as remaining_indexes
    FROM duckdb_indexes()
    WHERE schema_name = 'main'
      AND table_name = 'fct_kalshi_features'
  
[0m21:59:42.979419 [debug] [Thread-1 (]: SQL status: OK in 0.000 seconds
[0m21:59:42.981126 [debug] [Thread-1 (]: Using duckdb connection "model.kalshi_pipeline.fct_kalshi_features"
[0m21:59:42.981298 [debug] [Thread-1 (]: On model.kalshi_pipeline.fct_kalshi_features: /* {"app": "dbt", "dbt_version": "1.10.4", "profile_name": "kalshi_pipeline", "target_name": "dev", "node_id": "model.kalshi_pipeline.fct_kalshi_features"} */
alter table "kalshi"."main"."fct_kalshi_features" rename to "fct_kalshi_features__dbt_backup"
[0m21:59:42.981571 [debug] [Thread-1 (]: SQL status: OK in 0.000 seconds
[0m21:59:42.982769 [debug] [Thread-1 (]: Using duckdb connection "model.kalshi_pipeline.fct_kalshi_features"
[0m21:59:42.982905 [debug] [Thread-1 (]: On model.kalshi_pipeline.fct_kalshi_features: /* {"app": "dbt", "dbt_version": "1.10.4", "profile_name": "kalshi_pipeline", "target_name": "dev", "node_id": "model.kalshi_pipeline.fct_kalshi_features"} */
alter table "kalshi"."main"."fct_kalshi_features__dbt_tmp" rename to "fct_kalshi_features"
[0m21:59:42.983124 [debug] [Thread-1 (]: SQL status: OK in 0.000 seconds
[0m21:59:42.983874 [debug] [Thread-1 (]: On model.kalshi_pipeline.fct_kalshi_features: COMMIT
[0m21:59:42.984148 [debug] [Thread-1 (]: Using duckdb connection "model.kalshi_pipeline.fct_kalshi_features"
[0m21:59:42.984297 [debug] [Thread-1 (]: On model.kalshi_pipeline.fct_kalshi_features: COMMIT
[0m21:59:42.984828 [debug] [Thread-1 (]: SQL status: OK in 0.000 seconds
[0m21:59:42.986786 [debug] [Thread-1 (]: Using duckdb connection "model.kalshi_pipeline.fct_kalshi_features"
[0m21:59:42.986940 [debug] [Thread-1 (]: On model.kalshi_pipeline.fct_kalshi_features: /* {"app": "dbt", "dbt_version": "1.10.4", "profile_name": "kalshi_pipeline", "target_name": "dev", "node_id": "model.kalshi_pipeline.fct_kalshi_features"} */

      drop table if exists "kalshi"."main"."fct_kalshi_features__dbt_backup" cascade
    
[0m21:59:42.987325 [debug] [Thread-1 (]: SQL status: OK in 0.000 seconds
[0m21:59:42.987905 [debug] [Thread-1 (]: On model.kalshi_pipeline.fct_kalshi_features: Close
[0m21:59:42.988155 [debug] [Thread-1 (]: Sending event: {'category': 'dbt', 'action': 'run_model', 'label': '47cd3802-3463-4c1d-92bb-3db20d18bb55', 'context': [<snowplow_tracker.self_describing_json.SelfDescribingJson object at 0x114dc4e60>]}
[0m21:59:42.988420 [info ] [Thread-1 (]: 3 of 3 OK created sql table model main.fct_kalshi_features ..................... [[32mOK[0m in 0.03s]
[0m21:59:42.988656 [debug] [Thread-1 (]: Finished running node model.kalshi_pipeline.fct_kalshi_features
[0m21:59:42.989181 [debug] [MainThread]: Using duckdb connection "master"
[0m21:59:42.989349 [debug] [MainThread]: On master: BEGIN
[0m21:59:42.989467 [debug] [MainThread]: Opening a new connection, currently in state closed
[0m21:59:42.989710 [debug] [MainThread]: SQL status: OK in 0.000 seconds
[0m21:59:42.989838 [debug] [MainThread]: On master: COMMIT
[0m21:59:42.989957 [debug] [MainThread]: Using duckdb connection "master"
[0m21:59:42.990058 [debug] [MainThread]: On master: COMMIT
[0m21:59:42.990213 [debug] [MainThread]: SQL status: OK in 0.000 seconds
[0m21:59:42.990329 [debug] [MainThread]: On master: Close
[0m21:59:42.990494 [debug] [MainThread]: Connection 'master' was properly closed.
[0m21:59:42.990596 [debug] [MainThread]: Connection 'model.kalshi_pipeline.fct_kalshi_features' was properly closed.
[0m21:59:42.990741 [info ] [MainThread]: 
[0m21:59:42.990882 [info ] [MainThread]: Finished running 3 table models in 0 hours 0 minutes and 0.15 seconds (0.15s).
[0m21:59:42.991249 [debug] [MainThread]: Command end result
[0m21:59:43.025623 [debug] [MainThread]: Wrote artifact WritableManifest to /Users/allisonfung/weather/kalshi_pipeline/target/manifest.json
[0m21:59:43.026467 [debug] [MainThread]: Wrote artifact SemanticManifest to /Users/allisonfung/weather/kalshi_pipeline/target/semantic_manifest.json
[0m21:59:43.028792 [debug] [MainThread]: Wrote artifact RunExecutionResult to /Users/allisonfung/weather/kalshi_pipeline/target/run_results.json
[0m21:59:43.028936 [info ] [MainThread]: 
[0m21:59:43.029106 [info ] [MainThread]: [32mCompleted successfully[0m
[0m21:59:43.029227 [info ] [MainThread]: 
[0m21:59:43.029360 [info ] [MainThread]: Done. PASS=3 WARN=0 ERROR=0 SKIP=0 NO-OP=0 TOTAL=3
[0m21:59:43.031302 [debug] [MainThread]: Resource report: {"command_name": "run", "command_success": true, "command_wall_clock_time": 0.6146925, "process_in_blocks": "0", "process_kernel_time": 0.183912, "process_mem_max_rss": "183533568", "process_out_blocks": "0", "process_user_time": 0.975614}
[0m21:59:43.031529 [debug] [MainThread]: Command `dbt run` succeeded at 21:59:43.031488 after 0.61 seconds
[0m21:59:43.031700 [debug] [MainThread]: Sending event: {'category': 'dbt', 'action': 'invocation', 'label': 'end', 'context': [<snowplow_tracker.self_describing_json.SelfDescribingJson object at 0x11485ba10>, <snowplow_tracker.self_describing_json.SelfDescribingJson object at 0x112dc6180>, <snowplow_tracker.self_describing_json.SelfDescribingJson object at 0x114da9370>]}
[0m21:59:43.031864 [debug] [MainThread]: Flushing usage events
[0m21:59:43.326966 [debug] [MainThread]: An error was encountered while trying to flush usage events
[0m22:01:25.082766 [debug] [MainThread]: Sending event: {'category': 'dbt', 'action': 'invocation', 'label': 'start', 'context': [<snowplow_tracker.self_describing_json.SelfDescribingJson object at 0x1012a5130>, <snowplow_tracker.self_describing_json.SelfDescribingJson object at 0x1049a7770>, <snowplow_tracker.self_describing_json.SelfDescribingJson object at 0x1049a4e30>]}


============================== 22:01:25.085690 | 29f2a167-4ee9-40ee-8b29-80dd8d1ad570 ==============================
[0m22:01:25.085690 [info ] [MainThread]: Running with dbt=1.10.4
[0m22:01:25.086009 [debug] [MainThread]: running dbt with arguments {'printer_width': '80', 'indirect_selection': 'eager', 'write_json': 'True', 'log_cache_events': 'False', 'partial_parse': 'True', 'cache_selected_only': 'False', 'profiles_dir': '/Users/allisonfung/weather/kalshi_pipeline', 'version_check': 'True', 'warn_error': 'None', 'log_path': '/Users/allisonfung/weather/kalshi_pipeline/logs', 'fail_fast': 'False', 'debug': 'False', 'use_colors': 'True', 'use_experimental_parser': 'False', 'no_print': 'None', 'quiet': 'False', 'empty': 'False', 'log_format': 'default', 'static_parser': 'True', 'invocation_command': 'dbt run', 'introspect': 'True', 'target_path': 'None', 'warn_error_options': 'WarnErrorOptionsV2(error=[], warn=[], silence=[])', 'send_anonymous_usage_stats': 'True'}
[0m22:01:25.172344 [debug] [MainThread]: Sending event: {'category': 'dbt', 'action': 'project_id', 'label': '29f2a167-4ee9-40ee-8b29-80dd8d1ad570', 'context': [<snowplow_tracker.self_describing_json.SelfDescribingJson object at 0x105f87710>]}
[0m22:01:25.195097 [debug] [MainThread]: Sending event: {'category': 'dbt', 'action': 'adapter_info', 'label': '29f2a167-4ee9-40ee-8b29-80dd8d1ad570', 'context': [<snowplow_tracker.self_describing_json.SelfDescribingJson object at 0x105cbda00>]}
[0m22:01:25.196726 [info ] [MainThread]: Registered adapter: duckdb=1.10.0
[0m22:01:25.239759 [debug] [MainThread]: checksum: 073cb5a296270136b24f9c040fdebd0642ef9c263903ef463bfe7e190c538da2, vars: {}, profile: , target: , version: 1.10.4
[0m22:01:25.292784 [debug] [MainThread]: Partial parsing enabled: 0 files deleted, 0 files added, 1 files changed.
[0m22:01:25.293137 [debug] [MainThread]: Partial parsing: updated file: kalshi_pipeline://models/stg_weather.sql
[0m22:01:25.387755 [debug] [MainThread]: Sending event: {'category': 'dbt', 'action': 'load_project', 'label': '29f2a167-4ee9-40ee-8b29-80dd8d1ad570', 'context': [<snowplow_tracker.self_describing_json.SelfDescribingJson object at 0x1065fc6e0>]}
[0m22:01:25.414023 [debug] [MainThread]: Wrote artifact WritableManifest to /Users/allisonfung/weather/kalshi_pipeline/target/manifest.json
[0m22:01:25.415182 [debug] [MainThread]: Wrote artifact SemanticManifest to /Users/allisonfung/weather/kalshi_pipeline/target/semantic_manifest.json
[0m22:01:25.425368 [debug] [MainThread]: Sending event: {'category': 'dbt', 'action': 'resource_counts', 'label': '29f2a167-4ee9-40ee-8b29-80dd8d1ad570', 'context': [<snowplow_tracker.self_describing_json.SelfDescribingJson object at 0x10627d880>]}
[0m22:01:25.425611 [info ] [MainThread]: Found 3 models, 2 sources, 443 macros
[0m22:01:25.425772 [debug] [MainThread]: Sending event: {'category': 'dbt', 'action': 'runnable_timing', 'label': '29f2a167-4ee9-40ee-8b29-80dd8d1ad570', 'context': [<snowplow_tracker.self_describing_json.SelfDescribingJson object at 0x103b81430>]}
[0m22:01:25.426528 [info ] [MainThread]: 
[0m22:01:25.426693 [info ] [MainThread]: Concurrency: 1 threads (target='dev')
[0m22:01:25.426817 [info ] [MainThread]: 
[0m22:01:25.427045 [debug] [MainThread]: Acquiring new duckdb connection 'master'
[0m22:01:25.428893 [debug] [ThreadPool]: Acquiring new duckdb connection 'list_kalshi'
[0m22:01:25.453308 [debug] [ThreadPool]: Using duckdb connection "list_kalshi"
[0m22:01:25.453511 [debug] [ThreadPool]: On list_kalshi: /* {"app": "dbt", "dbt_version": "1.10.4", "profile_name": "kalshi_pipeline", "target_name": "dev", "connection_name": "list_kalshi"} */

    
    select schema_name
    from system.information_schema.schemata
    
    where lower(catalog_name) = '"kalshi"'
    
  
  
[0m22:01:25.453638 [debug] [ThreadPool]: Opening a new connection, currently in state init
[0m22:01:25.463039 [debug] [ThreadPool]: SQL status: OK in 0.009 seconds
[0m22:01:25.463640 [debug] [ThreadPool]: On list_kalshi: Close
[0m22:01:25.463928 [debug] [ThreadPool]: Re-using an available connection from the pool (formerly list_kalshi, now create_kalshi_main)
[0m22:01:25.464124 [debug] [ThreadPool]: Creating schema "database: "kalshi"
schema: "main"
"
[0m22:01:25.466785 [debug] [ThreadPool]: Using duckdb connection "create_kalshi_main"
[0m22:01:25.466929 [debug] [ThreadPool]: On create_kalshi_main: /* {"app": "dbt", "dbt_version": "1.10.4", "profile_name": "kalshi_pipeline", "target_name": "dev", "connection_name": "create_kalshi_main"} */

    
        select type from duckdb_databases()
        where lower(database_name)='kalshi'
        and type='sqlite'
    
  
[0m22:01:25.467041 [debug] [ThreadPool]: Opening a new connection, currently in state closed
[0m22:01:25.467605 [debug] [ThreadPool]: SQL status: OK in 0.001 seconds
[0m22:01:25.468270 [debug] [ThreadPool]: Using duckdb connection "create_kalshi_main"
[0m22:01:25.468392 [debug] [ThreadPool]: On create_kalshi_main: BEGIN
[0m22:01:25.468585 [debug] [ThreadPool]: SQL status: OK in 0.000 seconds
[0m22:01:25.468699 [debug] [ThreadPool]: Using duckdb connection "create_kalshi_main"
[0m22:01:25.468817 [debug] [ThreadPool]: On create_kalshi_main: /* {"app": "dbt", "dbt_version": "1.10.4", "profile_name": "kalshi_pipeline", "target_name": "dev", "connection_name": "create_kalshi_main"} */

    
    
        create schema if not exists "kalshi"."main"
    
[0m22:01:25.469062 [debug] [ThreadPool]: SQL status: OK in 0.000 seconds
[0m22:01:25.469372 [debug] [ThreadPool]: On create_kalshi_main: COMMIT
[0m22:01:25.469496 [debug] [ThreadPool]: Using duckdb connection "create_kalshi_main"
[0m22:01:25.469600 [debug] [ThreadPool]: On create_kalshi_main: COMMIT
[0m22:01:25.469756 [debug] [ThreadPool]: SQL status: OK in 0.000 seconds
[0m22:01:25.469877 [debug] [ThreadPool]: On create_kalshi_main: Close
[0m22:01:25.470323 [debug] [ThreadPool]: Re-using an available connection from the pool (formerly create_kalshi_main, now list_kalshi_main)
[0m22:01:25.472501 [debug] [ThreadPool]: Using duckdb connection "list_kalshi_main"
[0m22:01:25.472624 [debug] [ThreadPool]: On list_kalshi_main: BEGIN
[0m22:01:25.472727 [debug] [ThreadPool]: Opening a new connection, currently in state closed
[0m22:01:25.472915 [debug] [ThreadPool]: SQL status: OK in 0.000 seconds
[0m22:01:25.473031 [debug] [ThreadPool]: Using duckdb connection "list_kalshi_main"
[0m22:01:25.473157 [debug] [ThreadPool]: On list_kalshi_main: /* {"app": "dbt", "dbt_version": "1.10.4", "profile_name": "kalshi_pipeline", "target_name": "dev", "connection_name": "list_kalshi_main"} */
select
      'kalshi' as database,
      table_name as name,
      table_schema as schema,
      CASE table_type
        WHEN 'BASE TABLE' THEN 'table'
        WHEN 'VIEW' THEN 'view'
        WHEN 'LOCAL TEMPORARY' THEN 'table'
        END as type
    from system.information_schema.tables
    where lower(table_schema) = 'main'
    and lower(table_catalog) = 'kalshi'
  
[0m22:01:25.475750 [debug] [ThreadPool]: SQL status: OK in 0.002 seconds
[0m22:01:25.476451 [debug] [ThreadPool]: On list_kalshi_main: ROLLBACK
[0m22:01:25.477246 [debug] [ThreadPool]: Failed to rollback 'list_kalshi_main'
[0m22:01:25.477367 [debug] [ThreadPool]: On list_kalshi_main: Close
[0m22:01:25.477771 [debug] [MainThread]: Sending event: {'category': 'dbt', 'action': 'runnable_timing', 'label': '29f2a167-4ee9-40ee-8b29-80dd8d1ad570', 'context': [<snowplow_tracker.self_describing_json.SelfDescribingJson object at 0x10650cf20>]}
[0m22:01:25.477970 [debug] [MainThread]: Using duckdb connection "master"
[0m22:01:25.478097 [debug] [MainThread]: On master: BEGIN
[0m22:01:25.478211 [debug] [MainThread]: Opening a new connection, currently in state init
[0m22:01:25.478426 [debug] [MainThread]: SQL status: OK in 0.000 seconds
[0m22:01:25.478549 [debug] [MainThread]: On master: COMMIT
[0m22:01:25.478670 [debug] [MainThread]: Using duckdb connection "master"
[0m22:01:25.478785 [debug] [MainThread]: On master: COMMIT
[0m22:01:25.478955 [debug] [MainThread]: SQL status: OK in 0.000 seconds
[0m22:01:25.479072 [debug] [MainThread]: On master: Close
[0m22:01:25.480132 [debug] [Thread-1 (]: Began running node model.kalshi_pipeline.stg_forecast
[0m22:01:25.480353 [info ] [Thread-1 (]: 1 of 3 START sql table model main.stg_forecast ................................. [RUN]
[0m22:01:25.480633 [debug] [Thread-1 (]: Re-using an available connection from the pool (formerly list_kalshi_main, now model.kalshi_pipeline.stg_forecast)
[0m22:01:25.480797 [debug] [Thread-1 (]: Began compiling node model.kalshi_pipeline.stg_forecast
[0m22:01:25.483621 [debug] [Thread-1 (]: Writing injected SQL for node "model.kalshi_pipeline.stg_forecast"
[0m22:01:25.483912 [debug] [Thread-1 (]: Began executing node model.kalshi_pipeline.stg_forecast
[0m22:01:25.496652 [debug] [Thread-1 (]: Writing runtime sql for node "model.kalshi_pipeline.stg_forecast"
[0m22:01:25.497013 [debug] [Thread-1 (]: Using duckdb connection "model.kalshi_pipeline.stg_forecast"
[0m22:01:25.497147 [debug] [Thread-1 (]: On model.kalshi_pipeline.stg_forecast: BEGIN
[0m22:01:25.497272 [debug] [Thread-1 (]: Opening a new connection, currently in state closed
[0m22:01:25.497545 [debug] [Thread-1 (]: SQL status: OK in 0.000 seconds
[0m22:01:25.497682 [debug] [Thread-1 (]: Using duckdb connection "model.kalshi_pipeline.stg_forecast"
[0m22:01:25.497828 [debug] [Thread-1 (]: On model.kalshi_pipeline.stg_forecast: /* {"app": "dbt", "dbt_version": "1.10.4", "profile_name": "kalshi_pipeline", "target_name": "dev", "node_id": "model.kalshi_pipeline.stg_forecast"} */

  
    
    

    create  table
      "kalshi"."main"."stg_forecast__dbt_tmp"
  
    as (
      SELECT
    CAST(time AS TIMESTAMP) AS forecast_timestamp,
    CAST(time AS DATE) AS forecast_date,
    temperature_2m_previous_day1 AS forecast_temp_previous_day1
FROM '../data/raw_forecast_previous_day1.parquet'
    );
  
  
[0m22:01:25.506122 [debug] [Thread-1 (]: SQL status: OK in 0.008 seconds
[0m22:01:25.508312 [debug] [Thread-1 (]: Using duckdb connection "model.kalshi_pipeline.stg_forecast"
[0m22:01:25.508482 [debug] [Thread-1 (]: On model.kalshi_pipeline.stg_forecast: /* {"app": "dbt", "dbt_version": "1.10.4", "profile_name": "kalshi_pipeline", "target_name": "dev", "node_id": "model.kalshi_pipeline.stg_forecast"} */

    SELECT index_name
    FROM duckdb_indexes()
    WHERE schema_name = 'main'
      AND table_name = 'stg_forecast'
  
[0m22:01:25.508835 [debug] [Thread-1 (]: SQL status: OK in 0.000 seconds
[0m22:01:25.509344 [debug] [Thread-1 (]: Using duckdb connection "model.kalshi_pipeline.stg_forecast"
[0m22:01:25.509506 [debug] [Thread-1 (]: On model.kalshi_pipeline.stg_forecast: /* {"app": "dbt", "dbt_version": "1.10.4", "profile_name": "kalshi_pipeline", "target_name": "dev", "node_id": "model.kalshi_pipeline.stg_forecast"} */

    SELECT COUNT(*) as remaining_indexes
    FROM duckdb_indexes()
    WHERE schema_name = 'main'
      AND table_name = 'stg_forecast'
  
[0m22:01:25.510404 [debug] [Thread-1 (]: SQL status: OK in 0.001 seconds
[0m22:01:25.512783 [debug] [Thread-1 (]: Using duckdb connection "model.kalshi_pipeline.stg_forecast"
[0m22:01:25.512934 [debug] [Thread-1 (]: On model.kalshi_pipeline.stg_forecast: /* {"app": "dbt", "dbt_version": "1.10.4", "profile_name": "kalshi_pipeline", "target_name": "dev", "node_id": "model.kalshi_pipeline.stg_forecast"} */
alter table "kalshi"."main"."stg_forecast" rename to "stg_forecast__dbt_backup"
[0m22:01:25.513912 [debug] [Thread-1 (]: SQL status: OK in 0.001 seconds
[0m22:01:25.515491 [debug] [Thread-1 (]: Using duckdb connection "model.kalshi_pipeline.stg_forecast"
[0m22:01:25.515653 [debug] [Thread-1 (]: On model.kalshi_pipeline.stg_forecast: /* {"app": "dbt", "dbt_version": "1.10.4", "profile_name": "kalshi_pipeline", "target_name": "dev", "node_id": "model.kalshi_pipeline.stg_forecast"} */
alter table "kalshi"."main"."stg_forecast__dbt_tmp" rename to "stg_forecast"
[0m22:01:25.515899 [debug] [Thread-1 (]: SQL status: OK in 0.000 seconds
[0m22:01:25.521613 [debug] [Thread-1 (]: On model.kalshi_pipeline.stg_forecast: COMMIT
[0m22:01:25.521773 [debug] [Thread-1 (]: Using duckdb connection "model.kalshi_pipeline.stg_forecast"
[0m22:01:25.521910 [debug] [Thread-1 (]: On model.kalshi_pipeline.stg_forecast: COMMIT
[0m22:01:25.522973 [debug] [Thread-1 (]: SQL status: OK in 0.001 seconds
[0m22:01:25.524918 [debug] [Thread-1 (]: Using duckdb connection "model.kalshi_pipeline.stg_forecast"
[0m22:01:25.525068 [debug] [Thread-1 (]: On model.kalshi_pipeline.stg_forecast: /* {"app": "dbt", "dbt_version": "1.10.4", "profile_name": "kalshi_pipeline", "target_name": "dev", "node_id": "model.kalshi_pipeline.stg_forecast"} */

      drop table if exists "kalshi"."main"."stg_forecast__dbt_backup" cascade
    
[0m22:01:25.525700 [debug] [Thread-1 (]: SQL status: OK in 0.000 seconds
[0m22:01:25.526600 [debug] [Thread-1 (]: On model.kalshi_pipeline.stg_forecast: Close
[0m22:01:25.527441 [debug] [Thread-1 (]: Sending event: {'category': 'dbt', 'action': 'run_model', 'label': '29f2a167-4ee9-40ee-8b29-80dd8d1ad570', 'context': [<snowplow_tracker.self_describing_json.SelfDescribingJson object at 0x106017890>]}
[0m22:01:25.527705 [info ] [Thread-1 (]: 1 of 3 OK created sql table model main.stg_forecast ............................ [[32mOK[0m in 0.05s]
[0m22:01:25.527946 [debug] [Thread-1 (]: Finished running node model.kalshi_pipeline.stg_forecast
[0m22:01:25.528113 [debug] [Thread-1 (]: Began running node model.kalshi_pipeline.stg_weather
[0m22:01:25.528326 [info ] [Thread-1 (]: 2 of 3 START sql table model main.stg_weather .................................. [RUN]
[0m22:01:25.528502 [debug] [Thread-1 (]: Re-using an available connection from the pool (formerly model.kalshi_pipeline.stg_forecast, now model.kalshi_pipeline.stg_weather)
[0m22:01:25.528649 [debug] [Thread-1 (]: Began compiling node model.kalshi_pipeline.stg_weather
[0m22:01:25.529663 [debug] [Thread-1 (]: Writing injected SQL for node "model.kalshi_pipeline.stg_weather"
[0m22:01:25.529920 [debug] [Thread-1 (]: Began executing node model.kalshi_pipeline.stg_weather
[0m22:01:25.531144 [debug] [Thread-1 (]: Writing runtime sql for node "model.kalshi_pipeline.stg_weather"
[0m22:01:25.531418 [debug] [Thread-1 (]: Using duckdb connection "model.kalshi_pipeline.stg_weather"
[0m22:01:25.531561 [debug] [Thread-1 (]: On model.kalshi_pipeline.stg_weather: BEGIN
[0m22:01:25.531690 [debug] [Thread-1 (]: Opening a new connection, currently in state closed
[0m22:01:25.531930 [debug] [Thread-1 (]: SQL status: OK in 0.000 seconds
[0m22:01:25.532072 [debug] [Thread-1 (]: Using duckdb connection "model.kalshi_pipeline.stg_weather"
[0m22:01:25.532227 [debug] [Thread-1 (]: On model.kalshi_pipeline.stg_weather: /* {"app": "dbt", "dbt_version": "1.10.4", "profile_name": "kalshi_pipeline", "target_name": "dev", "node_id": "model.kalshi_pipeline.stg_weather"} */

  
    
    

    create  table
      "kalshi"."main"."stg_weather__dbt_tmp"
  
    as (
      SELECT
    CAST(time AS TIMESTAMP) AS weather_timestamp,
    CAST(time AS DATE) AS weather_date,
    EXTRACT(HOUR FROM CAST(time AS TIMESTAMP)) AS hour_of_day,
    temperature_2m AS temp_f,
    relative_humidity_2m AS humidity,
    cloud_cover,
    precipitation,
    morning_humidity_11am
FROM '../data/raw_central_park_weather.parquet'
    );
  
  
[0m22:01:25.536793 [debug] [Thread-1 (]: DuckDB adapter: Error running SQL: /* {"app": "dbt", "dbt_version": "1.10.4", "profile_name": "kalshi_pipeline", "target_name": "dev", "node_id": "model.kalshi_pipeline.stg_weather"} */

  
    
    

    create  table
      "kalshi"."main"."stg_weather__dbt_tmp"
  
    as (
      SELECT
    CAST(time AS TIMESTAMP) AS weather_timestamp,
    CAST(time AS DATE) AS weather_date,
    EXTRACT(HOUR FROM CAST(time AS TIMESTAMP)) AS hour_of_day,
    temperature_2m AS temp_f,
    relative_humidity_2m AS humidity,
    cloud_cover,
    precipitation,
    morning_humidity_11am
FROM '../data/raw_central_park_weather.parquet'
    );
  
  
[0m22:01:25.536993 [debug] [Thread-1 (]: DuckDB adapter: Rolling back transaction.
[0m22:01:25.537241 [debug] [Thread-1 (]: On model.kalshi_pipeline.stg_weather: ROLLBACK
[0m22:01:25.542330 [debug] [Thread-1 (]: Failed to rollback 'model.kalshi_pipeline.stg_weather'
[0m22:01:25.542494 [debug] [Thread-1 (]: On model.kalshi_pipeline.stg_weather: Close
[0m22:01:25.543514 [debug] [Thread-1 (]: Runtime Error in model stg_weather (models/stg_weather.sql)
  Binder Error: Referenced column "morning_humidity_11am" not found in FROM clause!
  Candidate bindings: "relative_humidity_2m", "precipitation", "temperature_2m"
  
  LINE 19:     morning_humidity_11am
               ^
[0m22:01:25.543745 [debug] [Thread-1 (]: Sending event: {'category': 'dbt', 'action': 'run_model', 'label': '29f2a167-4ee9-40ee-8b29-80dd8d1ad570', 'context': [<snowplow_tracker.self_describing_json.SelfDescribingJson object at 0x10696eba0>]}
[0m22:01:25.544056 [error] [Thread-1 (]: 2 of 3 ERROR creating sql table model main.stg_weather ......................... [[31mERROR[0m in 0.02s]
[0m22:01:25.544318 [debug] [Thread-1 (]: Finished running node model.kalshi_pipeline.stg_weather
[0m22:01:25.544547 [debug] [Thread-4 (]: Marking all children of 'model.kalshi_pipeline.stg_weather' to be skipped because of status 'error'.  Reason: Runtime Error in model stg_weather (models/stg_weather.sql)
  Binder Error: Referenced column "morning_humidity_11am" not found in FROM clause!
  Candidate bindings: "relative_humidity_2m", "precipitation", "temperature_2m"
  
  LINE 19:     morning_humidity_11am
               ^.
[0m22:01:25.545102 [debug] [Thread-1 (]: Began running node model.kalshi_pipeline.fct_kalshi_features
[0m22:01:25.545315 [info ] [Thread-1 (]: 3 of 3 SKIP relation main.fct_kalshi_features .................................. [[33mSKIP[0m]
[0m22:01:25.545512 [debug] [Thread-1 (]: Finished running node model.kalshi_pipeline.fct_kalshi_features
[0m22:01:25.545931 [debug] [MainThread]: Using duckdb connection "master"
[0m22:01:25.546061 [debug] [MainThread]: On master: BEGIN
[0m22:01:25.546179 [debug] [MainThread]: Opening a new connection, currently in state closed
[0m22:01:25.546434 [debug] [MainThread]: SQL status: OK in 0.000 seconds
[0m22:01:25.546555 [debug] [MainThread]: On master: COMMIT
[0m22:01:25.546669 [debug] [MainThread]: Using duckdb connection "master"
[0m22:01:25.546784 [debug] [MainThread]: On master: COMMIT
[0m22:01:25.546952 [debug] [MainThread]: SQL status: OK in 0.000 seconds
[0m22:01:25.547069 [debug] [MainThread]: On master: Close
[0m22:01:25.547235 [debug] [MainThread]: Connection 'master' was properly closed.
[0m22:01:25.547355 [debug] [MainThread]: Connection 'model.kalshi_pipeline.stg_weather' was properly closed.
[0m22:01:25.547488 [info ] [MainThread]: 
[0m22:01:25.547625 [info ] [MainThread]: Finished running 3 table models in 0 hours 0 minutes and 0.12 seconds (0.12s).
[0m22:01:25.547951 [debug] [MainThread]: Command end result
[0m22:01:25.556215 [debug] [MainThread]: Wrote artifact WritableManifest to /Users/allisonfung/weather/kalshi_pipeline/target/manifest.json
[0m22:01:25.556980 [debug] [MainThread]: Wrote artifact SemanticManifest to /Users/allisonfung/weather/kalshi_pipeline/target/semantic_manifest.json
[0m22:01:25.559266 [debug] [MainThread]: Wrote artifact RunExecutionResult to /Users/allisonfung/weather/kalshi_pipeline/target/run_results.json
[0m22:01:25.559393 [info ] [MainThread]: 
[0m22:01:25.559553 [info ] [MainThread]: [31mCompleted with 1 error, 0 partial successes, and 0 warnings:[0m
[0m22:01:25.559683 [info ] [MainThread]: 
[0m22:01:25.559845 [error] [MainThread]: [31mFailure in model stg_weather (models/stg_weather.sql)[0m
[0m22:01:25.560001 [error] [MainThread]:   Runtime Error in model stg_weather (models/stg_weather.sql)
  Binder Error: Referenced column "morning_humidity_11am" not found in FROM clause!
  Candidate bindings: "relative_humidity_2m", "precipitation", "temperature_2m"
  
  LINE 19:     morning_humidity_11am
               ^
[0m22:01:25.560129 [info ] [MainThread]: 
[0m22:01:25.560278 [info ] [MainThread]:   compiled code at target/compiled/kalshi_pipeline/models/stg_weather.sql
[0m22:01:25.560399 [info ] [MainThread]: 
[0m22:01:25.560540 [info ] [MainThread]: Done. PASS=1 WARN=0 ERROR=1 SKIP=1 NO-OP=0 TOTAL=3
[0m22:01:25.562481 [debug] [MainThread]: Resource report: {"command_name": "run", "command_success": false, "command_wall_clock_time": 0.5086938, "process_in_blocks": "0", "process_kernel_time": 0.143269, "process_mem_max_rss": "158236672", "process_out_blocks": "0", "process_user_time": 0.93188}
[0m22:01:25.562698 [debug] [MainThread]: Command `dbt run` failed at 22:01:25.562665 after 0.51 seconds
[0m22:01:25.562867 [debug] [MainThread]: Sending event: {'category': 'dbt', 'action': 'invocation', 'label': 'end', 'context': [<snowplow_tracker.self_describing_json.SelfDescribingJson object at 0x1049a7770>, <snowplow_tracker.self_describing_json.SelfDescribingJson object at 0x10296cef0>, <snowplow_tracker.self_describing_json.SelfDescribingJson object at 0x1064d9ca0>]}
[0m22:01:25.563019 [debug] [MainThread]: Flushing usage events
[0m22:01:25.789914 [debug] [MainThread]: An error was encountered while trying to flush usage events
[0m22:02:23.707679 [debug] [MainThread]: Sending event: {'category': 'dbt', 'action': 'invocation', 'label': 'start', 'context': [<snowplow_tracker.self_describing_json.SelfDescribingJson object at 0x10c22e7e0>, <snowplow_tracker.self_describing_json.SelfDescribingJson object at 0x10b9a4e00>, <snowplow_tracker.self_describing_json.SelfDescribingJson object at 0x10b9a4dd0>]}


============================== 22:02:23.710900 | 1b0dcee9-c502-4527-bc85-211b07a4d5f0 ==============================
[0m22:02:23.710900 [info ] [MainThread]: Running with dbt=1.10.4
[0m22:02:23.711176 [debug] [MainThread]: running dbt with arguments {'printer_width': '80', 'indirect_selection': 'eager', 'log_cache_events': 'False', 'write_json': 'True', 'partial_parse': 'True', 'cache_selected_only': 'False', 'profiles_dir': '/Users/allisonfung/weather/kalshi_pipeline', 'fail_fast': 'False', 'warn_error': 'None', 'log_path': '/Users/allisonfung/weather/kalshi_pipeline/logs', 'version_check': 'True', 'debug': 'False', 'use_colors': 'True', 'use_experimental_parser': 'False', 'empty': 'False', 'quiet': 'False', 'no_print': 'None', 'warn_error_options': 'WarnErrorOptionsV2(error=[], warn=[], silence=[])', 'introspect': 'True', 'log_format': 'default', 'invocation_command': 'dbt run', 'target_path': 'None', 'static_parser': 'True', 'send_anonymous_usage_stats': 'True'}
[0m22:02:23.853787 [debug] [MainThread]: Sending event: {'category': 'dbt', 'action': 'project_id', 'label': '1b0dcee9-c502-4527-bc85-211b07a4d5f0', 'context': [<snowplow_tracker.self_describing_json.SelfDescribingJson object at 0x10cb31a60>]}
[0m22:02:23.875770 [debug] [MainThread]: Sending event: {'category': 'dbt', 'action': 'adapter_info', 'label': '1b0dcee9-c502-4527-bc85-211b07a4d5f0', 'context': [<snowplow_tracker.self_describing_json.SelfDescribingJson object at 0x10cbbe300>]}
[0m22:02:23.877044 [info ] [MainThread]: Registered adapter: duckdb=1.10.0
[0m22:02:23.923174 [debug] [MainThread]: checksum: 073cb5a296270136b24f9c040fdebd0642ef9c263903ef463bfe7e190c538da2, vars: {}, profile: , target: , version: 1.10.4
[0m22:02:23.977457 [debug] [MainThread]: Partial parsing enabled: 0 files deleted, 0 files added, 1 files changed.
[0m22:02:23.977815 [debug] [MainThread]: Partial parsing: updated file: kalshi_pipeline://models/stg_weather.sql
[0m22:02:24.073382 [debug] [MainThread]: Sending event: {'category': 'dbt', 'action': 'load_project', 'label': '1b0dcee9-c502-4527-bc85-211b07a4d5f0', 'context': [<snowplow_tracker.self_describing_json.SelfDescribingJson object at 0x10ddf4860>]}
[0m22:02:24.099669 [debug] [MainThread]: Wrote artifact WritableManifest to /Users/allisonfung/weather/kalshi_pipeline/target/manifest.json
[0m22:02:24.100899 [debug] [MainThread]: Wrote artifact SemanticManifest to /Users/allisonfung/weather/kalshi_pipeline/target/semantic_manifest.json
[0m22:02:24.111064 [debug] [MainThread]: Sending event: {'category': 'dbt', 'action': 'resource_counts', 'label': '1b0dcee9-c502-4527-bc85-211b07a4d5f0', 'context': [<snowplow_tracker.self_describing_json.SelfDescribingJson object at 0x10df054c0>]}
[0m22:02:24.111288 [info ] [MainThread]: Found 3 models, 2 sources, 443 macros
[0m22:02:24.111450 [debug] [MainThread]: Sending event: {'category': 'dbt', 'action': 'runnable_timing', 'label': '1b0dcee9-c502-4527-bc85-211b07a4d5f0', 'context': [<snowplow_tracker.self_describing_json.SelfDescribingJson object at 0x10d914290>]}
[0m22:02:24.112227 [info ] [MainThread]: 
[0m22:02:24.112397 [info ] [MainThread]: Concurrency: 1 threads (target='dev')
[0m22:02:24.112520 [info ] [MainThread]: 
[0m22:02:24.112734 [debug] [MainThread]: Acquiring new duckdb connection 'master'
[0m22:02:24.114549 [debug] [ThreadPool]: Acquiring new duckdb connection 'list_kalshi'
[0m22:02:24.138603 [debug] [ThreadPool]: Using duckdb connection "list_kalshi"
[0m22:02:24.138828 [debug] [ThreadPool]: On list_kalshi: /* {"app": "dbt", "dbt_version": "1.10.4", "profile_name": "kalshi_pipeline", "target_name": "dev", "connection_name": "list_kalshi"} */

    
    select schema_name
    from system.information_schema.schemata
    
    where lower(catalog_name) = '"kalshi"'
    
  
  
[0m22:02:24.138970 [debug] [ThreadPool]: Opening a new connection, currently in state init
[0m22:02:24.154597 [debug] [ThreadPool]: SQL status: OK in 0.016 seconds
[0m22:02:24.157890 [debug] [ThreadPool]: On list_kalshi: Close
[0m22:02:24.161617 [debug] [ThreadPool]: Re-using an available connection from the pool (formerly list_kalshi, now create_kalshi_main)
[0m22:02:24.161823 [debug] [ThreadPool]: Creating schema "database: "kalshi"
schema: "main"
"
[0m22:02:24.164646 [debug] [ThreadPool]: Using duckdb connection "create_kalshi_main"
[0m22:02:24.164801 [debug] [ThreadPool]: On create_kalshi_main: /* {"app": "dbt", "dbt_version": "1.10.4", "profile_name": "kalshi_pipeline", "target_name": "dev", "connection_name": "create_kalshi_main"} */

    
        select type from duckdb_databases()
        where lower(database_name)='kalshi'
        and type='sqlite'
    
  
[0m22:02:24.164918 [debug] [ThreadPool]: Opening a new connection, currently in state closed
[0m22:02:24.165533 [debug] [ThreadPool]: SQL status: OK in 0.001 seconds
[0m22:02:24.169772 [debug] [ThreadPool]: Using duckdb connection "create_kalshi_main"
[0m22:02:24.169905 [debug] [ThreadPool]: On create_kalshi_main: BEGIN
[0m22:02:24.170109 [debug] [ThreadPool]: SQL status: OK in 0.000 seconds
[0m22:02:24.170226 [debug] [ThreadPool]: Using duckdb connection "create_kalshi_main"
[0m22:02:24.170349 [debug] [ThreadPool]: On create_kalshi_main: /* {"app": "dbt", "dbt_version": "1.10.4", "profile_name": "kalshi_pipeline", "target_name": "dev", "connection_name": "create_kalshi_main"} */

    
    
        create schema if not exists "kalshi"."main"
    
[0m22:02:24.170566 [debug] [ThreadPool]: SQL status: OK in 0.000 seconds
[0m22:02:24.170877 [debug] [ThreadPool]: On create_kalshi_main: COMMIT
[0m22:02:24.170999 [debug] [ThreadPool]: Using duckdb connection "create_kalshi_main"
[0m22:02:24.171107 [debug] [ThreadPool]: On create_kalshi_main: COMMIT
[0m22:02:24.171286 [debug] [ThreadPool]: SQL status: OK in 0.000 seconds
[0m22:02:24.171406 [debug] [ThreadPool]: On create_kalshi_main: Close
[0m22:02:24.171889 [debug] [ThreadPool]: Re-using an available connection from the pool (formerly create_kalshi_main, now list_kalshi_main)
[0m22:02:24.173939 [debug] [ThreadPool]: Using duckdb connection "list_kalshi_main"
[0m22:02:24.174061 [debug] [ThreadPool]: On list_kalshi_main: BEGIN
[0m22:02:24.174165 [debug] [ThreadPool]: Opening a new connection, currently in state closed
[0m22:02:24.174350 [debug] [ThreadPool]: SQL status: OK in 0.000 seconds
[0m22:02:24.174465 [debug] [ThreadPool]: Using duckdb connection "list_kalshi_main"
[0m22:02:24.174587 [debug] [ThreadPool]: On list_kalshi_main: /* {"app": "dbt", "dbt_version": "1.10.4", "profile_name": "kalshi_pipeline", "target_name": "dev", "connection_name": "list_kalshi_main"} */
select
      'kalshi' as database,
      table_name as name,
      table_schema as schema,
      CASE table_type
        WHEN 'BASE TABLE' THEN 'table'
        WHEN 'VIEW' THEN 'view'
        WHEN 'LOCAL TEMPORARY' THEN 'table'
        END as type
    from system.information_schema.tables
    where lower(table_schema) = 'main'
    and lower(table_catalog) = 'kalshi'
  
[0m22:02:24.176476 [debug] [ThreadPool]: SQL status: OK in 0.002 seconds
[0m22:02:24.177257 [debug] [ThreadPool]: On list_kalshi_main: ROLLBACK
[0m22:02:24.178050 [debug] [ThreadPool]: Failed to rollback 'list_kalshi_main'
[0m22:02:24.178202 [debug] [ThreadPool]: On list_kalshi_main: Close
[0m22:02:24.178618 [debug] [MainThread]: Sending event: {'category': 'dbt', 'action': 'runnable_timing', 'label': '1b0dcee9-c502-4527-bc85-211b07a4d5f0', 'context': [<snowplow_tracker.self_describing_json.SelfDescribingJson object at 0x10d906b70>]}
[0m22:02:24.178799 [debug] [MainThread]: Using duckdb connection "master"
[0m22:02:24.178918 [debug] [MainThread]: On master: BEGIN
[0m22:02:24.179046 [debug] [MainThread]: Opening a new connection, currently in state init
[0m22:02:24.179240 [debug] [MainThread]: SQL status: OK in 0.000 seconds
[0m22:02:24.179362 [debug] [MainThread]: On master: COMMIT
[0m22:02:24.179479 [debug] [MainThread]: Using duckdb connection "master"
[0m22:02:24.179589 [debug] [MainThread]: On master: COMMIT
[0m22:02:24.179750 [debug] [MainThread]: SQL status: OK in 0.000 seconds
[0m22:02:24.179867 [debug] [MainThread]: On master: Close
[0m22:02:24.181049 [debug] [Thread-1 (]: Began running node model.kalshi_pipeline.stg_forecast
[0m22:02:24.181259 [info ] [Thread-1 (]: 1 of 3 START sql table model main.stg_forecast ................................. [RUN]
[0m22:02:24.181533 [debug] [Thread-1 (]: Re-using an available connection from the pool (formerly list_kalshi_main, now model.kalshi_pipeline.stg_forecast)
[0m22:02:24.181684 [debug] [Thread-1 (]: Began compiling node model.kalshi_pipeline.stg_forecast
[0m22:02:24.184533 [debug] [Thread-1 (]: Writing injected SQL for node "model.kalshi_pipeline.stg_forecast"
[0m22:02:24.184834 [debug] [Thread-1 (]: Began executing node model.kalshi_pipeline.stg_forecast
[0m22:02:24.197230 [debug] [Thread-1 (]: Writing runtime sql for node "model.kalshi_pipeline.stg_forecast"
[0m22:02:24.197621 [debug] [Thread-1 (]: Using duckdb connection "model.kalshi_pipeline.stg_forecast"
[0m22:02:24.197773 [debug] [Thread-1 (]: On model.kalshi_pipeline.stg_forecast: BEGIN
[0m22:02:24.197898 [debug] [Thread-1 (]: Opening a new connection, currently in state closed
[0m22:02:24.198181 [debug] [Thread-1 (]: SQL status: OK in 0.000 seconds
[0m22:02:24.198317 [debug] [Thread-1 (]: Using duckdb connection "model.kalshi_pipeline.stg_forecast"
[0m22:02:24.198465 [debug] [Thread-1 (]: On model.kalshi_pipeline.stg_forecast: /* {"app": "dbt", "dbt_version": "1.10.4", "profile_name": "kalshi_pipeline", "target_name": "dev", "node_id": "model.kalshi_pipeline.stg_forecast"} */

  
    
    

    create  table
      "kalshi"."main"."stg_forecast__dbt_tmp"
  
    as (
      SELECT
    CAST(time AS TIMESTAMP) AS forecast_timestamp,
    CAST(time AS DATE) AS forecast_date,
    temperature_2m_previous_day1 AS forecast_temp_previous_day1
FROM '../data/raw_forecast_previous_day1.parquet'
    );
  
  
[0m22:02:24.204398 [debug] [Thread-1 (]: SQL status: OK in 0.006 seconds
[0m22:02:24.207235 [debug] [Thread-1 (]: Using duckdb connection "model.kalshi_pipeline.stg_forecast"
[0m22:02:24.207452 [debug] [Thread-1 (]: On model.kalshi_pipeline.stg_forecast: /* {"app": "dbt", "dbt_version": "1.10.4", "profile_name": "kalshi_pipeline", "target_name": "dev", "node_id": "model.kalshi_pipeline.stg_forecast"} */

    SELECT index_name
    FROM duckdb_indexes()
    WHERE schema_name = 'main'
      AND table_name = 'stg_forecast'
  
[0m22:02:24.207912 [debug] [Thread-1 (]: SQL status: OK in 0.000 seconds
[0m22:02:24.208424 [debug] [Thread-1 (]: Using duckdb connection "model.kalshi_pipeline.stg_forecast"
[0m22:02:24.208577 [debug] [Thread-1 (]: On model.kalshi_pipeline.stg_forecast: /* {"app": "dbt", "dbt_version": "1.10.4", "profile_name": "kalshi_pipeline", "target_name": "dev", "node_id": "model.kalshi_pipeline.stg_forecast"} */

    SELECT COUNT(*) as remaining_indexes
    FROM duckdb_indexes()
    WHERE schema_name = 'main'
      AND table_name = 'stg_forecast'
  
[0m22:02:24.208996 [debug] [Thread-1 (]: SQL status: OK in 0.000 seconds
[0m22:02:24.211965 [debug] [Thread-1 (]: Using duckdb connection "model.kalshi_pipeline.stg_forecast"
[0m22:02:24.212136 [debug] [Thread-1 (]: On model.kalshi_pipeline.stg_forecast: /* {"app": "dbt", "dbt_version": "1.10.4", "profile_name": "kalshi_pipeline", "target_name": "dev", "node_id": "model.kalshi_pipeline.stg_forecast"} */
alter table "kalshi"."main"."stg_forecast" rename to "stg_forecast__dbt_backup"
[0m22:02:24.212679 [debug] [Thread-1 (]: SQL status: OK in 0.000 seconds
[0m22:02:24.214386 [debug] [Thread-1 (]: Using duckdb connection "model.kalshi_pipeline.stg_forecast"
[0m22:02:24.214527 [debug] [Thread-1 (]: On model.kalshi_pipeline.stg_forecast: /* {"app": "dbt", "dbt_version": "1.10.4", "profile_name": "kalshi_pipeline", "target_name": "dev", "node_id": "model.kalshi_pipeline.stg_forecast"} */
alter table "kalshi"."main"."stg_forecast__dbt_tmp" rename to "stg_forecast"
[0m22:02:24.214763 [debug] [Thread-1 (]: SQL status: OK in 0.000 seconds
[0m22:02:24.220403 [debug] [Thread-1 (]: On model.kalshi_pipeline.stg_forecast: COMMIT
[0m22:02:24.220578 [debug] [Thread-1 (]: Using duckdb connection "model.kalshi_pipeline.stg_forecast"
[0m22:02:24.220716 [debug] [Thread-1 (]: On model.kalshi_pipeline.stg_forecast: COMMIT
[0m22:02:24.221849 [debug] [Thread-1 (]: SQL status: OK in 0.001 seconds
[0m22:02:24.223766 [debug] [Thread-1 (]: Using duckdb connection "model.kalshi_pipeline.stg_forecast"
[0m22:02:24.223920 [debug] [Thread-1 (]: On model.kalshi_pipeline.stg_forecast: /* {"app": "dbt", "dbt_version": "1.10.4", "profile_name": "kalshi_pipeline", "target_name": "dev", "node_id": "model.kalshi_pipeline.stg_forecast"} */

      drop table if exists "kalshi"."main"."stg_forecast__dbt_backup" cascade
    
[0m22:02:24.224274 [debug] [Thread-1 (]: SQL status: OK in 0.000 seconds
[0m22:02:24.225225 [debug] [Thread-1 (]: On model.kalshi_pipeline.stg_forecast: Close
[0m22:02:24.226089 [debug] [Thread-1 (]: Sending event: {'category': 'dbt', 'action': 'run_model', 'label': '1b0dcee9-c502-4527-bc85-211b07a4d5f0', 'context': [<snowplow_tracker.self_describing_json.SelfDescribingJson object at 0x10ea120f0>]}
[0m22:02:24.226380 [info ] [Thread-1 (]: 1 of 3 OK created sql table model main.stg_forecast ............................ [[32mOK[0m in 0.04s]
[0m22:02:24.226645 [debug] [Thread-1 (]: Finished running node model.kalshi_pipeline.stg_forecast
[0m22:02:24.226822 [debug] [Thread-1 (]: Began running node model.kalshi_pipeline.stg_weather
[0m22:02:24.227030 [info ] [Thread-1 (]: 2 of 3 START sql table model main.stg_weather .................................. [RUN]
[0m22:02:24.227230 [debug] [Thread-1 (]: Re-using an available connection from the pool (formerly model.kalshi_pipeline.stg_forecast, now model.kalshi_pipeline.stg_weather)
[0m22:02:24.227378 [debug] [Thread-1 (]: Began compiling node model.kalshi_pipeline.stg_weather
[0m22:02:24.228364 [debug] [Thread-1 (]: Writing injected SQL for node "model.kalshi_pipeline.stg_weather"
[0m22:02:24.228624 [debug] [Thread-1 (]: Began executing node model.kalshi_pipeline.stg_weather
[0m22:02:24.229806 [debug] [Thread-1 (]: Writing runtime sql for node "model.kalshi_pipeline.stg_weather"
[0m22:02:24.230059 [debug] [Thread-1 (]: Using duckdb connection "model.kalshi_pipeline.stg_weather"
[0m22:02:24.230190 [debug] [Thread-1 (]: On model.kalshi_pipeline.stg_weather: BEGIN
[0m22:02:24.230321 [debug] [Thread-1 (]: Opening a new connection, currently in state closed
[0m22:02:24.230556 [debug] [Thread-1 (]: SQL status: OK in 0.000 seconds
[0m22:02:24.230698 [debug] [Thread-1 (]: Using duckdb connection "model.kalshi_pipeline.stg_weather"
[0m22:02:24.230844 [debug] [Thread-1 (]: On model.kalshi_pipeline.stg_weather: /* {"app": "dbt", "dbt_version": "1.10.4", "profile_name": "kalshi_pipeline", "target_name": "dev", "node_id": "model.kalshi_pipeline.stg_weather"} */

  
    
    

    create  table
      "kalshi"."main"."stg_weather__dbt_tmp"
  
    as (
      SELECT
    CAST(time AS TIMESTAMP) AS weather_timestamp,
    CAST(time AS DATE) AS weather_date,
    EXTRACT(HOUR FROM CAST(time AS TIMESTAMP)) AS hour_of_day,
    temperature_2m AS temp_f,
    relative_humidity_2m AS humidity,
    cloud_cover,
    precipitation
FROM '../data/raw_central_park_weather.parquet'
    );
  
  
[0m22:02:24.235019 [debug] [Thread-1 (]: SQL status: OK in 0.004 seconds
[0m22:02:24.235517 [debug] [Thread-1 (]: Using duckdb connection "model.kalshi_pipeline.stg_weather"
[0m22:02:24.235674 [debug] [Thread-1 (]: On model.kalshi_pipeline.stg_weather: /* {"app": "dbt", "dbt_version": "1.10.4", "profile_name": "kalshi_pipeline", "target_name": "dev", "node_id": "model.kalshi_pipeline.stg_weather"} */

    SELECT index_name
    FROM duckdb_indexes()
    WHERE schema_name = 'main'
      AND table_name = 'stg_weather'
  
[0m22:02:24.236055 [debug] [Thread-1 (]: SQL status: OK in 0.000 seconds
[0m22:02:24.236490 [debug] [Thread-1 (]: Using duckdb connection "model.kalshi_pipeline.stg_weather"
[0m22:02:24.236627 [debug] [Thread-1 (]: On model.kalshi_pipeline.stg_weather: /* {"app": "dbt", "dbt_version": "1.10.4", "profile_name": "kalshi_pipeline", "target_name": "dev", "node_id": "model.kalshi_pipeline.stg_weather"} */

    SELECT COUNT(*) as remaining_indexes
    FROM duckdb_indexes()
    WHERE schema_name = 'main'
      AND table_name = 'stg_weather'
  
[0m22:02:24.237016 [debug] [Thread-1 (]: SQL status: OK in 0.000 seconds
[0m22:02:24.238767 [debug] [Thread-1 (]: Using duckdb connection "model.kalshi_pipeline.stg_weather"
[0m22:02:24.238927 [debug] [Thread-1 (]: On model.kalshi_pipeline.stg_weather: /* {"app": "dbt", "dbt_version": "1.10.4", "profile_name": "kalshi_pipeline", "target_name": "dev", "node_id": "model.kalshi_pipeline.stg_weather"} */
alter table "kalshi"."main"."stg_weather" rename to "stg_weather__dbt_backup"
[0m22:02:24.239237 [debug] [Thread-1 (]: SQL status: OK in 0.000 seconds
[0m22:02:24.240302 [debug] [Thread-1 (]: Using duckdb connection "model.kalshi_pipeline.stg_weather"
[0m22:02:24.240439 [debug] [Thread-1 (]: On model.kalshi_pipeline.stg_weather: /* {"app": "dbt", "dbt_version": "1.10.4", "profile_name": "kalshi_pipeline", "target_name": "dev", "node_id": "model.kalshi_pipeline.stg_weather"} */
alter table "kalshi"."main"."stg_weather__dbt_tmp" rename to "stg_weather"
[0m22:02:24.240666 [debug] [Thread-1 (]: SQL status: OK in 0.000 seconds
[0m22:02:24.241326 [debug] [Thread-1 (]: On model.kalshi_pipeline.stg_weather: COMMIT
[0m22:02:24.241462 [debug] [Thread-1 (]: Using duckdb connection "model.kalshi_pipeline.stg_weather"
[0m22:02:24.241594 [debug] [Thread-1 (]: On model.kalshi_pipeline.stg_weather: COMMIT
[0m22:02:24.242573 [debug] [Thread-1 (]: SQL status: OK in 0.001 seconds
[0m22:02:24.243428 [debug] [Thread-1 (]: Using duckdb connection "model.kalshi_pipeline.stg_weather"
[0m22:02:24.243563 [debug] [Thread-1 (]: On model.kalshi_pipeline.stg_weather: /* {"app": "dbt", "dbt_version": "1.10.4", "profile_name": "kalshi_pipeline", "target_name": "dev", "node_id": "model.kalshi_pipeline.stg_weather"} */

      drop table if exists "kalshi"."main"."stg_weather__dbt_backup" cascade
    
[0m22:02:24.243873 [debug] [Thread-1 (]: SQL status: OK in 0.000 seconds
[0m22:02:24.244371 [debug] [Thread-1 (]: On model.kalshi_pipeline.stg_weather: Close
[0m22:02:24.244618 [debug] [Thread-1 (]: Sending event: {'category': 'dbt', 'action': 'run_model', 'label': '1b0dcee9-c502-4527-bc85-211b07a4d5f0', 'context': [<snowplow_tracker.self_describing_json.SelfDescribingJson object at 0x10ea28b90>]}
[0m22:02:24.244875 [info ] [Thread-1 (]: 2 of 3 OK created sql table model main.stg_weather ............................. [[32mOK[0m in 0.02s]
[0m22:02:24.245112 [debug] [Thread-1 (]: Finished running node model.kalshi_pipeline.stg_weather
[0m22:02:24.245451 [debug] [Thread-1 (]: Began running node model.kalshi_pipeline.fct_kalshi_features
[0m22:02:24.245672 [info ] [Thread-1 (]: 3 of 3 START sql table model main.fct_kalshi_features .......................... [RUN]
[0m22:02:24.245899 [debug] [Thread-1 (]: Re-using an available connection from the pool (formerly model.kalshi_pipeline.stg_weather, now model.kalshi_pipeline.fct_kalshi_features)
[0m22:02:24.246070 [debug] [Thread-1 (]: Began compiling node model.kalshi_pipeline.fct_kalshi_features
[0m22:02:24.247299 [debug] [Thread-1 (]: Writing injected SQL for node "model.kalshi_pipeline.fct_kalshi_features"
[0m22:02:24.247646 [debug] [Thread-1 (]: Began executing node model.kalshi_pipeline.fct_kalshi_features
[0m22:02:24.248857 [debug] [Thread-1 (]: Writing runtime sql for node "model.kalshi_pipeline.fct_kalshi_features"
[0m22:02:24.249126 [debug] [Thread-1 (]: Using duckdb connection "model.kalshi_pipeline.fct_kalshi_features"
[0m22:02:24.249266 [debug] [Thread-1 (]: On model.kalshi_pipeline.fct_kalshi_features: BEGIN
[0m22:02:24.249398 [debug] [Thread-1 (]: Opening a new connection, currently in state closed
[0m22:02:24.249651 [debug] [Thread-1 (]: SQL status: OK in 0.000 seconds
[0m22:02:24.249797 [debug] [Thread-1 (]: Using duckdb connection "model.kalshi_pipeline.fct_kalshi_features"
[0m22:02:24.249974 [debug] [Thread-1 (]: On model.kalshi_pipeline.fct_kalshi_features: /* {"app": "dbt", "dbt_version": "1.10.4", "profile_name": "kalshi_pipeline", "target_name": "dev", "node_id": "model.kalshi_pipeline.fct_kalshi_features"} */

  
    
    

    create  table
      "kalshi"."main"."fct_kalshi_features__dbt_tmp"
  
    as (
      WITH hourly_data AS (
    SELECT * FROM "kalshi"."main"."stg_weather"
),

forecast_data AS (
    SELECT * FROM "kalshi"."main"."stg_forecast"
),

daily_high AS (
    SELECT
        weather_date,
        MAX(temp_f) AS target_high_temp
    FROM hourly_data
    GROUP BY weather_date
),

morning_features AS (
    SELECT
        weather_date,
        temp_f AS morning_temp_11am,
        cloud_cover AS morning_cloud_cover_11am,
        humidity AS morning_humidity_11am
    FROM hourly_data
    WHERE hour_of_day = 11
),

daily_forecast AS (
    -- What GFS predicted the day's high would be, 24hrs in advance
    SELECT
        forecast_date,
        MAX(forecast_temp_previous_day1) AS forecast_high_previous_day1
    FROM forecast_data
    GROUP BY forecast_date
)

SELECT
    d.weather_date,
    d.target_high_temp,
    m.morning_temp_11am,
    m.morning_cloud_cover_11am,
    LAG(d.target_high_temp) OVER (ORDER BY d.weather_date) AS yesterday_high_temp,
    f.forecast_high_previous_day1
FROM daily_high d
JOIN morning_features m
    ON d.weather_date = m.weather_date
JOIN daily_forecast f
    ON d.weather_date = f.forecast_date
ORDER BY d.weather_date DESC
    );
  
  
[0m22:02:24.259075 [debug] [Thread-1 (]: SQL status: OK in 0.009 seconds
[0m22:02:24.259692 [debug] [Thread-1 (]: Using duckdb connection "model.kalshi_pipeline.fct_kalshi_features"
[0m22:02:24.259844 [debug] [Thread-1 (]: On model.kalshi_pipeline.fct_kalshi_features: /* {"app": "dbt", "dbt_version": "1.10.4", "profile_name": "kalshi_pipeline", "target_name": "dev", "node_id": "model.kalshi_pipeline.fct_kalshi_features"} */

    SELECT index_name
    FROM duckdb_indexes()
    WHERE schema_name = 'main'
      AND table_name = 'fct_kalshi_features'
  
[0m22:02:24.260256 [debug] [Thread-1 (]: SQL status: OK in 0.000 seconds
[0m22:02:24.260755 [debug] [Thread-1 (]: Using duckdb connection "model.kalshi_pipeline.fct_kalshi_features"
[0m22:02:24.260911 [debug] [Thread-1 (]: On model.kalshi_pipeline.fct_kalshi_features: /* {"app": "dbt", "dbt_version": "1.10.4", "profile_name": "kalshi_pipeline", "target_name": "dev", "node_id": "model.kalshi_pipeline.fct_kalshi_features"} */

    SELECT COUNT(*) as remaining_indexes
    FROM duckdb_indexes()
    WHERE schema_name = 'main'
      AND table_name = 'fct_kalshi_features'
  
[0m22:02:24.261279 [debug] [Thread-1 (]: SQL status: OK in 0.000 seconds
[0m22:02:24.262563 [debug] [Thread-1 (]: Using duckdb connection "model.kalshi_pipeline.fct_kalshi_features"
[0m22:02:24.262704 [debug] [Thread-1 (]: On model.kalshi_pipeline.fct_kalshi_features: /* {"app": "dbt", "dbt_version": "1.10.4", "profile_name": "kalshi_pipeline", "target_name": "dev", "node_id": "model.kalshi_pipeline.fct_kalshi_features"} */
alter table "kalshi"."main"."fct_kalshi_features" rename to "fct_kalshi_features__dbt_backup"
[0m22:02:24.262956 [debug] [Thread-1 (]: SQL status: OK in 0.000 seconds
[0m22:02:24.264698 [debug] [Thread-1 (]: Using duckdb connection "model.kalshi_pipeline.fct_kalshi_features"
[0m22:02:24.264839 [debug] [Thread-1 (]: On model.kalshi_pipeline.fct_kalshi_features: /* {"app": "dbt", "dbt_version": "1.10.4", "profile_name": "kalshi_pipeline", "target_name": "dev", "node_id": "model.kalshi_pipeline.fct_kalshi_features"} */
alter table "kalshi"."main"."fct_kalshi_features__dbt_tmp" rename to "fct_kalshi_features"
[0m22:02:24.265059 [debug] [Thread-1 (]: SQL status: OK in 0.000 seconds
[0m22:02:24.265678 [debug] [Thread-1 (]: On model.kalshi_pipeline.fct_kalshi_features: COMMIT
[0m22:02:24.265809 [debug] [Thread-1 (]: Using duckdb connection "model.kalshi_pipeline.fct_kalshi_features"
[0m22:02:24.265933 [debug] [Thread-1 (]: On model.kalshi_pipeline.fct_kalshi_features: COMMIT
[0m22:02:24.266320 [debug] [Thread-1 (]: SQL status: OK in 0.000 seconds
[0m22:02:24.289581 [debug] [Thread-1 (]: Using duckdb connection "model.kalshi_pipeline.fct_kalshi_features"
[0m22:02:24.289781 [debug] [Thread-1 (]: On model.kalshi_pipeline.fct_kalshi_features: /* {"app": "dbt", "dbt_version": "1.10.4", "profile_name": "kalshi_pipeline", "target_name": "dev", "node_id": "model.kalshi_pipeline.fct_kalshi_features"} */

      drop table if exists "kalshi"."main"."fct_kalshi_features__dbt_backup" cascade
    
[0m22:02:24.290254 [debug] [Thread-1 (]: SQL status: OK in 0.000 seconds
[0m22:02:24.290761 [debug] [Thread-1 (]: On model.kalshi_pipeline.fct_kalshi_features: Close
[0m22:02:24.290984 [debug] [Thread-1 (]: Sending event: {'category': 'dbt', 'action': 'run_model', 'label': '1b0dcee9-c502-4527-bc85-211b07a4d5f0', 'context': [<snowplow_tracker.self_describing_json.SelfDescribingJson object at 0x10cb5fe60>]}
[0m22:02:24.291239 [info ] [Thread-1 (]: 3 of 3 OK created sql table model main.fct_kalshi_features ..................... [[32mOK[0m in 0.05s]
[0m22:02:24.291478 [debug] [Thread-1 (]: Finished running node model.kalshi_pipeline.fct_kalshi_features
[0m22:02:24.291969 [debug] [MainThread]: Using duckdb connection "master"
[0m22:02:24.292100 [debug] [MainThread]: On master: BEGIN
[0m22:02:24.292223 [debug] [MainThread]: Opening a new connection, currently in state closed
[0m22:02:24.292443 [debug] [MainThread]: SQL status: OK in 0.000 seconds
[0m22:02:24.292565 [debug] [MainThread]: On master: COMMIT
[0m22:02:24.292684 [debug] [MainThread]: Using duckdb connection "master"
[0m22:02:24.292792 [debug] [MainThread]: On master: COMMIT
[0m22:02:24.292957 [debug] [MainThread]: SQL status: OK in 0.000 seconds
[0m22:02:24.293080 [debug] [MainThread]: On master: Close
[0m22:02:24.293228 [debug] [MainThread]: Connection 'master' was properly closed.
[0m22:02:24.293332 [debug] [MainThread]: Connection 'model.kalshi_pipeline.fct_kalshi_features' was properly closed.
[0m22:02:24.293468 [info ] [MainThread]: 
[0m22:02:24.293603 [info ] [MainThread]: Finished running 3 table models in 0 hours 0 minutes and 0.18 seconds (0.18s).
[0m22:02:24.293965 [debug] [MainThread]: Command end result
[0m22:02:24.301671 [debug] [MainThread]: Wrote artifact WritableManifest to /Users/allisonfung/weather/kalshi_pipeline/target/manifest.json
[0m22:02:24.302446 [debug] [MainThread]: Wrote artifact SemanticManifest to /Users/allisonfung/weather/kalshi_pipeline/target/semantic_manifest.json
[0m22:02:24.305053 [debug] [MainThread]: Wrote artifact RunExecutionResult to /Users/allisonfung/weather/kalshi_pipeline/target/run_results.json
[0m22:02:24.305202 [info ] [MainThread]: 
[0m22:02:24.305345 [info ] [MainThread]: [32mCompleted successfully[0m
[0m22:02:24.305460 [info ] [MainThread]: 
[0m22:02:24.305584 [info ] [MainThread]: Done. PASS=3 WARN=0 ERROR=0 SKIP=0 NO-OP=0 TOTAL=3
[0m22:02:24.307676 [debug] [MainThread]: Resource report: {"command_name": "run", "command_success": true, "command_wall_clock_time": 0.6283961, "process_in_blocks": "0", "process_kernel_time": 0.178849, "process_mem_max_rss": "183468032", "process_out_blocks": "0", "process_user_time": 0.97739}
[0m22:02:24.307975 [debug] [MainThread]: Command `dbt run` succeeded at 22:02:24.307936 after 0.63 seconds
[0m22:02:24.308160 [debug] [MainThread]: Sending event: {'category': 'dbt', 'action': 'invocation', 'label': 'end', 'context': [<snowplow_tracker.self_describing_json.SelfDescribingJson object at 0x10b93eab0>, <snowplow_tracker.self_describing_json.SelfDescribingJson object at 0x10b93f9e0>, <snowplow_tracker.self_describing_json.SelfDescribingJson object at 0x10df98a10>]}
[0m22:02:24.308341 [debug] [MainThread]: Flushing usage events
[0m22:02:24.429012 [debug] [MainThread]: An error was encountered while trying to flush usage events
[0m22:05:27.064423 [debug] [MainThread]: Sending event: {'category': 'dbt', 'action': 'invocation', 'label': 'start', 'context': [<snowplow_tracker.self_describing_json.SelfDescribingJson object at 0x113ac21b0>, <snowplow_tracker.self_describing_json.SelfDescribingJson object at 0x113fa9280>, <snowplow_tracker.self_describing_json.SelfDescribingJson object at 0x114287f50>]}


============================== 22:05:27.068066 | bd3c1ba2-f603-41b9-81f9-869b02d45eea ==============================
[0m22:05:27.068066 [info ] [MainThread]: Running with dbt=1.10.4
[0m22:05:27.068419 [debug] [MainThread]: running dbt with arguments {'printer_width': '80', 'indirect_selection': 'eager', 'write_json': 'True', 'log_cache_events': 'False', 'partial_parse': 'True', 'cache_selected_only': 'False', 'profiles_dir': '/Users/allisonfung/weather/kalshi_pipeline', 'version_check': 'True', 'warn_error': 'None', 'log_path': '/Users/allisonfung/weather/kalshi_pipeline/logs', 'fail_fast': 'False', 'debug': 'False', 'use_colors': 'True', 'use_experimental_parser': 'False', 'no_print': 'None', 'quiet': 'False', 'empty': 'False', 'log_format': 'default', 'introspect': 'True', 'static_parser': 'True', 'invocation_command': 'dbt run', 'target_path': 'None', 'warn_error_options': 'WarnErrorOptionsV2(error=[], warn=[], silence=[])', 'send_anonymous_usage_stats': 'True'}
[0m22:05:27.229233 [debug] [MainThread]: Sending event: {'category': 'dbt', 'action': 'project_id', 'label': 'bd3c1ba2-f603-41b9-81f9-869b02d45eea', 'context': [<snowplow_tracker.self_describing_json.SelfDescribingJson object at 0x113084950>]}
[0m22:05:27.250817 [debug] [MainThread]: Sending event: {'category': 'dbt', 'action': 'adapter_info', 'label': 'bd3c1ba2-f603-41b9-81f9-869b02d45eea', 'context': [<snowplow_tracker.self_describing_json.SelfDescribingJson object at 0x111976c60>]}
[0m22:05:27.252120 [info ] [MainThread]: Registered adapter: duckdb=1.10.0
[0m22:05:27.297292 [debug] [MainThread]: checksum: 073cb5a296270136b24f9c040fdebd0642ef9c263903ef463bfe7e190c538da2, vars: {}, profile: , target: , version: 1.10.4
[0m22:05:27.352795 [debug] [MainThread]: Partial parsing enabled: 0 files deleted, 0 files added, 1 files changed.
[0m22:05:27.353119 [debug] [MainThread]: Partial parsing: updated file: kalshi_pipeline://models/fct_kalshi_features.sql
[0m22:05:27.455680 [debug] [MainThread]: Sending event: {'category': 'dbt', 'action': 'load_project', 'label': 'bd3c1ba2-f603-41b9-81f9-869b02d45eea', 'context': [<snowplow_tracker.self_describing_json.SelfDescribingJson object at 0x11570c3b0>]}
[0m22:05:27.482640 [debug] [MainThread]: Wrote artifact WritableManifest to /Users/allisonfung/weather/kalshi_pipeline/target/manifest.json
[0m22:05:27.484206 [debug] [MainThread]: Wrote artifact SemanticManifest to /Users/allisonfung/weather/kalshi_pipeline/target/semantic_manifest.json
[0m22:05:27.496202 [debug] [MainThread]: Sending event: {'category': 'dbt', 'action': 'resource_counts', 'label': 'bd3c1ba2-f603-41b9-81f9-869b02d45eea', 'context': [<snowplow_tracker.self_describing_json.SelfDescribingJson object at 0x1154795e0>]}
[0m22:05:27.496459 [info ] [MainThread]: Found 3 models, 2 sources, 443 macros
[0m22:05:27.496619 [debug] [MainThread]: Sending event: {'category': 'dbt', 'action': 'runnable_timing', 'label': 'bd3c1ba2-f603-41b9-81f9-869b02d45eea', 'context': [<snowplow_tracker.self_describing_json.SelfDescribingJson object at 0x1154ce000>]}
[0m22:05:27.497459 [info ] [MainThread]: 
[0m22:05:27.497650 [info ] [MainThread]: Concurrency: 1 threads (target='dev')
[0m22:05:27.497773 [info ] [MainThread]: 
[0m22:05:27.497994 [debug] [MainThread]: Acquiring new duckdb connection 'master'
[0m22:05:27.499892 [debug] [ThreadPool]: Acquiring new duckdb connection 'list_kalshi'
[0m22:05:27.525819 [debug] [ThreadPool]: Using duckdb connection "list_kalshi"
[0m22:05:27.526042 [debug] [ThreadPool]: On list_kalshi: /* {"app": "dbt", "dbt_version": "1.10.4", "profile_name": "kalshi_pipeline", "target_name": "dev", "connection_name": "list_kalshi"} */

    
    select schema_name
    from system.information_schema.schemata
    
    where lower(catalog_name) = '"kalshi"'
    
  
  
[0m22:05:27.526203 [debug] [ThreadPool]: Opening a new connection, currently in state init
[0m22:05:27.539612 [debug] [ThreadPool]: SQL status: OK in 0.013 seconds
[0m22:05:27.540336 [debug] [ThreadPool]: On list_kalshi: Close
[0m22:05:27.540663 [debug] [ThreadPool]: Re-using an available connection from the pool (formerly list_kalshi, now create_kalshi_main)
[0m22:05:27.541074 [debug] [ThreadPool]: Creating schema "database: "kalshi"
schema: "main"
"
[0m22:05:27.543951 [debug] [ThreadPool]: Using duckdb connection "create_kalshi_main"
[0m22:05:27.544122 [debug] [ThreadPool]: On create_kalshi_main: /* {"app": "dbt", "dbt_version": "1.10.4", "profile_name": "kalshi_pipeline", "target_name": "dev", "connection_name": "create_kalshi_main"} */

    
        select type from duckdb_databases()
        where lower(database_name)='kalshi'
        and type='sqlite'
    
  
[0m22:05:27.544250 [debug] [ThreadPool]: Opening a new connection, currently in state closed
[0m22:05:27.544962 [debug] [ThreadPool]: SQL status: OK in 0.001 seconds
[0m22:05:27.545475 [debug] [ThreadPool]: Using duckdb connection "create_kalshi_main"
[0m22:05:27.545595 [debug] [ThreadPool]: On create_kalshi_main: BEGIN
[0m22:05:27.545792 [debug] [ThreadPool]: SQL status: OK in 0.000 seconds
[0m22:05:27.545911 [debug] [ThreadPool]: Using duckdb connection "create_kalshi_main"
[0m22:05:27.546028 [debug] [ThreadPool]: On create_kalshi_main: /* {"app": "dbt", "dbt_version": "1.10.4", "profile_name": "kalshi_pipeline", "target_name": "dev", "connection_name": "create_kalshi_main"} */

    
    
        create schema if not exists "kalshi"."main"
    
[0m22:05:27.546243 [debug] [ThreadPool]: SQL status: OK in 0.000 seconds
[0m22:05:27.546557 [debug] [ThreadPool]: On create_kalshi_main: COMMIT
[0m22:05:27.546684 [debug] [ThreadPool]: Using duckdb connection "create_kalshi_main"
[0m22:05:27.546789 [debug] [ThreadPool]: On create_kalshi_main: COMMIT
[0m22:05:27.546953 [debug] [ThreadPool]: SQL status: OK in 0.000 seconds
[0m22:05:27.547073 [debug] [ThreadPool]: On create_kalshi_main: Close
[0m22:05:27.547535 [debug] [ThreadPool]: Re-using an available connection from the pool (formerly create_kalshi_main, now list_kalshi_main)
[0m22:05:27.549733 [debug] [ThreadPool]: Using duckdb connection "list_kalshi_main"
[0m22:05:27.549881 [debug] [ThreadPool]: On list_kalshi_main: BEGIN
[0m22:05:27.549987 [debug] [ThreadPool]: Opening a new connection, currently in state closed
[0m22:05:27.550185 [debug] [ThreadPool]: SQL status: OK in 0.000 seconds
[0m22:05:27.550302 [debug] [ThreadPool]: Using duckdb connection "list_kalshi_main"
[0m22:05:27.550433 [debug] [ThreadPool]: On list_kalshi_main: /* {"app": "dbt", "dbt_version": "1.10.4", "profile_name": "kalshi_pipeline", "target_name": "dev", "connection_name": "list_kalshi_main"} */
select
      'kalshi' as database,
      table_name as name,
      table_schema as schema,
      CASE table_type
        WHEN 'BASE TABLE' THEN 'table'
        WHEN 'VIEW' THEN 'view'
        WHEN 'LOCAL TEMPORARY' THEN 'table'
        END as type
    from system.information_schema.tables
    where lower(table_schema) = 'main'
    and lower(table_catalog) = 'kalshi'
  
[0m22:05:27.552352 [debug] [ThreadPool]: SQL status: OK in 0.002 seconds
[0m22:05:27.553101 [debug] [ThreadPool]: On list_kalshi_main: ROLLBACK
[0m22:05:27.553917 [debug] [ThreadPool]: Failed to rollback 'list_kalshi_main'
[0m22:05:27.554050 [debug] [ThreadPool]: On list_kalshi_main: Close
[0m22:05:27.554469 [debug] [MainThread]: Sending event: {'category': 'dbt', 'action': 'runnable_timing', 'label': 'bd3c1ba2-f603-41b9-81f9-869b02d45eea', 'context': [<snowplow_tracker.self_describing_json.SelfDescribingJson object at 0x1153167e0>]}
[0m22:05:27.554668 [debug] [MainThread]: Using duckdb connection "master"
[0m22:05:27.554792 [debug] [MainThread]: On master: BEGIN
[0m22:05:27.554907 [debug] [MainThread]: Opening a new connection, currently in state init
[0m22:05:27.555143 [debug] [MainThread]: SQL status: OK in 0.000 seconds
[0m22:05:27.555328 [debug] [MainThread]: On master: COMMIT
[0m22:05:27.555470 [debug] [MainThread]: Using duckdb connection "master"
[0m22:05:27.555588 [debug] [MainThread]: On master: COMMIT
[0m22:05:27.555769 [debug] [MainThread]: SQL status: OK in 0.000 seconds
[0m22:05:27.555892 [debug] [MainThread]: On master: Close
[0m22:05:27.557116 [debug] [Thread-1 (]: Began running node model.kalshi_pipeline.stg_forecast
[0m22:05:27.557344 [info ] [Thread-1 (]: 1 of 3 START sql table model main.stg_forecast ................................. [RUN]
[0m22:05:27.557626 [debug] [Thread-1 (]: Re-using an available connection from the pool (formerly list_kalshi_main, now model.kalshi_pipeline.stg_forecast)
[0m22:05:27.557789 [debug] [Thread-1 (]: Began compiling node model.kalshi_pipeline.stg_forecast
[0m22:05:27.560810 [debug] [Thread-1 (]: Writing injected SQL for node "model.kalshi_pipeline.stg_forecast"
[0m22:05:27.561332 [debug] [Thread-1 (]: Began executing node model.kalshi_pipeline.stg_forecast
[0m22:05:27.574131 [debug] [Thread-1 (]: Writing runtime sql for node "model.kalshi_pipeline.stg_forecast"
[0m22:05:27.574524 [debug] [Thread-1 (]: Using duckdb connection "model.kalshi_pipeline.stg_forecast"
[0m22:05:27.574678 [debug] [Thread-1 (]: On model.kalshi_pipeline.stg_forecast: BEGIN
[0m22:05:27.574811 [debug] [Thread-1 (]: Opening a new connection, currently in state closed
[0m22:05:27.575110 [debug] [Thread-1 (]: SQL status: OK in 0.000 seconds
[0m22:05:27.575239 [debug] [Thread-1 (]: Using duckdb connection "model.kalshi_pipeline.stg_forecast"
[0m22:05:27.575374 [debug] [Thread-1 (]: On model.kalshi_pipeline.stg_forecast: /* {"app": "dbt", "dbt_version": "1.10.4", "profile_name": "kalshi_pipeline", "target_name": "dev", "node_id": "model.kalshi_pipeline.stg_forecast"} */

  
    
    

    create  table
      "kalshi"."main"."stg_forecast__dbt_tmp"
  
    as (
      SELECT
    CAST(time AS TIMESTAMP) AS forecast_timestamp,
    CAST(time AS DATE) AS forecast_date,
    temperature_2m_previous_day1 AS forecast_temp_previous_day1
FROM '../data/raw_forecast_previous_day1.parquet'
    );
  
  
[0m22:05:27.582302 [debug] [Thread-1 (]: SQL status: OK in 0.007 seconds
[0m22:05:27.585163 [debug] [Thread-1 (]: Using duckdb connection "model.kalshi_pipeline.stg_forecast"
[0m22:05:27.585371 [debug] [Thread-1 (]: On model.kalshi_pipeline.stg_forecast: /* {"app": "dbt", "dbt_version": "1.10.4", "profile_name": "kalshi_pipeline", "target_name": "dev", "node_id": "model.kalshi_pipeline.stg_forecast"} */

    SELECT index_name
    FROM duckdb_indexes()
    WHERE schema_name = 'main'
      AND table_name = 'stg_forecast'
  
[0m22:05:27.585836 [debug] [Thread-1 (]: SQL status: OK in 0.000 seconds
[0m22:05:27.586388 [debug] [Thread-1 (]: Using duckdb connection "model.kalshi_pipeline.stg_forecast"
[0m22:05:27.586552 [debug] [Thread-1 (]: On model.kalshi_pipeline.stg_forecast: /* {"app": "dbt", "dbt_version": "1.10.4", "profile_name": "kalshi_pipeline", "target_name": "dev", "node_id": "model.kalshi_pipeline.stg_forecast"} */

    SELECT COUNT(*) as remaining_indexes
    FROM duckdb_indexes()
    WHERE schema_name = 'main'
      AND table_name = 'stg_forecast'
  
[0m22:05:27.587253 [debug] [Thread-1 (]: SQL status: OK in 0.001 seconds
[0m22:05:27.590108 [debug] [Thread-1 (]: Using duckdb connection "model.kalshi_pipeline.stg_forecast"
[0m22:05:27.590265 [debug] [Thread-1 (]: On model.kalshi_pipeline.stg_forecast: /* {"app": "dbt", "dbt_version": "1.10.4", "profile_name": "kalshi_pipeline", "target_name": "dev", "node_id": "model.kalshi_pipeline.stg_forecast"} */
alter table "kalshi"."main"."stg_forecast" rename to "stg_forecast__dbt_backup"
[0m22:05:27.590772 [debug] [Thread-1 (]: SQL status: OK in 0.000 seconds
[0m22:05:27.592530 [debug] [Thread-1 (]: Using duckdb connection "model.kalshi_pipeline.stg_forecast"
[0m22:05:27.592667 [debug] [Thread-1 (]: On model.kalshi_pipeline.stg_forecast: /* {"app": "dbt", "dbt_version": "1.10.4", "profile_name": "kalshi_pipeline", "target_name": "dev", "node_id": "model.kalshi_pipeline.stg_forecast"} */
alter table "kalshi"."main"."stg_forecast__dbt_tmp" rename to "stg_forecast"
[0m22:05:27.592909 [debug] [Thread-1 (]: SQL status: OK in 0.000 seconds
[0m22:05:27.598859 [debug] [Thread-1 (]: On model.kalshi_pipeline.stg_forecast: COMMIT
[0m22:05:27.599032 [debug] [Thread-1 (]: Using duckdb connection "model.kalshi_pipeline.stg_forecast"
[0m22:05:27.599165 [debug] [Thread-1 (]: On model.kalshi_pipeline.stg_forecast: COMMIT
[0m22:05:27.600785 [debug] [Thread-1 (]: SQL status: OK in 0.001 seconds
[0m22:05:27.603000 [debug] [Thread-1 (]: Using duckdb connection "model.kalshi_pipeline.stg_forecast"
[0m22:05:27.603155 [debug] [Thread-1 (]: On model.kalshi_pipeline.stg_forecast: /* {"app": "dbt", "dbt_version": "1.10.4", "profile_name": "kalshi_pipeline", "target_name": "dev", "node_id": "model.kalshi_pipeline.stg_forecast"} */

      drop table if exists "kalshi"."main"."stg_forecast__dbt_backup" cascade
    
[0m22:05:27.603552 [debug] [Thread-1 (]: SQL status: OK in 0.000 seconds
[0m22:05:27.604593 [debug] [Thread-1 (]: On model.kalshi_pipeline.stg_forecast: Close
[0m22:05:27.605537 [debug] [Thread-1 (]: Sending event: {'category': 'dbt', 'action': 'run_model', 'label': 'bd3c1ba2-f603-41b9-81f9-869b02d45eea', 'context': [<snowplow_tracker.self_describing_json.SelfDescribingJson object at 0x11567dee0>]}
[0m22:05:27.605853 [info ] [Thread-1 (]: 1 of 3 OK created sql table model main.stg_forecast ............................ [[32mOK[0m in 0.05s]
[0m22:05:27.606099 [debug] [Thread-1 (]: Finished running node model.kalshi_pipeline.stg_forecast
[0m22:05:27.606275 [debug] [Thread-1 (]: Began running node model.kalshi_pipeline.stg_weather
[0m22:05:27.606488 [info ] [Thread-1 (]: 2 of 3 START sql table model main.stg_weather .................................. [RUN]
[0m22:05:27.606669 [debug] [Thread-1 (]: Re-using an available connection from the pool (formerly model.kalshi_pipeline.stg_forecast, now model.kalshi_pipeline.stg_weather)
[0m22:05:27.606819 [debug] [Thread-1 (]: Began compiling node model.kalshi_pipeline.stg_weather
[0m22:05:27.607855 [debug] [Thread-1 (]: Writing injected SQL for node "model.kalshi_pipeline.stg_weather"
[0m22:05:27.608172 [debug] [Thread-1 (]: Began executing node model.kalshi_pipeline.stg_weather
[0m22:05:27.609366 [debug] [Thread-1 (]: Writing runtime sql for node "model.kalshi_pipeline.stg_weather"
[0m22:05:27.609656 [debug] [Thread-1 (]: Using duckdb connection "model.kalshi_pipeline.stg_weather"
[0m22:05:27.609799 [debug] [Thread-1 (]: On model.kalshi_pipeline.stg_weather: BEGIN
[0m22:05:27.609939 [debug] [Thread-1 (]: Opening a new connection, currently in state closed
[0m22:05:27.610194 [debug] [Thread-1 (]: SQL status: OK in 0.000 seconds
[0m22:05:27.610328 [debug] [Thread-1 (]: Using duckdb connection "model.kalshi_pipeline.stg_weather"
[0m22:05:27.610476 [debug] [Thread-1 (]: On model.kalshi_pipeline.stg_weather: /* {"app": "dbt", "dbt_version": "1.10.4", "profile_name": "kalshi_pipeline", "target_name": "dev", "node_id": "model.kalshi_pipeline.stg_weather"} */

  
    
    

    create  table
      "kalshi"."main"."stg_weather__dbt_tmp"
  
    as (
      SELECT
    CAST(time AS TIMESTAMP) AS weather_timestamp,
    CAST(time AS DATE) AS weather_date,
    EXTRACT(HOUR FROM CAST(time AS TIMESTAMP)) AS hour_of_day,
    temperature_2m AS temp_f,
    relative_humidity_2m AS humidity,
    cloud_cover,
    precipitation
FROM '../data/raw_central_park_weather.parquet'
    );
  
  
[0m22:05:27.614627 [debug] [Thread-1 (]: SQL status: OK in 0.004 seconds
[0m22:05:27.615097 [debug] [Thread-1 (]: Using duckdb connection "model.kalshi_pipeline.stg_weather"
[0m22:05:27.615237 [debug] [Thread-1 (]: On model.kalshi_pipeline.stg_weather: /* {"app": "dbt", "dbt_version": "1.10.4", "profile_name": "kalshi_pipeline", "target_name": "dev", "node_id": "model.kalshi_pipeline.stg_weather"} */

    SELECT index_name
    FROM duckdb_indexes()
    WHERE schema_name = 'main'
      AND table_name = 'stg_weather'
  
[0m22:05:27.615585 [debug] [Thread-1 (]: SQL status: OK in 0.000 seconds
[0m22:05:27.616053 [debug] [Thread-1 (]: Using duckdb connection "model.kalshi_pipeline.stg_weather"
[0m22:05:27.616190 [debug] [Thread-1 (]: On model.kalshi_pipeline.stg_weather: /* {"app": "dbt", "dbt_version": "1.10.4", "profile_name": "kalshi_pipeline", "target_name": "dev", "node_id": "model.kalshi_pipeline.stg_weather"} */

    SELECT COUNT(*) as remaining_indexes
    FROM duckdb_indexes()
    WHERE schema_name = 'main'
      AND table_name = 'stg_weather'
  
[0m22:05:27.616489 [debug] [Thread-1 (]: SQL status: OK in 0.000 seconds
[0m22:05:27.617677 [debug] [Thread-1 (]: Using duckdb connection "model.kalshi_pipeline.stg_weather"
[0m22:05:27.617836 [debug] [Thread-1 (]: On model.kalshi_pipeline.stg_weather: /* {"app": "dbt", "dbt_version": "1.10.4", "profile_name": "kalshi_pipeline", "target_name": "dev", "node_id": "model.kalshi_pipeline.stg_weather"} */
alter table "kalshi"."main"."stg_weather" rename to "stg_weather__dbt_backup"
[0m22:05:27.618074 [debug] [Thread-1 (]: SQL status: OK in 0.000 seconds
[0m22:05:27.619131 [debug] [Thread-1 (]: Using duckdb connection "model.kalshi_pipeline.stg_weather"
[0m22:05:27.619271 [debug] [Thread-1 (]: On model.kalshi_pipeline.stg_weather: /* {"app": "dbt", "dbt_version": "1.10.4", "profile_name": "kalshi_pipeline", "target_name": "dev", "node_id": "model.kalshi_pipeline.stg_weather"} */
alter table "kalshi"."main"."stg_weather__dbt_tmp" rename to "stg_weather"
[0m22:05:27.619488 [debug] [Thread-1 (]: SQL status: OK in 0.000 seconds
[0m22:05:27.620298 [debug] [Thread-1 (]: On model.kalshi_pipeline.stg_weather: COMMIT
[0m22:05:27.620486 [debug] [Thread-1 (]: Using duckdb connection "model.kalshi_pipeline.stg_weather"
[0m22:05:27.620620 [debug] [Thread-1 (]: On model.kalshi_pipeline.stg_weather: COMMIT
[0m22:05:27.621520 [debug] [Thread-1 (]: SQL status: OK in 0.001 seconds
[0m22:05:27.622521 [debug] [Thread-1 (]: Using duckdb connection "model.kalshi_pipeline.stg_weather"
[0m22:05:27.622659 [debug] [Thread-1 (]: On model.kalshi_pipeline.stg_weather: /* {"app": "dbt", "dbt_version": "1.10.4", "profile_name": "kalshi_pipeline", "target_name": "dev", "node_id": "model.kalshi_pipeline.stg_weather"} */

      drop table if exists "kalshi"."main"."stg_weather__dbt_backup" cascade
    
[0m22:05:27.623022 [debug] [Thread-1 (]: SQL status: OK in 0.000 seconds
[0m22:05:27.623785 [debug] [Thread-1 (]: On model.kalshi_pipeline.stg_weather: Close
[0m22:05:27.624072 [debug] [Thread-1 (]: Sending event: {'category': 'dbt', 'action': 'run_model', 'label': 'bd3c1ba2-f603-41b9-81f9-869b02d45eea', 'context': [<snowplow_tracker.self_describing_json.SelfDescribingJson object at 0x115b287d0>]}
[0m22:05:27.624350 [info ] [Thread-1 (]: 2 of 3 OK created sql table model main.stg_weather ............................. [[32mOK[0m in 0.02s]
[0m22:05:27.624581 [debug] [Thread-1 (]: Finished running node model.kalshi_pipeline.stg_weather
[0m22:05:27.624918 [debug] [Thread-1 (]: Began running node model.kalshi_pipeline.fct_kalshi_features
[0m22:05:27.625152 [info ] [Thread-1 (]: 3 of 3 START sql table model main.fct_kalshi_features .......................... [RUN]
[0m22:05:27.625368 [debug] [Thread-1 (]: Re-using an available connection from the pool (formerly model.kalshi_pipeline.stg_weather, now model.kalshi_pipeline.fct_kalshi_features)
[0m22:05:27.625525 [debug] [Thread-1 (]: Began compiling node model.kalshi_pipeline.fct_kalshi_features
[0m22:05:27.627094 [debug] [Thread-1 (]: Writing injected SQL for node "model.kalshi_pipeline.fct_kalshi_features"
[0m22:05:27.627465 [debug] [Thread-1 (]: Began executing node model.kalshi_pipeline.fct_kalshi_features
[0m22:05:27.628786 [debug] [Thread-1 (]: Writing runtime sql for node "model.kalshi_pipeline.fct_kalshi_features"
[0m22:05:27.629066 [debug] [Thread-1 (]: Using duckdb connection "model.kalshi_pipeline.fct_kalshi_features"
[0m22:05:27.629205 [debug] [Thread-1 (]: On model.kalshi_pipeline.fct_kalshi_features: BEGIN
[0m22:05:27.629337 [debug] [Thread-1 (]: Opening a new connection, currently in state closed
[0m22:05:27.629692 [debug] [Thread-1 (]: SQL status: OK in 0.000 seconds
[0m22:05:27.629851 [debug] [Thread-1 (]: Using duckdb connection "model.kalshi_pipeline.fct_kalshi_features"
[0m22:05:27.630034 [debug] [Thread-1 (]: On model.kalshi_pipeline.fct_kalshi_features: /* {"app": "dbt", "dbt_version": "1.10.4", "profile_name": "kalshi_pipeline", "target_name": "dev", "node_id": "model.kalshi_pipeline.fct_kalshi_features"} */

  
    
    

    create  table
      "kalshi"."main"."fct_kalshi_features__dbt_tmp"
  
    as (
      WITH hourly_data AS (
    SELECT * FROM "kalshi"."main"."stg_weather"
),

forecast_data AS (
    SELECT * FROM "kalshi"."main"."stg_forecast"
),

daily_high AS (
    SELECT
        weather_date,
        MAX(temp_f) AS target_high_temp
    FROM hourly_data
    GROUP BY weather_date
),

morning_features AS (
    SELECT
        weather_date,
        temp_f AS morning_temp_11am,
        cloud_cover AS morning_cloud_cover_11am,
        humidity AS morning_humidity_11am
    FROM hourly_data
    WHERE hour_of_day = 11
),

daily_forecast AS (
    -- What GFS predicted the day's high would be, 24hrs in advance
    SELECT
        forecast_date,
        MAX(forecast_temp_previous_day1) AS forecast_high_previous_day1
    FROM forecast_data
    GROUP BY forecast_date
)

SELECT
    d.weather_date,
    d.target_high_temp,
    m.morning_temp_11am,
    m.morning_cloud_cover_11am,
     m.morning_humidity_11am,
    LAG(d.target_high_temp) OVER (ORDER BY d.weather_date) AS yesterday_high_temp,
    f.forecast_high_previous_day1
FROM daily_high d
JOIN morning_features m
    ON d.weather_date = m.weather_date
JOIN daily_forecast f
    ON d.weather_date = f.forecast_date
ORDER BY d.weather_date DESC
    );
  
  
[0m22:05:27.639186 [debug] [Thread-1 (]: SQL status: OK in 0.009 seconds
[0m22:05:27.639774 [debug] [Thread-1 (]: Using duckdb connection "model.kalshi_pipeline.fct_kalshi_features"
[0m22:05:27.639936 [debug] [Thread-1 (]: On model.kalshi_pipeline.fct_kalshi_features: /* {"app": "dbt", "dbt_version": "1.10.4", "profile_name": "kalshi_pipeline", "target_name": "dev", "node_id": "model.kalshi_pipeline.fct_kalshi_features"} */

    SELECT index_name
    FROM duckdb_indexes()
    WHERE schema_name = 'main'
      AND table_name = 'fct_kalshi_features'
  
[0m22:05:27.640321 [debug] [Thread-1 (]: SQL status: OK in 0.000 seconds
[0m22:05:27.640777 [debug] [Thread-1 (]: Using duckdb connection "model.kalshi_pipeline.fct_kalshi_features"
[0m22:05:27.640918 [debug] [Thread-1 (]: On model.kalshi_pipeline.fct_kalshi_features: /* {"app": "dbt", "dbt_version": "1.10.4", "profile_name": "kalshi_pipeline", "target_name": "dev", "node_id": "model.kalshi_pipeline.fct_kalshi_features"} */

    SELECT COUNT(*) as remaining_indexes
    FROM duckdb_indexes()
    WHERE schema_name = 'main'
      AND table_name = 'fct_kalshi_features'
  
[0m22:05:27.641264 [debug] [Thread-1 (]: SQL status: OK in 0.000 seconds
[0m22:05:27.642606 [debug] [Thread-1 (]: Using duckdb connection "model.kalshi_pipeline.fct_kalshi_features"
[0m22:05:27.642756 [debug] [Thread-1 (]: On model.kalshi_pipeline.fct_kalshi_features: /* {"app": "dbt", "dbt_version": "1.10.4", "profile_name": "kalshi_pipeline", "target_name": "dev", "node_id": "model.kalshi_pipeline.fct_kalshi_features"} */
alter table "kalshi"."main"."fct_kalshi_features" rename to "fct_kalshi_features__dbt_backup"
[0m22:05:27.643051 [debug] [Thread-1 (]: SQL status: OK in 0.000 seconds
[0m22:05:27.645052 [debug] [Thread-1 (]: Using duckdb connection "model.kalshi_pipeline.fct_kalshi_features"
[0m22:05:27.645205 [debug] [Thread-1 (]: On model.kalshi_pipeline.fct_kalshi_features: /* {"app": "dbt", "dbt_version": "1.10.4", "profile_name": "kalshi_pipeline", "target_name": "dev", "node_id": "model.kalshi_pipeline.fct_kalshi_features"} */
alter table "kalshi"."main"."fct_kalshi_features__dbt_tmp" rename to "fct_kalshi_features"
[0m22:05:27.645457 [debug] [Thread-1 (]: SQL status: OK in 0.000 seconds
[0m22:05:27.646140 [debug] [Thread-1 (]: On model.kalshi_pipeline.fct_kalshi_features: COMMIT
[0m22:05:27.646279 [debug] [Thread-1 (]: Using duckdb connection "model.kalshi_pipeline.fct_kalshi_features"
[0m22:05:27.646405 [debug] [Thread-1 (]: On model.kalshi_pipeline.fct_kalshi_features: COMMIT
[0m22:05:27.646818 [debug] [Thread-1 (]: SQL status: OK in 0.000 seconds
[0m22:05:27.671121 [debug] [Thread-1 (]: Using duckdb connection "model.kalshi_pipeline.fct_kalshi_features"
[0m22:05:27.671321 [debug] [Thread-1 (]: On model.kalshi_pipeline.fct_kalshi_features: /* {"app": "dbt", "dbt_version": "1.10.4", "profile_name": "kalshi_pipeline", "target_name": "dev", "node_id": "model.kalshi_pipeline.fct_kalshi_features"} */

      drop table if exists "kalshi"."main"."fct_kalshi_features__dbt_backup" cascade
    
[0m22:05:27.671811 [debug] [Thread-1 (]: SQL status: OK in 0.000 seconds
[0m22:05:27.672324 [debug] [Thread-1 (]: On model.kalshi_pipeline.fct_kalshi_features: Close
[0m22:05:27.672556 [debug] [Thread-1 (]: Sending event: {'category': 'dbt', 'action': 'run_model', 'label': 'bd3c1ba2-f603-41b9-81f9-869b02d45eea', 'context': [<snowplow_tracker.self_describing_json.SelfDescribingJson object at 0x11088ab40>]}
[0m22:05:27.672816 [info ] [Thread-1 (]: 3 of 3 OK created sql table model main.fct_kalshi_features ..................... [[32mOK[0m in 0.05s]
[0m22:05:27.673055 [debug] [Thread-1 (]: Finished running node model.kalshi_pipeline.fct_kalshi_features
[0m22:05:27.673554 [debug] [MainThread]: Using duckdb connection "master"
[0m22:05:27.673684 [debug] [MainThread]: On master: BEGIN
[0m22:05:27.673798 [debug] [MainThread]: Opening a new connection, currently in state closed
[0m22:05:27.674023 [debug] [MainThread]: SQL status: OK in 0.000 seconds
[0m22:05:27.674146 [debug] [MainThread]: On master: COMMIT
[0m22:05:27.674262 [debug] [MainThread]: Using duckdb connection "master"
[0m22:05:27.674367 [debug] [MainThread]: On master: COMMIT
[0m22:05:27.674525 [debug] [MainThread]: SQL status: OK in 0.000 seconds
[0m22:05:27.674643 [debug] [MainThread]: On master: Close
[0m22:05:27.674788 [debug] [MainThread]: Connection 'master' was properly closed.
[0m22:05:27.674902 [debug] [MainThread]: Connection 'model.kalshi_pipeline.fct_kalshi_features' was properly closed.
[0m22:05:27.675054 [info ] [MainThread]: 
[0m22:05:27.675196 [info ] [MainThread]: Finished running 3 table models in 0 hours 0 minutes and 0.18 seconds (0.18s).
[0m22:05:27.675560 [debug] [MainThread]: Command end result
[0m22:05:27.683206 [debug] [MainThread]: Wrote artifact WritableManifest to /Users/allisonfung/weather/kalshi_pipeline/target/manifest.json
[0m22:05:27.683977 [debug] [MainThread]: Wrote artifact SemanticManifest to /Users/allisonfung/weather/kalshi_pipeline/target/semantic_manifest.json
[0m22:05:27.686816 [debug] [MainThread]: Wrote artifact RunExecutionResult to /Users/allisonfung/weather/kalshi_pipeline/target/run_results.json
[0m22:05:27.686981 [info ] [MainThread]: 
[0m22:05:27.687155 [info ] [MainThread]: [32mCompleted successfully[0m
[0m22:05:27.687287 [info ] [MainThread]: 
[0m22:05:27.687426 [info ] [MainThread]: Done. PASS=3 WARN=0 ERROR=0 SKIP=0 NO-OP=0 TOTAL=3
[0m22:05:27.689338 [debug] [MainThread]: Resource report: {"command_name": "run", "command_success": true, "command_wall_clock_time": 0.6593659, "process_in_blocks": "0", "process_kernel_time": 0.182425, "process_mem_max_rss": "185778176", "process_out_blocks": "0", "process_user_time": 0.997205}
[0m22:05:27.689527 [debug] [MainThread]: Command `dbt run` succeeded at 22:05:27.689494 after 0.66 seconds
[0m22:05:27.689686 [debug] [MainThread]: Sending event: {'category': 'dbt', 'action': 'invocation', 'label': 'end', 'context': [<snowplow_tracker.self_describing_json.SelfDescribingJson object at 0x113fa9280>, <snowplow_tracker.self_describing_json.SelfDescribingJson object at 0x1137a3fb0>, <snowplow_tracker.self_describing_json.SelfDescribingJson object at 0x1157d3890>]}
[0m22:05:27.689846 [debug] [MainThread]: Flushing usage events
[0m22:05:27.921085 [debug] [MainThread]: An error was encountered while trying to flush usage events
[0m22:44:23.166568 [debug] [MainThread]: Sending event: {'category': 'dbt', 'action': 'invocation', 'label': 'start', 'context': [<snowplow_tracker.self_describing_json.SelfDescribingJson object at 0x113c6a9f0>, <snowplow_tracker.self_describing_json.SelfDescribingJson object at 0x1143411f0>, <snowplow_tracker.self_describing_json.SelfDescribingJson object at 0x1134a4fe0>]}


============================== 22:44:23.170435 | a563149c-aea5-4f9d-a4b3-6e1756759f19 ==============================
[0m22:44:23.170435 [info ] [MainThread]: Running with dbt=1.10.4
[0m22:44:23.170736 [debug] [MainThread]: running dbt with arguments {'printer_width': '80', 'indirect_selection': 'eager', 'write_json': 'True', 'log_cache_events': 'False', 'partial_parse': 'True', 'cache_selected_only': 'False', 'warn_error': 'None', 'fail_fast': 'False', 'debug': 'False', 'log_path': '/Users/allisonfung/weather/kalshi_pipeline/logs', 'profiles_dir': '/Users/allisonfung/weather/kalshi_pipeline', 'version_check': 'True', 'use_colors': 'True', 'use_experimental_parser': 'False', 'no_print': 'None', 'quiet': 'False', 'empty': 'False', 'warn_error_options': 'WarnErrorOptionsV2(error=[], warn=[], silence=[])', 'invocation_command': 'dbt run', 'static_parser': 'True', 'introspect': 'True', 'target_path': 'None', 'log_format': 'default', 'send_anonymous_usage_stats': 'True'}
[0m22:44:23.340208 [debug] [MainThread]: Sending event: {'category': 'dbt', 'action': 'project_id', 'label': 'a563149c-aea5-4f9d-a4b3-6e1756759f19', 'context': [<snowplow_tracker.self_describing_json.SelfDescribingJson object at 0x114831580>]}
[0m22:44:23.361557 [debug] [MainThread]: Sending event: {'category': 'dbt', 'action': 'adapter_info', 'label': 'a563149c-aea5-4f9d-a4b3-6e1756759f19', 'context': [<snowplow_tracker.self_describing_json.SelfDescribingJson object at 0x1112d12e0>]}
[0m22:44:23.362569 [info ] [MainThread]: Registered adapter: duckdb=1.10.0
[0m22:44:23.406864 [debug] [MainThread]: checksum: 073cb5a296270136b24f9c040fdebd0642ef9c263903ef463bfe7e190c538da2, vars: {}, profile: , target: , version: 1.10.4
[0m22:44:23.461210 [debug] [MainThread]: Partial parsing enabled: 0 files deleted, 1 files added, 1 files changed.
[0m22:44:23.461482 [debug] [MainThread]: Partial parsing: added file: kalshi_pipeline://models/stg_noaa.sql
[0m22:44:23.461742 [debug] [MainThread]: Partial parsing: updated file: kalshi_pipeline://models/sources.yml
[0m22:44:23.595431 [debug] [MainThread]: Sending event: {'category': 'dbt', 'action': 'load_project', 'label': 'a563149c-aea5-4f9d-a4b3-6e1756759f19', 'context': [<snowplow_tracker.self_describing_json.SelfDescribingJson object at 0x1144b8bc0>]}
[0m22:44:23.620098 [debug] [MainThread]: Wrote artifact WritableManifest to /Users/allisonfung/weather/kalshi_pipeline/target/manifest.json
[0m22:44:23.621669 [debug] [MainThread]: Wrote artifact SemanticManifest to /Users/allisonfung/weather/kalshi_pipeline/target/semantic_manifest.json
[0m22:44:23.632612 [debug] [MainThread]: Sending event: {'category': 'dbt', 'action': 'resource_counts', 'label': 'a563149c-aea5-4f9d-a4b3-6e1756759f19', 'context': [<snowplow_tracker.self_describing_json.SelfDescribingJson object at 0x114ee8860>]}
[0m22:44:23.632825 [info ] [MainThread]: Found 4 models, 3 sources, 443 macros
[0m22:44:23.632985 [debug] [MainThread]: Sending event: {'category': 'dbt', 'action': 'runnable_timing', 'label': 'a563149c-aea5-4f9d-a4b3-6e1756759f19', 'context': [<snowplow_tracker.self_describing_json.SelfDescribingJson object at 0x114da0860>]}
[0m22:44:23.633745 [info ] [MainThread]: 
[0m22:44:23.633906 [info ] [MainThread]: Concurrency: 1 threads (target='dev')
[0m22:44:23.634031 [info ] [MainThread]: 
[0m22:44:23.634243 [debug] [MainThread]: Acquiring new duckdb connection 'master'
[0m22:44:23.636051 [debug] [ThreadPool]: Acquiring new duckdb connection 'list_kalshi'
[0m22:44:23.661771 [debug] [ThreadPool]: Using duckdb connection "list_kalshi"
[0m22:44:23.661987 [debug] [ThreadPool]: On list_kalshi: /* {"app": "dbt", "dbt_version": "1.10.4", "profile_name": "kalshi_pipeline", "target_name": "dev", "connection_name": "list_kalshi"} */

    
    select schema_name
    from system.information_schema.schemata
    
    where lower(catalog_name) = '"kalshi"'
    
  
  
[0m22:44:23.662118 [debug] [ThreadPool]: Opening a new connection, currently in state init
[0m22:44:23.678410 [debug] [ThreadPool]: SQL status: OK in 0.016 seconds
[0m22:44:23.679234 [debug] [ThreadPool]: On list_kalshi: Close
[0m22:44:23.679548 [debug] [ThreadPool]: Re-using an available connection from the pool (formerly list_kalshi, now create_kalshi_main)
[0m22:44:23.679939 [debug] [ThreadPool]: Creating schema "database: "kalshi"
schema: "main"
"
[0m22:44:23.682764 [debug] [ThreadPool]: Using duckdb connection "create_kalshi_main"
[0m22:44:23.682909 [debug] [ThreadPool]: On create_kalshi_main: /* {"app": "dbt", "dbt_version": "1.10.4", "profile_name": "kalshi_pipeline", "target_name": "dev", "connection_name": "create_kalshi_main"} */

    
        select type from duckdb_databases()
        where lower(database_name)='kalshi'
        and type='sqlite'
    
  
[0m22:44:23.683030 [debug] [ThreadPool]: Opening a new connection, currently in state closed
[0m22:44:23.683638 [debug] [ThreadPool]: SQL status: OK in 0.001 seconds
[0m22:44:23.684146 [debug] [ThreadPool]: Using duckdb connection "create_kalshi_main"
[0m22:44:23.684260 [debug] [ThreadPool]: On create_kalshi_main: BEGIN
[0m22:44:23.684431 [debug] [ThreadPool]: SQL status: OK in 0.000 seconds
[0m22:44:23.684546 [debug] [ThreadPool]: Using duckdb connection "create_kalshi_main"
[0m22:44:23.684664 [debug] [ThreadPool]: On create_kalshi_main: /* {"app": "dbt", "dbt_version": "1.10.4", "profile_name": "kalshi_pipeline", "target_name": "dev", "connection_name": "create_kalshi_main"} */

    
    
        create schema if not exists "kalshi"."main"
    
[0m22:44:23.685067 [debug] [ThreadPool]: SQL status: OK in 0.000 seconds
[0m22:44:23.685384 [debug] [ThreadPool]: On create_kalshi_main: COMMIT
[0m22:44:23.685508 [debug] [ThreadPool]: Using duckdb connection "create_kalshi_main"
[0m22:44:23.685613 [debug] [ThreadPool]: On create_kalshi_main: COMMIT
[0m22:44:23.685773 [debug] [ThreadPool]: SQL status: OK in 0.000 seconds
[0m22:44:23.685895 [debug] [ThreadPool]: On create_kalshi_main: Close
[0m22:44:23.686400 [debug] [ThreadPool]: Re-using an available connection from the pool (formerly create_kalshi_main, now list_kalshi_main)
[0m22:44:23.688451 [debug] [ThreadPool]: Using duckdb connection "list_kalshi_main"
[0m22:44:23.688601 [debug] [ThreadPool]: On list_kalshi_main: BEGIN
[0m22:44:23.688721 [debug] [ThreadPool]: Opening a new connection, currently in state closed
[0m22:44:23.688956 [debug] [ThreadPool]: SQL status: OK in 0.000 seconds
[0m22:44:23.689075 [debug] [ThreadPool]: Using duckdb connection "list_kalshi_main"
[0m22:44:23.689202 [debug] [ThreadPool]: On list_kalshi_main: /* {"app": "dbt", "dbt_version": "1.10.4", "profile_name": "kalshi_pipeline", "target_name": "dev", "connection_name": "list_kalshi_main"} */
select
      'kalshi' as database,
      table_name as name,
      table_schema as schema,
      CASE table_type
        WHEN 'BASE TABLE' THEN 'table'
        WHEN 'VIEW' THEN 'view'
        WHEN 'LOCAL TEMPORARY' THEN 'table'
        END as type
    from system.information_schema.tables
    where lower(table_schema) = 'main'
    and lower(table_catalog) = 'kalshi'
  
[0m22:44:23.692402 [debug] [ThreadPool]: SQL status: OK in 0.003 seconds
[0m22:44:23.693175 [debug] [ThreadPool]: On list_kalshi_main: ROLLBACK
[0m22:44:23.693933 [debug] [ThreadPool]: Failed to rollback 'list_kalshi_main'
[0m22:44:23.694062 [debug] [ThreadPool]: On list_kalshi_main: Close
[0m22:44:23.694479 [debug] [MainThread]: Sending event: {'category': 'dbt', 'action': 'runnable_timing', 'label': 'a563149c-aea5-4f9d-a4b3-6e1756759f19', 'context': [<snowplow_tracker.self_describing_json.SelfDescribingJson object at 0x114463ef0>]}
[0m22:44:23.694675 [debug] [MainThread]: Using duckdb connection "master"
[0m22:44:23.694797 [debug] [MainThread]: On master: BEGIN
[0m22:44:23.694907 [debug] [MainThread]: Opening a new connection, currently in state init
[0m22:44:23.695164 [debug] [MainThread]: SQL status: OK in 0.000 seconds
[0m22:44:23.695288 [debug] [MainThread]: On master: COMMIT
[0m22:44:23.695410 [debug] [MainThread]: Using duckdb connection "master"
[0m22:44:23.695524 [debug] [MainThread]: On master: COMMIT
[0m22:44:23.695690 [debug] [MainThread]: SQL status: OK in 0.000 seconds
[0m22:44:23.695813 [debug] [MainThread]: On master: Close
[0m22:44:23.697092 [debug] [Thread-1 (]: Began running node model.kalshi_pipeline.stg_forecast
[0m22:44:23.697317 [info ] [Thread-1 (]: 1 of 4 START sql table model main.stg_forecast ................................. [RUN]
[0m22:44:23.697517 [debug] [Thread-1 (]: Re-using an available connection from the pool (formerly list_kalshi_main, now model.kalshi_pipeline.stg_forecast)
[0m22:44:23.697667 [debug] [Thread-1 (]: Began compiling node model.kalshi_pipeline.stg_forecast
[0m22:44:23.700484 [debug] [Thread-1 (]: Writing injected SQL for node "model.kalshi_pipeline.stg_forecast"
[0m22:44:23.700960 [debug] [Thread-1 (]: Began executing node model.kalshi_pipeline.stg_forecast
[0m22:44:23.713637 [debug] [Thread-1 (]: Writing runtime sql for node "model.kalshi_pipeline.stg_forecast"
[0m22:44:23.714272 [debug] [Thread-1 (]: Using duckdb connection "model.kalshi_pipeline.stg_forecast"
[0m22:44:23.714508 [debug] [Thread-1 (]: On model.kalshi_pipeline.stg_forecast: BEGIN
[0m22:44:23.714651 [debug] [Thread-1 (]: Opening a new connection, currently in state closed
[0m22:44:23.714986 [debug] [Thread-1 (]: SQL status: OK in 0.000 seconds
[0m22:44:23.715129 [debug] [Thread-1 (]: Using duckdb connection "model.kalshi_pipeline.stg_forecast"
[0m22:44:23.715280 [debug] [Thread-1 (]: On model.kalshi_pipeline.stg_forecast: /* {"app": "dbt", "dbt_version": "1.10.4", "profile_name": "kalshi_pipeline", "target_name": "dev", "node_id": "model.kalshi_pipeline.stg_forecast"} */

  
    
    

    create  table
      "kalshi"."main"."stg_forecast__dbt_tmp"
  
    as (
      SELECT
    CAST(time AS TIMESTAMP) AS forecast_timestamp,
    CAST(time AS DATE) AS forecast_date,
    temperature_2m_previous_day1 AS forecast_temp_previous_day1
FROM '../data/raw_forecast_previous_day1.parquet'
    );
  
  
[0m22:44:23.725432 [debug] [Thread-1 (]: SQL status: OK in 0.010 seconds
[0m22:44:23.728205 [debug] [Thread-1 (]: Using duckdb connection "model.kalshi_pipeline.stg_forecast"
[0m22:44:23.728397 [debug] [Thread-1 (]: On model.kalshi_pipeline.stg_forecast: /* {"app": "dbt", "dbt_version": "1.10.4", "profile_name": "kalshi_pipeline", "target_name": "dev", "node_id": "model.kalshi_pipeline.stg_forecast"} */

    SELECT index_name
    FROM duckdb_indexes()
    WHERE schema_name = 'main'
      AND table_name = 'stg_forecast'
  
[0m22:44:23.728795 [debug] [Thread-1 (]: SQL status: OK in 0.000 seconds
[0m22:44:23.729306 [debug] [Thread-1 (]: Using duckdb connection "model.kalshi_pipeline.stg_forecast"
[0m22:44:23.729450 [debug] [Thread-1 (]: On model.kalshi_pipeline.stg_forecast: /* {"app": "dbt", "dbt_version": "1.10.4", "profile_name": "kalshi_pipeline", "target_name": "dev", "node_id": "model.kalshi_pipeline.stg_forecast"} */

    SELECT COUNT(*) as remaining_indexes
    FROM duckdb_indexes()
    WHERE schema_name = 'main'
      AND table_name = 'stg_forecast'
  
[0m22:44:23.730451 [debug] [Thread-1 (]: SQL status: OK in 0.001 seconds
[0m22:44:23.733114 [debug] [Thread-1 (]: Using duckdb connection "model.kalshi_pipeline.stg_forecast"
[0m22:44:23.733260 [debug] [Thread-1 (]: On model.kalshi_pipeline.stg_forecast: /* {"app": "dbt", "dbt_version": "1.10.4", "profile_name": "kalshi_pipeline", "target_name": "dev", "node_id": "model.kalshi_pipeline.stg_forecast"} */
alter table "kalshi"."main"."stg_forecast" rename to "stg_forecast__dbt_backup"
[0m22:44:23.734041 [debug] [Thread-1 (]: SQL status: OK in 0.001 seconds
[0m22:44:23.735771 [debug] [Thread-1 (]: Using duckdb connection "model.kalshi_pipeline.stg_forecast"
[0m22:44:23.735923 [debug] [Thread-1 (]: On model.kalshi_pipeline.stg_forecast: /* {"app": "dbt", "dbt_version": "1.10.4", "profile_name": "kalshi_pipeline", "target_name": "dev", "node_id": "model.kalshi_pipeline.stg_forecast"} */
alter table "kalshi"."main"."stg_forecast__dbt_tmp" rename to "stg_forecast"
[0m22:44:23.736155 [debug] [Thread-1 (]: SQL status: OK in 0.000 seconds
[0m22:44:23.766247 [debug] [Thread-1 (]: On model.kalshi_pipeline.stg_forecast: COMMIT
[0m22:44:23.766483 [debug] [Thread-1 (]: Using duckdb connection "model.kalshi_pipeline.stg_forecast"
[0m22:44:23.766634 [debug] [Thread-1 (]: On model.kalshi_pipeline.stg_forecast: COMMIT
[0m22:44:23.769810 [debug] [Thread-1 (]: SQL status: OK in 0.003 seconds
[0m22:44:23.771902 [debug] [Thread-1 (]: Using duckdb connection "model.kalshi_pipeline.stg_forecast"
[0m22:44:23.772070 [debug] [Thread-1 (]: On model.kalshi_pipeline.stg_forecast: /* {"app": "dbt", "dbt_version": "1.10.4", "profile_name": "kalshi_pipeline", "target_name": "dev", "node_id": "model.kalshi_pipeline.stg_forecast"} */

      drop table if exists "kalshi"."main"."stg_forecast__dbt_backup" cascade
    
[0m22:44:23.772781 [debug] [Thread-1 (]: SQL status: OK in 0.001 seconds
[0m22:44:23.773837 [debug] [Thread-1 (]: On model.kalshi_pipeline.stg_forecast: Close
[0m22:44:23.774684 [debug] [Thread-1 (]: Sending event: {'category': 'dbt', 'action': 'run_model', 'label': 'a563149c-aea5-4f9d-a4b3-6e1756759f19', 'context': [<snowplow_tracker.self_describing_json.SelfDescribingJson object at 0x115486780>]}
[0m22:44:23.774949 [info ] [Thread-1 (]: 1 of 4 OK created sql table model main.stg_forecast ............................ [[32mOK[0m in 0.08s]
[0m22:44:23.775193 [debug] [Thread-1 (]: Finished running node model.kalshi_pipeline.stg_forecast
[0m22:44:23.775355 [debug] [Thread-1 (]: Began running node model.kalshi_pipeline.stg_noaa
[0m22:44:23.775574 [info ] [Thread-1 (]: 2 of 4 START sql table model main.stg_noaa ..................................... [RUN]
[0m22:44:23.775758 [debug] [Thread-1 (]: Re-using an available connection from the pool (formerly model.kalshi_pipeline.stg_forecast, now model.kalshi_pipeline.stg_noaa)
[0m22:44:23.775903 [debug] [Thread-1 (]: Began compiling node model.kalshi_pipeline.stg_noaa
[0m22:44:23.777011 [debug] [Thread-1 (]: Writing injected SQL for node "model.kalshi_pipeline.stg_noaa"
[0m22:44:23.777316 [debug] [Thread-1 (]: Began executing node model.kalshi_pipeline.stg_noaa
[0m22:44:23.778531 [debug] [Thread-1 (]: Writing runtime sql for node "model.kalshi_pipeline.stg_noaa"
[0m22:44:23.778997 [debug] [Thread-1 (]: Using duckdb connection "model.kalshi_pipeline.stg_noaa"
[0m22:44:23.779134 [debug] [Thread-1 (]: On model.kalshi_pipeline.stg_noaa: BEGIN
[0m22:44:23.779273 [debug] [Thread-1 (]: Opening a new connection, currently in state closed
[0m22:44:23.779545 [debug] [Thread-1 (]: SQL status: OK in 0.000 seconds
[0m22:44:23.779685 [debug] [Thread-1 (]: Using duckdb connection "model.kalshi_pipeline.stg_noaa"
[0m22:44:23.779828 [debug] [Thread-1 (]: On model.kalshi_pipeline.stg_noaa: /* {"app": "dbt", "dbt_version": "1.10.4", "profile_name": "kalshi_pipeline", "target_name": "dev", "node_id": "model.kalshi_pipeline.stg_noaa"} */

  
    
    

    create  table
      "kalshi"."main"."stg_noaa__dbt_tmp"
  
    as (
      SELECT
    CAST(DATE AS DATE) AS weather_date,
    TMAX AS official_high_temp
FROM '../data/raw_noaa_daily_high.parquet'
    );
  
  
[0m22:44:23.781023 [debug] [Thread-1 (]: SQL status: OK in 0.001 seconds
[0m22:44:23.782217 [debug] [Thread-1 (]: Using duckdb connection "model.kalshi_pipeline.stg_noaa"
[0m22:44:23.782368 [debug] [Thread-1 (]: On model.kalshi_pipeline.stg_noaa: /* {"app": "dbt", "dbt_version": "1.10.4", "profile_name": "kalshi_pipeline", "target_name": "dev", "node_id": "model.kalshi_pipeline.stg_noaa"} */
alter table "kalshi"."main"."stg_noaa__dbt_tmp" rename to "stg_noaa"
[0m22:44:23.782626 [debug] [Thread-1 (]: SQL status: OK in 0.000 seconds
[0m22:44:23.783404 [debug] [Thread-1 (]: On model.kalshi_pipeline.stg_noaa: COMMIT
[0m22:44:23.783620 [debug] [Thread-1 (]: Using duckdb connection "model.kalshi_pipeline.stg_noaa"
[0m22:44:23.783777 [debug] [Thread-1 (]: On model.kalshi_pipeline.stg_noaa: COMMIT
[0m22:44:23.784223 [debug] [Thread-1 (]: SQL status: OK in 0.000 seconds
[0m22:44:23.785162 [debug] [Thread-1 (]: Using duckdb connection "model.kalshi_pipeline.stg_noaa"
[0m22:44:23.785301 [debug] [Thread-1 (]: On model.kalshi_pipeline.stg_noaa: /* {"app": "dbt", "dbt_version": "1.10.4", "profile_name": "kalshi_pipeline", "target_name": "dev", "node_id": "model.kalshi_pipeline.stg_noaa"} */

      drop table if exists "kalshi"."main"."stg_noaa__dbt_backup" cascade
    
[0m22:44:23.785530 [debug] [Thread-1 (]: SQL status: OK in 0.000 seconds
[0m22:44:23.786033 [debug] [Thread-1 (]: On model.kalshi_pipeline.stg_noaa: Close
[0m22:44:23.786263 [debug] [Thread-1 (]: Sending event: {'category': 'dbt', 'action': 'run_model', 'label': 'a563149c-aea5-4f9d-a4b3-6e1756759f19', 'context': [<snowplow_tracker.self_describing_json.SelfDescribingJson object at 0x1143d30b0>]}
[0m22:44:23.786517 [info ] [Thread-1 (]: 2 of 4 OK created sql table model main.stg_noaa ................................ [[32mOK[0m in 0.01s]
[0m22:44:23.786739 [debug] [Thread-1 (]: Finished running node model.kalshi_pipeline.stg_noaa
[0m22:44:23.786903 [debug] [Thread-1 (]: Began running node model.kalshi_pipeline.stg_weather
[0m22:44:23.787105 [info ] [Thread-1 (]: 3 of 4 START sql table model main.stg_weather .................................. [RUN]
[0m22:44:23.787280 [debug] [Thread-1 (]: Re-using an available connection from the pool (formerly model.kalshi_pipeline.stg_noaa, now model.kalshi_pipeline.stg_weather)
[0m22:44:23.787426 [debug] [Thread-1 (]: Began compiling node model.kalshi_pipeline.stg_weather
[0m22:44:23.788422 [debug] [Thread-1 (]: Writing injected SQL for node "model.kalshi_pipeline.stg_weather"
[0m22:44:23.788748 [debug] [Thread-1 (]: Began executing node model.kalshi_pipeline.stg_weather
[0m22:44:23.789999 [debug] [Thread-1 (]: Writing runtime sql for node "model.kalshi_pipeline.stg_weather"
[0m22:44:23.790272 [debug] [Thread-1 (]: Using duckdb connection "model.kalshi_pipeline.stg_weather"
[0m22:44:23.790402 [debug] [Thread-1 (]: On model.kalshi_pipeline.stg_weather: BEGIN
[0m22:44:23.790523 [debug] [Thread-1 (]: Opening a new connection, currently in state closed
[0m22:44:23.790750 [debug] [Thread-1 (]: SQL status: OK in 0.000 seconds
[0m22:44:23.790886 [debug] [Thread-1 (]: Using duckdb connection "model.kalshi_pipeline.stg_weather"
[0m22:44:23.791032 [debug] [Thread-1 (]: On model.kalshi_pipeline.stg_weather: /* {"app": "dbt", "dbt_version": "1.10.4", "profile_name": "kalshi_pipeline", "target_name": "dev", "node_id": "model.kalshi_pipeline.stg_weather"} */

  
    
    

    create  table
      "kalshi"."main"."stg_weather__dbt_tmp"
  
    as (
      SELECT
    CAST(time AS TIMESTAMP) AS weather_timestamp,
    CAST(time AS DATE) AS weather_date,
    EXTRACT(HOUR FROM CAST(time AS TIMESTAMP)) AS hour_of_day,
    temperature_2m AS temp_f,
    relative_humidity_2m AS humidity,
    cloud_cover,
    precipitation
FROM '../data/raw_central_park_weather.parquet'
    );
  
  
[0m22:44:23.795132 [debug] [Thread-1 (]: SQL status: OK in 0.004 seconds
[0m22:44:23.795661 [debug] [Thread-1 (]: Using duckdb connection "model.kalshi_pipeline.stg_weather"
[0m22:44:23.795805 [debug] [Thread-1 (]: On model.kalshi_pipeline.stg_weather: /* {"app": "dbt", "dbt_version": "1.10.4", "profile_name": "kalshi_pipeline", "target_name": "dev", "node_id": "model.kalshi_pipeline.stg_weather"} */

    SELECT index_name
    FROM duckdb_indexes()
    WHERE schema_name = 'main'
      AND table_name = 'stg_weather'
  
[0m22:44:23.796177 [debug] [Thread-1 (]: SQL status: OK in 0.000 seconds
[0m22:44:23.796670 [debug] [Thread-1 (]: Using duckdb connection "model.kalshi_pipeline.stg_weather"
[0m22:44:23.796829 [debug] [Thread-1 (]: On model.kalshi_pipeline.stg_weather: /* {"app": "dbt", "dbt_version": "1.10.4", "profile_name": "kalshi_pipeline", "target_name": "dev", "node_id": "model.kalshi_pipeline.stg_weather"} */

    SELECT COUNT(*) as remaining_indexes
    FROM duckdb_indexes()
    WHERE schema_name = 'main'
      AND table_name = 'stg_weather'
  
[0m22:44:23.797198 [debug] [Thread-1 (]: SQL status: OK in 0.000 seconds
[0m22:44:23.798568 [debug] [Thread-1 (]: Using duckdb connection "model.kalshi_pipeline.stg_weather"
[0m22:44:23.798724 [debug] [Thread-1 (]: On model.kalshi_pipeline.stg_weather: /* {"app": "dbt", "dbt_version": "1.10.4", "profile_name": "kalshi_pipeline", "target_name": "dev", "node_id": "model.kalshi_pipeline.stg_weather"} */
alter table "kalshi"."main"."stg_weather" rename to "stg_weather__dbt_backup"
[0m22:44:23.799019 [debug] [Thread-1 (]: SQL status: OK in 0.000 seconds
[0m22:44:23.800310 [debug] [Thread-1 (]: Using duckdb connection "model.kalshi_pipeline.stg_weather"
[0m22:44:23.800463 [debug] [Thread-1 (]: On model.kalshi_pipeline.stg_weather: /* {"app": "dbt", "dbt_version": "1.10.4", "profile_name": "kalshi_pipeline", "target_name": "dev", "node_id": "model.kalshi_pipeline.stg_weather"} */
alter table "kalshi"."main"."stg_weather__dbt_tmp" rename to "stg_weather"
[0m22:44:23.800745 [debug] [Thread-1 (]: SQL status: OK in 0.000 seconds
[0m22:44:23.801379 [debug] [Thread-1 (]: On model.kalshi_pipeline.stg_weather: COMMIT
[0m22:44:23.801516 [debug] [Thread-1 (]: Using duckdb connection "model.kalshi_pipeline.stg_weather"
[0m22:44:23.801642 [debug] [Thread-1 (]: On model.kalshi_pipeline.stg_weather: COMMIT
[0m22:44:23.802969 [debug] [Thread-1 (]: SQL status: OK in 0.001 seconds
[0m22:44:23.804224 [debug] [Thread-1 (]: Using duckdb connection "model.kalshi_pipeline.stg_weather"
[0m22:44:23.804386 [debug] [Thread-1 (]: On model.kalshi_pipeline.stg_weather: /* {"app": "dbt", "dbt_version": "1.10.4", "profile_name": "kalshi_pipeline", "target_name": "dev", "node_id": "model.kalshi_pipeline.stg_weather"} */

      drop table if exists "kalshi"."main"."stg_weather__dbt_backup" cascade
    
[0m22:44:23.804771 [debug] [Thread-1 (]: SQL status: OK in 0.000 seconds
[0m22:44:23.805394 [debug] [Thread-1 (]: On model.kalshi_pipeline.stg_weather: Close
[0m22:44:23.805682 [debug] [Thread-1 (]: Sending event: {'category': 'dbt', 'action': 'run_model', 'label': 'a563149c-aea5-4f9d-a4b3-6e1756759f19', 'context': [<snowplow_tracker.self_describing_json.SelfDescribingJson object at 0x114383da0>]}
[0m22:44:23.805981 [info ] [Thread-1 (]: 3 of 4 OK created sql table model main.stg_weather ............................. [[32mOK[0m in 0.02s]
[0m22:44:23.806224 [debug] [Thread-1 (]: Finished running node model.kalshi_pipeline.stg_weather
[0m22:44:23.806594 [debug] [Thread-1 (]: Began running node model.kalshi_pipeline.fct_kalshi_features
[0m22:44:23.806841 [info ] [Thread-1 (]: 4 of 4 START sql table model main.fct_kalshi_features .......................... [RUN]
[0m22:44:23.807046 [debug] [Thread-1 (]: Re-using an available connection from the pool (formerly model.kalshi_pipeline.stg_weather, now model.kalshi_pipeline.fct_kalshi_features)
[0m22:44:23.807212 [debug] [Thread-1 (]: Began compiling node model.kalshi_pipeline.fct_kalshi_features
[0m22:44:23.809548 [debug] [Thread-1 (]: Writing injected SQL for node "model.kalshi_pipeline.fct_kalshi_features"
[0m22:44:23.809947 [debug] [Thread-1 (]: Began executing node model.kalshi_pipeline.fct_kalshi_features
[0m22:44:23.811335 [debug] [Thread-1 (]: Writing runtime sql for node "model.kalshi_pipeline.fct_kalshi_features"
[0m22:44:23.811638 [debug] [Thread-1 (]: Using duckdb connection "model.kalshi_pipeline.fct_kalshi_features"
[0m22:44:23.811792 [debug] [Thread-1 (]: On model.kalshi_pipeline.fct_kalshi_features: BEGIN
[0m22:44:23.811938 [debug] [Thread-1 (]: Opening a new connection, currently in state closed
[0m22:44:23.812271 [debug] [Thread-1 (]: SQL status: OK in 0.000 seconds
[0m22:44:23.812415 [debug] [Thread-1 (]: Using duckdb connection "model.kalshi_pipeline.fct_kalshi_features"
[0m22:44:23.812593 [debug] [Thread-1 (]: On model.kalshi_pipeline.fct_kalshi_features: /* {"app": "dbt", "dbt_version": "1.10.4", "profile_name": "kalshi_pipeline", "target_name": "dev", "node_id": "model.kalshi_pipeline.fct_kalshi_features"} */

  
    
    

    create  table
      "kalshi"."main"."fct_kalshi_features__dbt_tmp"
  
    as (
      WITH hourly_data AS (
    SELECT * FROM "kalshi"."main"."stg_weather"
),

forecast_data AS (
    SELECT * FROM "kalshi"."main"."stg_forecast"
),

daily_high AS (
    SELECT
        weather_date,
        MAX(temp_f) AS target_high_temp
    FROM hourly_data
    GROUP BY weather_date
),

morning_features AS (
    SELECT
        weather_date,
        temp_f AS morning_temp_11am,
        cloud_cover AS morning_cloud_cover_11am,
        humidity AS morning_humidity_11am
    FROM hourly_data
    WHERE hour_of_day = 11
),

daily_forecast AS (
    -- What GFS predicted the day's high would be, 24hrs in advance
    SELECT
        forecast_date,
        MAX(forecast_temp_previous_day1) AS forecast_high_previous_day1
    FROM forecast_data
    GROUP BY forecast_date
)

SELECT
    d.weather_date,
    d.target_high_temp,
    m.morning_temp_11am,
    m.morning_cloud_cover_11am,
     m.morning_humidity_11am,
    LAG(d.target_high_temp) OVER (ORDER BY d.weather_date) AS yesterday_high_temp,
    f.forecast_high_previous_day1
FROM daily_high d
JOIN morning_features m
    ON d.weather_date = m.weather_date
JOIN daily_forecast f
    ON d.weather_date = f.forecast_date
ORDER BY d.weather_date DESC
    );
  
  
[0m22:44:23.824250 [debug] [Thread-1 (]: SQL status: OK in 0.011 seconds
[0m22:44:23.824993 [debug] [Thread-1 (]: Using duckdb connection "model.kalshi_pipeline.fct_kalshi_features"
[0m22:44:23.825142 [debug] [Thread-1 (]: On model.kalshi_pipeline.fct_kalshi_features: /* {"app": "dbt", "dbt_version": "1.10.4", "profile_name": "kalshi_pipeline", "target_name": "dev", "node_id": "model.kalshi_pipeline.fct_kalshi_features"} */

    SELECT index_name
    FROM duckdb_indexes()
    WHERE schema_name = 'main'
      AND table_name = 'fct_kalshi_features'
  
[0m22:44:23.825553 [debug] [Thread-1 (]: SQL status: OK in 0.000 seconds
[0m22:44:23.826060 [debug] [Thread-1 (]: Using duckdb connection "model.kalshi_pipeline.fct_kalshi_features"
[0m22:44:23.826201 [debug] [Thread-1 (]: On model.kalshi_pipeline.fct_kalshi_features: /* {"app": "dbt", "dbt_version": "1.10.4", "profile_name": "kalshi_pipeline", "target_name": "dev", "node_id": "model.kalshi_pipeline.fct_kalshi_features"} */

    SELECT COUNT(*) as remaining_indexes
    FROM duckdb_indexes()
    WHERE schema_name = 'main'
      AND table_name = 'fct_kalshi_features'
  
[0m22:44:23.826520 [debug] [Thread-1 (]: SQL status: OK in 0.000 seconds
[0m22:44:23.827886 [debug] [Thread-1 (]: Using duckdb connection "model.kalshi_pipeline.fct_kalshi_features"
[0m22:44:23.828032 [debug] [Thread-1 (]: On model.kalshi_pipeline.fct_kalshi_features: /* {"app": "dbt", "dbt_version": "1.10.4", "profile_name": "kalshi_pipeline", "target_name": "dev", "node_id": "model.kalshi_pipeline.fct_kalshi_features"} */
alter table "kalshi"."main"."fct_kalshi_features" rename to "fct_kalshi_features__dbt_backup"
[0m22:44:23.828285 [debug] [Thread-1 (]: SQL status: OK in 0.000 seconds
[0m22:44:23.829280 [debug] [Thread-1 (]: Using duckdb connection "model.kalshi_pipeline.fct_kalshi_features"
[0m22:44:23.829426 [debug] [Thread-1 (]: On model.kalshi_pipeline.fct_kalshi_features: /* {"app": "dbt", "dbt_version": "1.10.4", "profile_name": "kalshi_pipeline", "target_name": "dev", "node_id": "model.kalshi_pipeline.fct_kalshi_features"} */
alter table "kalshi"."main"."fct_kalshi_features__dbt_tmp" rename to "fct_kalshi_features"
[0m22:44:23.829657 [debug] [Thread-1 (]: SQL status: OK in 0.000 seconds
[0m22:44:23.830433 [debug] [Thread-1 (]: On model.kalshi_pipeline.fct_kalshi_features: COMMIT
[0m22:44:23.830584 [debug] [Thread-1 (]: Using duckdb connection "model.kalshi_pipeline.fct_kalshi_features"
[0m22:44:23.830723 [debug] [Thread-1 (]: On model.kalshi_pipeline.fct_kalshi_features: COMMIT
[0m22:44:23.831148 [debug] [Thread-1 (]: SQL status: OK in 0.000 seconds
[0m22:44:23.832028 [debug] [Thread-1 (]: Using duckdb connection "model.kalshi_pipeline.fct_kalshi_features"
[0m22:44:23.832173 [debug] [Thread-1 (]: On model.kalshi_pipeline.fct_kalshi_features: /* {"app": "dbt", "dbt_version": "1.10.4", "profile_name": "kalshi_pipeline", "target_name": "dev", "node_id": "model.kalshi_pipeline.fct_kalshi_features"} */

      drop table if exists "kalshi"."main"."fct_kalshi_features__dbt_backup" cascade
    
[0m22:44:23.832531 [debug] [Thread-1 (]: SQL status: OK in 0.000 seconds
[0m22:44:23.833012 [debug] [Thread-1 (]: On model.kalshi_pipeline.fct_kalshi_features: Close
[0m22:44:23.833247 [debug] [Thread-1 (]: Sending event: {'category': 'dbt', 'action': 'run_model', 'label': 'a563149c-aea5-4f9d-a4b3-6e1756759f19', 'context': [<snowplow_tracker.self_describing_json.SelfDescribingJson object at 0x115451310>]}
[0m22:44:23.833506 [info ] [Thread-1 (]: 4 of 4 OK created sql table model main.fct_kalshi_features ..................... [[32mOK[0m in 0.03s]
[0m22:44:23.833746 [debug] [Thread-1 (]: Finished running node model.kalshi_pipeline.fct_kalshi_features
[0m22:44:23.834238 [debug] [MainThread]: Using duckdb connection "master"
[0m22:44:23.834384 [debug] [MainThread]: On master: BEGIN
[0m22:44:23.834509 [debug] [MainThread]: Opening a new connection, currently in state closed
[0m22:44:23.834743 [debug] [MainThread]: SQL status: OK in 0.000 seconds
[0m22:44:23.834876 [debug] [MainThread]: On master: COMMIT
[0m22:44:23.834997 [debug] [MainThread]: Using duckdb connection "master"
[0m22:44:23.835117 [debug] [MainThread]: On master: COMMIT
[0m22:44:23.835293 [debug] [MainThread]: SQL status: OK in 0.000 seconds
[0m22:44:23.835411 [debug] [MainThread]: On master: Close
[0m22:44:23.835563 [debug] [MainThread]: Connection 'master' was properly closed.
[0m22:44:23.835683 [debug] [MainThread]: Connection 'model.kalshi_pipeline.fct_kalshi_features' was properly closed.
[0m22:44:23.835835 [info ] [MainThread]: 
[0m22:44:23.835976 [info ] [MainThread]: Finished running 4 table models in 0 hours 0 minutes and 0.20 seconds (0.20s).
[0m22:44:23.836379 [debug] [MainThread]: Command end result
[0m22:44:23.844823 [debug] [MainThread]: Wrote artifact WritableManifest to /Users/allisonfung/weather/kalshi_pipeline/target/manifest.json
[0m22:44:23.845541 [debug] [MainThread]: Wrote artifact SemanticManifest to /Users/allisonfung/weather/kalshi_pipeline/target/semantic_manifest.json
[0m22:44:23.848120 [debug] [MainThread]: Wrote artifact RunExecutionResult to /Users/allisonfung/weather/kalshi_pipeline/target/run_results.json
[0m22:44:23.848261 [info ] [MainThread]: 
[0m22:44:23.848418 [info ] [MainThread]: [32mCompleted successfully[0m
[0m22:44:23.848544 [info ] [MainThread]: 
[0m22:44:23.848687 [info ] [MainThread]: Done. PASS=4 WARN=0 ERROR=0 SKIP=0 NO-OP=0 TOTAL=4
[0m22:44:23.850605 [debug] [MainThread]: Resource report: {"command_name": "run", "command_success": true, "command_wall_clock_time": 0.7199421, "process_in_blocks": "0", "process_kernel_time": 0.202809, "process_mem_max_rss": "184451072", "process_out_blocks": "0", "process_user_time": 1.058098}
[0m22:44:23.850851 [debug] [MainThread]: Command `dbt run` succeeded at 22:44:23.850815 after 0.72 seconds
[0m22:44:23.851009 [debug] [MainThread]: Sending event: {'category': 'dbt', 'action': 'invocation', 'label': 'end', 'context': [<snowplow_tracker.self_describing_json.SelfDescribingJson object at 0x11343fb30>, <snowplow_tracker.self_describing_json.SelfDescribingJson object at 0x114cbb9e0>, <snowplow_tracker.self_describing_json.SelfDescribingJson object at 0x114cb8200>]}
[0m22:44:23.851164 [debug] [MainThread]: Flushing usage events
[0m22:44:24.070002 [debug] [MainThread]: An error was encountered while trying to flush usage events
[0m22:45:16.385891 [debug] [MainThread]: Sending event: {'category': 'dbt', 'action': 'invocation', 'label': 'start', 'context': [<snowplow_tracker.self_describing_json.SelfDescribingJson object at 0x110d1f740>, <snowplow_tracker.self_describing_json.SelfDescribingJson object at 0x1111990d0>, <snowplow_tracker.self_describing_json.SelfDescribingJson object at 0x1117a9280>]}


============================== 22:45:16.389054 | 213a21ba-90dd-41ff-9883-5726e9aba131 ==============================
[0m22:45:16.389054 [info ] [MainThread]: Running with dbt=1.10.4
[0m22:45:16.389349 [debug] [MainThread]: running dbt with arguments {'printer_width': '80', 'indirect_selection': 'eager', 'write_json': 'True', 'log_cache_events': 'False', 'partial_parse': 'True', 'cache_selected_only': 'False', 'profiles_dir': '/Users/allisonfung/weather/kalshi_pipeline', 'debug': 'False', 'version_check': 'True', 'log_path': '/Users/allisonfung/weather/kalshi_pipeline/logs', 'fail_fast': 'False', 'warn_error': 'None', 'use_colors': 'True', 'use_experimental_parser': 'False', 'empty': 'False', 'quiet': 'False', 'no_print': 'None', 'log_format': 'default', 'static_parser': 'True', 'invocation_command': 'dbt run', 'introspect': 'True', 'target_path': 'None', 'warn_error_options': 'WarnErrorOptionsV2(error=[], warn=[], silence=[])', 'send_anonymous_usage_stats': 'True'}
[0m22:45:16.486062 [debug] [MainThread]: Sending event: {'category': 'dbt', 'action': 'project_id', 'label': '213a21ba-90dd-41ff-9883-5726e9aba131', 'context': [<snowplow_tracker.self_describing_json.SelfDescribingJson object at 0x111bc3ec0>]}
[0m22:45:16.509338 [debug] [MainThread]: Sending event: {'category': 'dbt', 'action': 'adapter_info', 'label': '213a21ba-90dd-41ff-9883-5726e9aba131', 'context': [<snowplow_tracker.self_describing_json.SelfDescribingJson object at 0x111d32150>]}
[0m22:45:16.510634 [info ] [MainThread]: Registered adapter: duckdb=1.10.0
[0m22:45:16.555009 [debug] [MainThread]: checksum: 073cb5a296270136b24f9c040fdebd0642ef9c263903ef463bfe7e190c538da2, vars: {}, profile: , target: , version: 1.10.4
[0m22:45:16.608510 [debug] [MainThread]: Partial parsing enabled: 0 files deleted, 0 files added, 1 files changed.
[0m22:45:16.608773 [debug] [MainThread]: Partial parsing: updated file: kalshi_pipeline://models/fct_kalshi_features.sql
[0m22:45:16.702290 [debug] [MainThread]: Sending event: {'category': 'dbt', 'action': 'load_project', 'label': '213a21ba-90dd-41ff-9883-5726e9aba131', 'context': [<snowplow_tracker.self_describing_json.SelfDescribingJson object at 0x112df5100>]}
[0m22:45:16.728163 [debug] [MainThread]: Wrote artifact WritableManifest to /Users/allisonfung/weather/kalshi_pipeline/target/manifest.json
[0m22:45:16.729530 [debug] [MainThread]: Wrote artifact SemanticManifest to /Users/allisonfung/weather/kalshi_pipeline/target/semantic_manifest.json
[0m22:45:16.740420 [debug] [MainThread]: Sending event: {'category': 'dbt', 'action': 'resource_counts', 'label': '213a21ba-90dd-41ff-9883-5726e9aba131', 'context': [<snowplow_tracker.self_describing_json.SelfDescribingJson object at 0x112e05c70>]}
[0m22:45:16.740647 [info ] [MainThread]: Found 4 models, 3 sources, 443 macros
[0m22:45:16.740807 [debug] [MainThread]: Sending event: {'category': 'dbt', 'action': 'runnable_timing', 'label': '213a21ba-90dd-41ff-9883-5726e9aba131', 'context': [<snowplow_tracker.self_describing_json.SelfDescribingJson object at 0x112ddf080>]}
[0m22:45:16.741554 [info ] [MainThread]: 
[0m22:45:16.741719 [info ] [MainThread]: Concurrency: 1 threads (target='dev')
[0m22:45:16.741844 [info ] [MainThread]: 
[0m22:45:16.742056 [debug] [MainThread]: Acquiring new duckdb connection 'master'
[0m22:45:16.743853 [debug] [ThreadPool]: Acquiring new duckdb connection 'list_kalshi'
[0m22:45:16.769261 [debug] [ThreadPool]: Using duckdb connection "list_kalshi"
[0m22:45:16.769491 [debug] [ThreadPool]: On list_kalshi: /* {"app": "dbt", "dbt_version": "1.10.4", "profile_name": "kalshi_pipeline", "target_name": "dev", "connection_name": "list_kalshi"} */

    
    select schema_name
    from system.information_schema.schemata
    
    where lower(catalog_name) = '"kalshi"'
    
  
  
[0m22:45:16.769633 [debug] [ThreadPool]: Opening a new connection, currently in state init
[0m22:45:16.776363 [debug] [ThreadPool]: SQL status: OK in 0.007 seconds
[0m22:45:16.776951 [debug] [ThreadPool]: On list_kalshi: Close
[0m22:45:16.777245 [debug] [ThreadPool]: Re-using an available connection from the pool (formerly list_kalshi, now create_kalshi_main)
[0m22:45:16.777453 [debug] [ThreadPool]: Creating schema "database: "kalshi"
schema: "main"
"
[0m22:45:16.780209 [debug] [ThreadPool]: Using duckdb connection "create_kalshi_main"
[0m22:45:16.780357 [debug] [ThreadPool]: On create_kalshi_main: /* {"app": "dbt", "dbt_version": "1.10.4", "profile_name": "kalshi_pipeline", "target_name": "dev", "connection_name": "create_kalshi_main"} */

    
        select type from duckdb_databases()
        where lower(database_name)='kalshi'
        and type='sqlite'
    
  
[0m22:45:16.780478 [debug] [ThreadPool]: Opening a new connection, currently in state closed
[0m22:45:16.780820 [debug] [ThreadPool]: SQL status: OK in 0.000 seconds
[0m22:45:16.781333 [debug] [ThreadPool]: Using duckdb connection "create_kalshi_main"
[0m22:45:16.781452 [debug] [ThreadPool]: On create_kalshi_main: BEGIN
[0m22:45:16.781648 [debug] [ThreadPool]: SQL status: OK in 0.000 seconds
[0m22:45:16.781762 [debug] [ThreadPool]: Using duckdb connection "create_kalshi_main"
[0m22:45:16.781880 [debug] [ThreadPool]: On create_kalshi_main: /* {"app": "dbt", "dbt_version": "1.10.4", "profile_name": "kalshi_pipeline", "target_name": "dev", "connection_name": "create_kalshi_main"} */

    
    
        create schema if not exists "kalshi"."main"
    
[0m22:45:16.782070 [debug] [ThreadPool]: SQL status: OK in 0.000 seconds
[0m22:45:16.782384 [debug] [ThreadPool]: On create_kalshi_main: COMMIT
[0m22:45:16.782508 [debug] [ThreadPool]: Using duckdb connection "create_kalshi_main"
[0m22:45:16.782622 [debug] [ThreadPool]: On create_kalshi_main: COMMIT
[0m22:45:16.782786 [debug] [ThreadPool]: SQL status: OK in 0.000 seconds
[0m22:45:16.782910 [debug] [ThreadPool]: On create_kalshi_main: Close
[0m22:45:16.783431 [debug] [ThreadPool]: Re-using an available connection from the pool (formerly create_kalshi_main, now list_kalshi_main)
[0m22:45:16.785542 [debug] [ThreadPool]: Using duckdb connection "list_kalshi_main"
[0m22:45:16.785692 [debug] [ThreadPool]: On list_kalshi_main: BEGIN
[0m22:45:16.785811 [debug] [ThreadPool]: Opening a new connection, currently in state closed
[0m22:45:16.786107 [debug] [ThreadPool]: SQL status: OK in 0.000 seconds
[0m22:45:16.786216 [debug] [ThreadPool]: Using duckdb connection "list_kalshi_main"
[0m22:45:16.786344 [debug] [ThreadPool]: On list_kalshi_main: /* {"app": "dbt", "dbt_version": "1.10.4", "profile_name": "kalshi_pipeline", "target_name": "dev", "connection_name": "list_kalshi_main"} */
select
      'kalshi' as database,
      table_name as name,
      table_schema as schema,
      CASE table_type
        WHEN 'BASE TABLE' THEN 'table'
        WHEN 'VIEW' THEN 'view'
        WHEN 'LOCAL TEMPORARY' THEN 'table'
        END as type
    from system.information_schema.tables
    where lower(table_schema) = 'main'
    and lower(table_catalog) = 'kalshi'
  
[0m22:45:16.787915 [debug] [ThreadPool]: SQL status: OK in 0.001 seconds
[0m22:45:16.788417 [debug] [ThreadPool]: On list_kalshi_main: ROLLBACK
[0m22:45:16.789324 [debug] [ThreadPool]: Failed to rollback 'list_kalshi_main'
[0m22:45:16.789476 [debug] [ThreadPool]: On list_kalshi_main: Close
[0m22:45:16.789908 [debug] [MainThread]: Sending event: {'category': 'dbt', 'action': 'runnable_timing', 'label': '213a21ba-90dd-41ff-9883-5726e9aba131', 'context': [<snowplow_tracker.self_describing_json.SelfDescribingJson object at 0x112df5370>]}
[0m22:45:16.790103 [debug] [MainThread]: Using duckdb connection "master"
[0m22:45:16.790221 [debug] [MainThread]: On master: BEGIN
[0m22:45:16.790326 [debug] [MainThread]: Opening a new connection, currently in state init
[0m22:45:16.790570 [debug] [MainThread]: SQL status: OK in 0.000 seconds
[0m22:45:16.790688 [debug] [MainThread]: On master: COMMIT
[0m22:45:16.790795 [debug] [MainThread]: Using duckdb connection "master"
[0m22:45:16.790899 [debug] [MainThread]: On master: COMMIT
[0m22:45:16.791068 [debug] [MainThread]: SQL status: OK in 0.000 seconds
[0m22:45:16.791188 [debug] [MainThread]: On master: Close
[0m22:45:16.792396 [debug] [Thread-1 (]: Began running node model.kalshi_pipeline.stg_forecast
[0m22:45:16.792615 [info ] [Thread-1 (]: 1 of 4 START sql table model main.stg_forecast ................................. [RUN]
[0m22:45:16.792814 [debug] [Thread-1 (]: Re-using an available connection from the pool (formerly list_kalshi_main, now model.kalshi_pipeline.stg_forecast)
[0m22:45:16.792971 [debug] [Thread-1 (]: Began compiling node model.kalshi_pipeline.stg_forecast
[0m22:45:16.795847 [debug] [Thread-1 (]: Writing injected SQL for node "model.kalshi_pipeline.stg_forecast"
[0m22:45:16.796397 [debug] [Thread-1 (]: Began executing node model.kalshi_pipeline.stg_forecast
[0m22:45:16.809123 [debug] [Thread-1 (]: Writing runtime sql for node "model.kalshi_pipeline.stg_forecast"
[0m22:45:16.809631 [debug] [Thread-1 (]: Using duckdb connection "model.kalshi_pipeline.stg_forecast"
[0m22:45:16.809787 [debug] [Thread-1 (]: On model.kalshi_pipeline.stg_forecast: BEGIN
[0m22:45:16.809933 [debug] [Thread-1 (]: Opening a new connection, currently in state closed
[0m22:45:16.810262 [debug] [Thread-1 (]: SQL status: OK in 0.000 seconds
[0m22:45:16.810403 [debug] [Thread-1 (]: Using duckdb connection "model.kalshi_pipeline.stg_forecast"
[0m22:45:16.810550 [debug] [Thread-1 (]: On model.kalshi_pipeline.stg_forecast: /* {"app": "dbt", "dbt_version": "1.10.4", "profile_name": "kalshi_pipeline", "target_name": "dev", "node_id": "model.kalshi_pipeline.stg_forecast"} */

  
    
    

    create  table
      "kalshi"."main"."stg_forecast__dbt_tmp"
  
    as (
      SELECT
    CAST(time AS TIMESTAMP) AS forecast_timestamp,
    CAST(time AS DATE) AS forecast_date,
    temperature_2m_previous_day1 AS forecast_temp_previous_day1
FROM '../data/raw_forecast_previous_day1.parquet'
    );
  
  
[0m22:45:16.813233 [debug] [Thread-1 (]: SQL status: OK in 0.003 seconds
[0m22:45:16.815613 [debug] [Thread-1 (]: Using duckdb connection "model.kalshi_pipeline.stg_forecast"
[0m22:45:16.815763 [debug] [Thread-1 (]: On model.kalshi_pipeline.stg_forecast: /* {"app": "dbt", "dbt_version": "1.10.4", "profile_name": "kalshi_pipeline", "target_name": "dev", "node_id": "model.kalshi_pipeline.stg_forecast"} */

    SELECT index_name
    FROM duckdb_indexes()
    WHERE schema_name = 'main'
      AND table_name = 'stg_forecast'
  
[0m22:45:16.816120 [debug] [Thread-1 (]: SQL status: OK in 0.000 seconds
[0m22:45:16.816617 [debug] [Thread-1 (]: Using duckdb connection "model.kalshi_pipeline.stg_forecast"
[0m22:45:16.816763 [debug] [Thread-1 (]: On model.kalshi_pipeline.stg_forecast: /* {"app": "dbt", "dbt_version": "1.10.4", "profile_name": "kalshi_pipeline", "target_name": "dev", "node_id": "model.kalshi_pipeline.stg_forecast"} */

    SELECT COUNT(*) as remaining_indexes
    FROM duckdb_indexes()
    WHERE schema_name = 'main'
      AND table_name = 'stg_forecast'
  
[0m22:45:16.817088 [debug] [Thread-1 (]: SQL status: OK in 0.000 seconds
[0m22:45:16.819660 [debug] [Thread-1 (]: Using duckdb connection "model.kalshi_pipeline.stg_forecast"
[0m22:45:16.819817 [debug] [Thread-1 (]: On model.kalshi_pipeline.stg_forecast: /* {"app": "dbt", "dbt_version": "1.10.4", "profile_name": "kalshi_pipeline", "target_name": "dev", "node_id": "model.kalshi_pipeline.stg_forecast"} */
alter table "kalshi"."main"."stg_forecast" rename to "stg_forecast__dbt_backup"
[0m22:45:16.820074 [debug] [Thread-1 (]: SQL status: OK in 0.000 seconds
[0m22:45:16.821909 [debug] [Thread-1 (]: Using duckdb connection "model.kalshi_pipeline.stg_forecast"
[0m22:45:16.822062 [debug] [Thread-1 (]: On model.kalshi_pipeline.stg_forecast: /* {"app": "dbt", "dbt_version": "1.10.4", "profile_name": "kalshi_pipeline", "target_name": "dev", "node_id": "model.kalshi_pipeline.stg_forecast"} */
alter table "kalshi"."main"."stg_forecast__dbt_tmp" rename to "stg_forecast"
[0m22:45:16.822290 [debug] [Thread-1 (]: SQL status: OK in 0.000 seconds
[0m22:45:16.828067 [debug] [Thread-1 (]: On model.kalshi_pipeline.stg_forecast: COMMIT
[0m22:45:16.828224 [debug] [Thread-1 (]: Using duckdb connection "model.kalshi_pipeline.stg_forecast"
[0m22:45:16.828362 [debug] [Thread-1 (]: On model.kalshi_pipeline.stg_forecast: COMMIT
[0m22:45:16.829131 [debug] [Thread-1 (]: SQL status: OK in 0.001 seconds
[0m22:45:16.831111 [debug] [Thread-1 (]: Using duckdb connection "model.kalshi_pipeline.stg_forecast"
[0m22:45:16.831261 [debug] [Thread-1 (]: On model.kalshi_pipeline.stg_forecast: /* {"app": "dbt", "dbt_version": "1.10.4", "profile_name": "kalshi_pipeline", "target_name": "dev", "node_id": "model.kalshi_pipeline.stg_forecast"} */

      drop table if exists "kalshi"."main"."stg_forecast__dbt_backup" cascade
    
[0m22:45:16.831567 [debug] [Thread-1 (]: SQL status: OK in 0.000 seconds
[0m22:45:16.832484 [debug] [Thread-1 (]: On model.kalshi_pipeline.stg_forecast: Close
[0m22:45:16.833344 [debug] [Thread-1 (]: Sending event: {'category': 'dbt', 'action': 'run_model', 'label': '213a21ba-90dd-41ff-9883-5726e9aba131', 'context': [<snowplow_tracker.self_describing_json.SelfDescribingJson object at 0x11132b320>]}
[0m22:45:16.833610 [info ] [Thread-1 (]: 1 of 4 OK created sql table model main.stg_forecast ............................ [[32mOK[0m in 0.04s]
[0m22:45:16.833850 [debug] [Thread-1 (]: Finished running node model.kalshi_pipeline.stg_forecast
[0m22:45:16.834018 [debug] [Thread-1 (]: Began running node model.kalshi_pipeline.stg_noaa
[0m22:45:16.834230 [info ] [Thread-1 (]: 2 of 4 START sql table model main.stg_noaa ..................................... [RUN]
[0m22:45:16.834416 [debug] [Thread-1 (]: Re-using an available connection from the pool (formerly model.kalshi_pipeline.stg_forecast, now model.kalshi_pipeline.stg_noaa)
[0m22:45:16.834565 [debug] [Thread-1 (]: Began compiling node model.kalshi_pipeline.stg_noaa
[0m22:45:16.835581 [debug] [Thread-1 (]: Writing injected SQL for node "model.kalshi_pipeline.stg_noaa"
[0m22:45:16.835826 [debug] [Thread-1 (]: Began executing node model.kalshi_pipeline.stg_noaa
[0m22:45:16.837048 [debug] [Thread-1 (]: Writing runtime sql for node "model.kalshi_pipeline.stg_noaa"
[0m22:45:16.837312 [debug] [Thread-1 (]: Using duckdb connection "model.kalshi_pipeline.stg_noaa"
[0m22:45:16.837447 [debug] [Thread-1 (]: On model.kalshi_pipeline.stg_noaa: BEGIN
[0m22:45:16.837574 [debug] [Thread-1 (]: Opening a new connection, currently in state closed
[0m22:45:16.837800 [debug] [Thread-1 (]: SQL status: OK in 0.000 seconds
[0m22:45:16.837936 [debug] [Thread-1 (]: Using duckdb connection "model.kalshi_pipeline.stg_noaa"
[0m22:45:16.838073 [debug] [Thread-1 (]: On model.kalshi_pipeline.stg_noaa: /* {"app": "dbt", "dbt_version": "1.10.4", "profile_name": "kalshi_pipeline", "target_name": "dev", "node_id": "model.kalshi_pipeline.stg_noaa"} */

  
    
    

    create  table
      "kalshi"."main"."stg_noaa__dbt_tmp"
  
    as (
      SELECT
    CAST(DATE AS DATE) AS weather_date,
    TMAX AS official_high_temp
FROM '../data/raw_noaa_daily_high.parquet'
    );
  
  
[0m22:45:16.838969 [debug] [Thread-1 (]: SQL status: OK in 0.001 seconds
[0m22:45:16.839408 [debug] [Thread-1 (]: Using duckdb connection "model.kalshi_pipeline.stg_noaa"
[0m22:45:16.839548 [debug] [Thread-1 (]: On model.kalshi_pipeline.stg_noaa: /* {"app": "dbt", "dbt_version": "1.10.4", "profile_name": "kalshi_pipeline", "target_name": "dev", "node_id": "model.kalshi_pipeline.stg_noaa"} */

    SELECT index_name
    FROM duckdb_indexes()
    WHERE schema_name = 'main'
      AND table_name = 'stg_noaa'
  
[0m22:45:16.839876 [debug] [Thread-1 (]: SQL status: OK in 0.000 seconds
[0m22:45:16.840478 [debug] [Thread-1 (]: Using duckdb connection "model.kalshi_pipeline.stg_noaa"
[0m22:45:16.840651 [debug] [Thread-1 (]: On model.kalshi_pipeline.stg_noaa: /* {"app": "dbt", "dbt_version": "1.10.4", "profile_name": "kalshi_pipeline", "target_name": "dev", "node_id": "model.kalshi_pipeline.stg_noaa"} */

    SELECT COUNT(*) as remaining_indexes
    FROM duckdb_indexes()
    WHERE schema_name = 'main'
      AND table_name = 'stg_noaa'
  
[0m22:45:16.841028 [debug] [Thread-1 (]: SQL status: OK in 0.000 seconds
[0m22:45:16.842310 [debug] [Thread-1 (]: Using duckdb connection "model.kalshi_pipeline.stg_noaa"
[0m22:45:16.842456 [debug] [Thread-1 (]: On model.kalshi_pipeline.stg_noaa: /* {"app": "dbt", "dbt_version": "1.10.4", "profile_name": "kalshi_pipeline", "target_name": "dev", "node_id": "model.kalshi_pipeline.stg_noaa"} */
alter table "kalshi"."main"."stg_noaa" rename to "stg_noaa__dbt_backup"
[0m22:45:16.842775 [debug] [Thread-1 (]: SQL status: OK in 0.000 seconds
[0m22:45:16.844004 [debug] [Thread-1 (]: Using duckdb connection "model.kalshi_pipeline.stg_noaa"
[0m22:45:16.844149 [debug] [Thread-1 (]: On model.kalshi_pipeline.stg_noaa: /* {"app": "dbt", "dbt_version": "1.10.4", "profile_name": "kalshi_pipeline", "target_name": "dev", "node_id": "model.kalshi_pipeline.stg_noaa"} */
alter table "kalshi"."main"."stg_noaa__dbt_tmp" rename to "stg_noaa"
[0m22:45:16.844418 [debug] [Thread-1 (]: SQL status: OK in 0.000 seconds
[0m22:45:16.845049 [debug] [Thread-1 (]: On model.kalshi_pipeline.stg_noaa: COMMIT
[0m22:45:16.845180 [debug] [Thread-1 (]: Using duckdb connection "model.kalshi_pipeline.stg_noaa"
[0m22:45:16.845303 [debug] [Thread-1 (]: On model.kalshi_pipeline.stg_noaa: COMMIT
[0m22:45:16.845673 [debug] [Thread-1 (]: SQL status: OK in 0.000 seconds
[0m22:45:16.846515 [debug] [Thread-1 (]: Using duckdb connection "model.kalshi_pipeline.stg_noaa"
[0m22:45:16.846667 [debug] [Thread-1 (]: On model.kalshi_pipeline.stg_noaa: /* {"app": "dbt", "dbt_version": "1.10.4", "profile_name": "kalshi_pipeline", "target_name": "dev", "node_id": "model.kalshi_pipeline.stg_noaa"} */

      drop table if exists "kalshi"."main"."stg_noaa__dbt_backup" cascade
    
[0m22:45:16.846997 [debug] [Thread-1 (]: SQL status: OK in 0.000 seconds
[0m22:45:16.847485 [debug] [Thread-1 (]: On model.kalshi_pipeline.stg_noaa: Close
[0m22:45:16.847697 [debug] [Thread-1 (]: Sending event: {'category': 'dbt', 'action': 'run_model', 'label': '213a21ba-90dd-41ff-9883-5726e9aba131', 'context': [<snowplow_tracker.self_describing_json.SelfDescribingJson object at 0x113129e50>]}
[0m22:45:16.847925 [info ] [Thread-1 (]: 2 of 4 OK created sql table model main.stg_noaa ................................ [[32mOK[0m in 0.01s]
[0m22:45:16.848153 [debug] [Thread-1 (]: Finished running node model.kalshi_pipeline.stg_noaa
[0m22:45:16.848317 [debug] [Thread-1 (]: Began running node model.kalshi_pipeline.stg_weather
[0m22:45:16.848516 [info ] [Thread-1 (]: 3 of 4 START sql table model main.stg_weather .................................. [RUN]
[0m22:45:16.848688 [debug] [Thread-1 (]: Re-using an available connection from the pool (formerly model.kalshi_pipeline.stg_noaa, now model.kalshi_pipeline.stg_weather)
[0m22:45:16.848834 [debug] [Thread-1 (]: Began compiling node model.kalshi_pipeline.stg_weather
[0m22:45:16.849973 [debug] [Thread-1 (]: Writing injected SQL for node "model.kalshi_pipeline.stg_weather"
[0m22:45:16.850267 [debug] [Thread-1 (]: Began executing node model.kalshi_pipeline.stg_weather
[0m22:45:16.851521 [debug] [Thread-1 (]: Writing runtime sql for node "model.kalshi_pipeline.stg_weather"
[0m22:45:16.851786 [debug] [Thread-1 (]: Using duckdb connection "model.kalshi_pipeline.stg_weather"
[0m22:45:16.851924 [debug] [Thread-1 (]: On model.kalshi_pipeline.stg_weather: BEGIN
[0m22:45:16.852062 [debug] [Thread-1 (]: Opening a new connection, currently in state closed
[0m22:45:16.852310 [debug] [Thread-1 (]: SQL status: OK in 0.000 seconds
[0m22:45:16.852444 [debug] [Thread-1 (]: Using duckdb connection "model.kalshi_pipeline.stg_weather"
[0m22:45:16.852590 [debug] [Thread-1 (]: On model.kalshi_pipeline.stg_weather: /* {"app": "dbt", "dbt_version": "1.10.4", "profile_name": "kalshi_pipeline", "target_name": "dev", "node_id": "model.kalshi_pipeline.stg_weather"} */

  
    
    

    create  table
      "kalshi"."main"."stg_weather__dbt_tmp"
  
    as (
      SELECT
    CAST(time AS TIMESTAMP) AS weather_timestamp,
    CAST(time AS DATE) AS weather_date,
    EXTRACT(HOUR FROM CAST(time AS TIMESTAMP)) AS hour_of_day,
    temperature_2m AS temp_f,
    relative_humidity_2m AS humidity,
    cloud_cover,
    precipitation
FROM '../data/raw_central_park_weather.parquet'
    );
  
  
[0m22:45:16.856359 [debug] [Thread-1 (]: SQL status: OK in 0.004 seconds
[0m22:45:16.856925 [debug] [Thread-1 (]: Using duckdb connection "model.kalshi_pipeline.stg_weather"
[0m22:45:16.857109 [debug] [Thread-1 (]: On model.kalshi_pipeline.stg_weather: /* {"app": "dbt", "dbt_version": "1.10.4", "profile_name": "kalshi_pipeline", "target_name": "dev", "node_id": "model.kalshi_pipeline.stg_weather"} */

    SELECT index_name
    FROM duckdb_indexes()
    WHERE schema_name = 'main'
      AND table_name = 'stg_weather'
  
[0m22:45:16.857605 [debug] [Thread-1 (]: SQL status: OK in 0.000 seconds
[0m22:45:16.858414 [debug] [Thread-1 (]: Using duckdb connection "model.kalshi_pipeline.stg_weather"
[0m22:45:16.858566 [debug] [Thread-1 (]: On model.kalshi_pipeline.stg_weather: /* {"app": "dbt", "dbt_version": "1.10.4", "profile_name": "kalshi_pipeline", "target_name": "dev", "node_id": "model.kalshi_pipeline.stg_weather"} */

    SELECT COUNT(*) as remaining_indexes
    FROM duckdb_indexes()
    WHERE schema_name = 'main'
      AND table_name = 'stg_weather'
  
[0m22:45:16.859075 [debug] [Thread-1 (]: SQL status: OK in 0.000 seconds
[0m22:45:16.860553 [debug] [Thread-1 (]: Using duckdb connection "model.kalshi_pipeline.stg_weather"
[0m22:45:16.860726 [debug] [Thread-1 (]: On model.kalshi_pipeline.stg_weather: /* {"app": "dbt", "dbt_version": "1.10.4", "profile_name": "kalshi_pipeline", "target_name": "dev", "node_id": "model.kalshi_pipeline.stg_weather"} */
alter table "kalshi"."main"."stg_weather" rename to "stg_weather__dbt_backup"
[0m22:45:16.861017 [debug] [Thread-1 (]: SQL status: OK in 0.000 seconds
[0m22:45:16.862000 [debug] [Thread-1 (]: Using duckdb connection "model.kalshi_pipeline.stg_weather"
[0m22:45:16.862137 [debug] [Thread-1 (]: On model.kalshi_pipeline.stg_weather: /* {"app": "dbt", "dbt_version": "1.10.4", "profile_name": "kalshi_pipeline", "target_name": "dev", "node_id": "model.kalshi_pipeline.stg_weather"} */
alter table "kalshi"."main"."stg_weather__dbt_tmp" rename to "stg_weather"
[0m22:45:16.863132 [debug] [Thread-1 (]: SQL status: OK in 0.000 seconds
[0m22:45:16.863754 [debug] [Thread-1 (]: On model.kalshi_pipeline.stg_weather: COMMIT
[0m22:45:16.863891 [debug] [Thread-1 (]: Using duckdb connection "model.kalshi_pipeline.stg_weather"
[0m22:45:16.864012 [debug] [Thread-1 (]: On model.kalshi_pipeline.stg_weather: COMMIT
[0m22:45:16.864920 [debug] [Thread-1 (]: SQL status: OK in 0.001 seconds
[0m22:45:16.889957 [debug] [Thread-1 (]: Using duckdb connection "model.kalshi_pipeline.stg_weather"
[0m22:45:16.890206 [debug] [Thread-1 (]: On model.kalshi_pipeline.stg_weather: /* {"app": "dbt", "dbt_version": "1.10.4", "profile_name": "kalshi_pipeline", "target_name": "dev", "node_id": "model.kalshi_pipeline.stg_weather"} */

      drop table if exists "kalshi"."main"."stg_weather__dbt_backup" cascade
    
[0m22:45:16.890810 [debug] [Thread-1 (]: SQL status: OK in 0.000 seconds
[0m22:45:16.891389 [debug] [Thread-1 (]: On model.kalshi_pipeline.stg_weather: Close
[0m22:45:16.891630 [debug] [Thread-1 (]: Sending event: {'category': 'dbt', 'action': 'run_model', 'label': '213a21ba-90dd-41ff-9883-5726e9aba131', 'context': [<snowplow_tracker.self_describing_json.SelfDescribingJson object at 0x111b32ae0>]}
[0m22:45:16.891894 [info ] [Thread-1 (]: 3 of 4 OK created sql table model main.stg_weather ............................. [[32mOK[0m in 0.04s]
[0m22:45:16.892151 [debug] [Thread-1 (]: Finished running node model.kalshi_pipeline.stg_weather
[0m22:45:16.892527 [debug] [Thread-1 (]: Began running node model.kalshi_pipeline.fct_kalshi_features
[0m22:45:16.892784 [info ] [Thread-1 (]: 4 of 4 START sql table model main.fct_kalshi_features .......................... [RUN]
[0m22:45:16.892993 [debug] [Thread-1 (]: Re-using an available connection from the pool (formerly model.kalshi_pipeline.stg_weather, now model.kalshi_pipeline.fct_kalshi_features)
[0m22:45:16.893141 [debug] [Thread-1 (]: Began compiling node model.kalshi_pipeline.fct_kalshi_features
[0m22:45:16.894461 [debug] [Thread-1 (]: Writing injected SQL for node "model.kalshi_pipeline.fct_kalshi_features"
[0m22:45:16.895013 [debug] [Thread-1 (]: Began executing node model.kalshi_pipeline.fct_kalshi_features
[0m22:45:16.896228 [debug] [Thread-1 (]: Writing runtime sql for node "model.kalshi_pipeline.fct_kalshi_features"
[0m22:45:16.896515 [debug] [Thread-1 (]: Using duckdb connection "model.kalshi_pipeline.fct_kalshi_features"
[0m22:45:16.896652 [debug] [Thread-1 (]: On model.kalshi_pipeline.fct_kalshi_features: BEGIN
[0m22:45:16.896781 [debug] [Thread-1 (]: Opening a new connection, currently in state closed
[0m22:45:16.897050 [debug] [Thread-1 (]: SQL status: OK in 0.000 seconds
[0m22:45:16.897190 [debug] [Thread-1 (]: Using duckdb connection "model.kalshi_pipeline.fct_kalshi_features"
[0m22:45:16.897354 [debug] [Thread-1 (]: On model.kalshi_pipeline.fct_kalshi_features: /* {"app": "dbt", "dbt_version": "1.10.4", "profile_name": "kalshi_pipeline", "target_name": "dev", "node_id": "model.kalshi_pipeline.fct_kalshi_features"} */

  
    
    

    create  table
      "kalshi"."main"."fct_kalshi_features__dbt_tmp"
  
    as (
      WITH hourly_data AS (
    SELECT * FROM "kalshi"."main"."stg_weather"
),

forecast_data AS (
    SELECT * FROM "kalshi"."main"."stg_forecast"
),

noaa_data AS (
    SELECT * FROM "kalshi"."main"."stg_noaa"
),

morning_features AS (
    SELECT
        weather_date,
        temp_f AS morning_temp_11am,
        cloud_cover AS morning_cloud_cover_11am
    FROM hourly_data
    WHERE hour_of_day = 11
),

daily_forecast AS (
    SELECT
        forecast_date,
        MAX(forecast_temp_previous_day1) AS forecast_high_previous_day1
    FROM forecast_data
    GROUP BY forecast_date
)

SELECT
    n.weather_date,
    n.official_high_temp AS target_high_temp,
    m.morning_temp_11am,
    m.morning_cloud_cover_11am,
    LAG(n.official_high_temp) OVER (ORDER BY n.weather_date) AS yesterday_high_temp,
    f.forecast_high_previous_day1
FROM noaa_data n
JOIN morning_features m
    ON n.weather_date = m.weather_date
JOIN daily_forecast f
    ON n.weather_date = f.forecast_date
ORDER BY n.weather_date DESC
    );
  
  
[0m22:45:16.902198 [debug] [Thread-1 (]: SQL status: OK in 0.005 seconds
[0m22:45:16.902692 [debug] [Thread-1 (]: Using duckdb connection "model.kalshi_pipeline.fct_kalshi_features"
[0m22:45:16.902837 [debug] [Thread-1 (]: On model.kalshi_pipeline.fct_kalshi_features: /* {"app": "dbt", "dbt_version": "1.10.4", "profile_name": "kalshi_pipeline", "target_name": "dev", "node_id": "model.kalshi_pipeline.fct_kalshi_features"} */

    SELECT index_name
    FROM duckdb_indexes()
    WHERE schema_name = 'main'
      AND table_name = 'fct_kalshi_features'
  
[0m22:45:16.903208 [debug] [Thread-1 (]: SQL status: OK in 0.000 seconds
[0m22:45:16.903752 [debug] [Thread-1 (]: Using duckdb connection "model.kalshi_pipeline.fct_kalshi_features"
[0m22:45:16.903907 [debug] [Thread-1 (]: On model.kalshi_pipeline.fct_kalshi_features: /* {"app": "dbt", "dbt_version": "1.10.4", "profile_name": "kalshi_pipeline", "target_name": "dev", "node_id": "model.kalshi_pipeline.fct_kalshi_features"} */

    SELECT COUNT(*) as remaining_indexes
    FROM duckdb_indexes()
    WHERE schema_name = 'main'
      AND table_name = 'fct_kalshi_features'
  
[0m22:45:16.904232 [debug] [Thread-1 (]: SQL status: OK in 0.000 seconds
[0m22:45:16.905371 [debug] [Thread-1 (]: Using duckdb connection "model.kalshi_pipeline.fct_kalshi_features"
[0m22:45:16.905511 [debug] [Thread-1 (]: On model.kalshi_pipeline.fct_kalshi_features: /* {"app": "dbt", "dbt_version": "1.10.4", "profile_name": "kalshi_pipeline", "target_name": "dev", "node_id": "model.kalshi_pipeline.fct_kalshi_features"} */
alter table "kalshi"."main"."fct_kalshi_features" rename to "fct_kalshi_features__dbt_backup"
[0m22:45:16.905759 [debug] [Thread-1 (]: SQL status: OK in 0.000 seconds
[0m22:45:16.906808 [debug] [Thread-1 (]: Using duckdb connection "model.kalshi_pipeline.fct_kalshi_features"
[0m22:45:16.906954 [debug] [Thread-1 (]: On model.kalshi_pipeline.fct_kalshi_features: /* {"app": "dbt", "dbt_version": "1.10.4", "profile_name": "kalshi_pipeline", "target_name": "dev", "node_id": "model.kalshi_pipeline.fct_kalshi_features"} */
alter table "kalshi"."main"."fct_kalshi_features__dbt_tmp" rename to "fct_kalshi_features"
[0m22:45:16.907179 [debug] [Thread-1 (]: SQL status: OK in 0.000 seconds
[0m22:45:16.907902 [debug] [Thread-1 (]: On model.kalshi_pipeline.fct_kalshi_features: COMMIT
[0m22:45:16.908043 [debug] [Thread-1 (]: Using duckdb connection "model.kalshi_pipeline.fct_kalshi_features"
[0m22:45:16.908184 [debug] [Thread-1 (]: On model.kalshi_pipeline.fct_kalshi_features: COMMIT
[0m22:45:16.908601 [debug] [Thread-1 (]: SQL status: OK in 0.000 seconds
[0m22:45:16.909479 [debug] [Thread-1 (]: Using duckdb connection "model.kalshi_pipeline.fct_kalshi_features"
[0m22:45:16.909629 [debug] [Thread-1 (]: On model.kalshi_pipeline.fct_kalshi_features: /* {"app": "dbt", "dbt_version": "1.10.4", "profile_name": "kalshi_pipeline", "target_name": "dev", "node_id": "model.kalshi_pipeline.fct_kalshi_features"} */

      drop table if exists "kalshi"."main"."fct_kalshi_features__dbt_backup" cascade
    
[0m22:45:16.909941 [debug] [Thread-1 (]: SQL status: OK in 0.000 seconds
[0m22:45:16.910408 [debug] [Thread-1 (]: On model.kalshi_pipeline.fct_kalshi_features: Close
[0m22:45:16.910643 [debug] [Thread-1 (]: Sending event: {'category': 'dbt', 'action': 'run_model', 'label': '213a21ba-90dd-41ff-9883-5726e9aba131', 'context': [<snowplow_tracker.self_describing_json.SelfDescribingJson object at 0x11285d2b0>]}
[0m22:45:16.910892 [info ] [Thread-1 (]: 4 of 4 OK created sql table model main.fct_kalshi_features ..................... [[32mOK[0m in 0.02s]
[0m22:45:16.911127 [debug] [Thread-1 (]: Finished running node model.kalshi_pipeline.fct_kalshi_features
[0m22:45:16.911606 [debug] [MainThread]: Using duckdb connection "master"
[0m22:45:16.911757 [debug] [MainThread]: On master: BEGIN
[0m22:45:16.911876 [debug] [MainThread]: Opening a new connection, currently in state closed
[0m22:45:16.912097 [debug] [MainThread]: SQL status: OK in 0.000 seconds
[0m22:45:16.912224 [debug] [MainThread]: On master: COMMIT
[0m22:45:16.912344 [debug] [MainThread]: Using duckdb connection "master"
[0m22:45:16.912454 [debug] [MainThread]: On master: COMMIT
[0m22:45:16.912612 [debug] [MainThread]: SQL status: OK in 0.000 seconds
[0m22:45:16.912740 [debug] [MainThread]: On master: Close
[0m22:45:16.912900 [debug] [MainThread]: Connection 'master' was properly closed.
[0m22:45:16.913009 [debug] [MainThread]: Connection 'model.kalshi_pipeline.fct_kalshi_features' was properly closed.
[0m22:45:16.913150 [info ] [MainThread]: 
[0m22:45:16.913294 [info ] [MainThread]: Finished running 4 table models in 0 hours 0 minutes and 0.17 seconds (0.17s).
[0m22:45:16.913702 [debug] [MainThread]: Command end result
[0m22:45:16.922507 [debug] [MainThread]: Wrote artifact WritableManifest to /Users/allisonfung/weather/kalshi_pipeline/target/manifest.json
[0m22:45:16.923348 [debug] [MainThread]: Wrote artifact SemanticManifest to /Users/allisonfung/weather/kalshi_pipeline/target/semantic_manifest.json
[0m22:45:16.925898 [debug] [MainThread]: Wrote artifact RunExecutionResult to /Users/allisonfung/weather/kalshi_pipeline/target/run_results.json
[0m22:45:16.926047 [info ] [MainThread]: 
[0m22:45:16.926241 [info ] [MainThread]: [32mCompleted successfully[0m
[0m22:45:16.926394 [info ] [MainThread]: 
[0m22:45:16.926542 [info ] [MainThread]: Done. PASS=4 WARN=0 ERROR=0 SKIP=0 NO-OP=0 TOTAL=4
[0m22:45:16.928406 [debug] [MainThread]: Resource report: {"command_name": "run", "command_success": true, "command_wall_clock_time": 0.5731685, "process_in_blocks": "0", "process_kernel_time": 0.15808, "process_mem_max_rss": "166002688", "process_out_blocks": "0", "process_user_time": 0.997795}
[0m22:45:16.928599 [debug] [MainThread]: Command `dbt run` succeeded at 22:45:16.928567 after 0.57 seconds
[0m22:45:16.928761 [debug] [MainThread]: Sending event: {'category': 'dbt', 'action': 'invocation', 'label': 'end', 'context': [<snowplow_tracker.self_describing_json.SelfDescribingJson object at 0x1113c48c0>, <snowplow_tracker.self_describing_json.SelfDescribingJson object at 0x110f09490>, <snowplow_tracker.self_describing_json.SelfDescribingJson object at 0x11329d610>]}
[0m22:45:16.928910 [debug] [MainThread]: Flushing usage events
[0m22:45:17.046733 [debug] [MainThread]: An error was encountered while trying to flush usage events
[0m23:07:32.631593 [debug] [MainThread]: Sending event: {'category': 'dbt', 'action': 'invocation', 'label': 'start', 'context': [<snowplow_tracker.self_describing_json.SelfDescribingJson object at 0x1250d5220>, <snowplow_tracker.self_describing_json.SelfDescribingJson object at 0x1244a4ec0>, <snowplow_tracker.self_describing_json.SelfDescribingJson object at 0x1244a4e90>]}


============================== 23:07:32.634156 | 9d0abe8c-8576-4244-bd5b-f04e83a56d29 ==============================
[0m23:07:32.634156 [info ] [MainThread]: Running with dbt=1.10.4
[0m23:07:32.634442 [debug] [MainThread]: running dbt with arguments {'printer_width': '80', 'indirect_selection': 'eager', 'write_json': 'True', 'log_cache_events': 'False', 'partial_parse': 'True', 'cache_selected_only': 'False', 'profiles_dir': '.', 'fail_fast': 'False', 'debug': 'False', 'log_path': '/Users/allisonfung/weather/kalshi_pipeline/logs', 'version_check': 'True', 'warn_error': 'None', 'use_colors': 'True', 'use_experimental_parser': 'False', 'no_print': 'None', 'quiet': 'False', 'empty': 'False', 'warn_error_options': 'WarnErrorOptionsV2(error=[], warn=[], silence=[])', 'static_parser': 'True', 'log_format': 'default', 'invocation_command': 'dbt run --profiles-dir .', 'target_path': 'None', 'introspect': 'True', 'send_anonymous_usage_stats': 'True'}
[0m23:07:32.787558 [debug] [MainThread]: Sending event: {'category': 'dbt', 'action': 'project_id', 'label': '9d0abe8c-8576-4244-bd5b-f04e83a56d29', 'context': [<snowplow_tracker.self_describing_json.SelfDescribingJson object at 0x1255d38c0>]}
[0m23:07:32.809297 [debug] [MainThread]: Sending event: {'category': 'dbt', 'action': 'adapter_info', 'label': '9d0abe8c-8576-4244-bd5b-f04e83a56d29', 'context': [<snowplow_tracker.self_describing_json.SelfDescribingJson object at 0x124471730>]}
[0m23:07:32.810339 [info ] [MainThread]: Registered adapter: duckdb=1.10.0
[0m23:07:32.852975 [debug] [MainThread]: checksum: 073cb5a296270136b24f9c040fdebd0642ef9c263903ef463bfe7e190c538da2, vars: {}, profile: , target: , version: 1.10.4
[0m23:07:32.906341 [debug] [MainThread]: Partial parsing enabled: 1 files deleted, 2 files added, 1 files changed.
[0m23:07:32.906603 [debug] [MainThread]: Partial parsing: added file: kalshi_pipeline://models/models/fct_citibike_weather_impact.sql
[0m23:07:32.906746 [debug] [MainThread]: Partial parsing: added file: kalshi_pipeline://models/stg_citibike.sql
[0m23:07:32.906990 [debug] [MainThread]: Partial parsing: updated file: kalshi_pipeline://models/sources.yml
[0m23:07:32.907117 [debug] [MainThread]: Partial parsing: deleted file: kalshi_pipeline://models/fct_kalshi_features.sql
[0m23:07:33.019465 [error] [MainThread]: Encountered an error:
Compilation Error
  Model 'model.kalshi_pipeline.stg_citibike' (models/stg_citibike.sql) depends on a source named 'raw_data.citibike_jan2024' which was not found
[0m23:07:33.021588 [debug] [MainThread]: Resource report: {"command_name": "run", "command_success": false, "command_wall_clock_time": 0.42092183, "process_in_blocks": "0", "process_kernel_time": 0.139284, "process_mem_max_rss": "142082048", "process_out_blocks": "0", "process_user_time": 0.834169}
[0m23:07:33.021848 [debug] [MainThread]: Command `dbt run` failed at 23:07:33.021804 after 0.42 seconds
[0m23:07:33.022039 [debug] [MainThread]: Sending event: {'category': 'dbt', 'action': 'invocation', 'label': 'end', 'context': [<snowplow_tracker.self_describing_json.SelfDescribingJson object at 0x125542840>, <snowplow_tracker.self_describing_json.SelfDescribingJson object at 0x125957440>, <snowplow_tracker.self_describing_json.SelfDescribingJson object at 0x125e4da00>]}
[0m23:07:33.022202 [debug] [MainThread]: Flushing usage events
[0m23:07:33.256245 [debug] [MainThread]: An error was encountered while trying to flush usage events
[0m23:08:09.202811 [debug] [MainThread]: Sending event: {'category': 'dbt', 'action': 'invocation', 'label': 'start', 'context': [<snowplow_tracker.self_describing_json.SelfDescribingJson object at 0x115ba1700>, <snowplow_tracker.self_describing_json.SelfDescribingJson object at 0x1155a4a10>, <snowplow_tracker.self_describing_json.SelfDescribingJson object at 0x1155a4fb0>]}


============================== 23:08:09.205951 | b0a04fa0-fafa-4e8c-8cc4-2817df57199e ==============================
[0m23:08:09.205951 [info ] [MainThread]: Running with dbt=1.10.4
[0m23:08:09.206265 [debug] [MainThread]: running dbt with arguments {'printer_width': '80', 'indirect_selection': 'eager', 'write_json': 'True', 'log_cache_events': 'False', 'partial_parse': 'True', 'cache_selected_only': 'False', 'warn_error': 'None', 'version_check': 'True', 'debug': 'False', 'log_path': '/Users/allisonfung/weather/kalshi_pipeline/logs', 'profiles_dir': '.', 'fail_fast': 'False', 'use_colors': 'True', 'use_experimental_parser': 'False', 'no_print': 'None', 'quiet': 'False', 'empty': 'False', 'warn_error_options': 'WarnErrorOptionsV2(error=[], warn=[], silence=[])', 'invocation_command': 'dbt run --profiles-dir .', 'static_parser': 'True', 'introspect': 'True', 'target_path': 'None', 'log_format': 'default', 'send_anonymous_usage_stats': 'True'}
[0m23:08:09.350623 [debug] [MainThread]: Sending event: {'category': 'dbt', 'action': 'project_id', 'label': 'b0a04fa0-fafa-4e8c-8cc4-2817df57199e', 'context': [<snowplow_tracker.self_describing_json.SelfDescribingJson object at 0x106f077d0>]}
[0m23:08:09.372044 [debug] [MainThread]: Sending event: {'category': 'dbt', 'action': 'adapter_info', 'label': 'b0a04fa0-fafa-4e8c-8cc4-2817df57199e', 'context': [<snowplow_tracker.self_describing_json.SelfDescribingJson object at 0x116a31eb0>]}
[0m23:08:09.373486 [info ] [MainThread]: Registered adapter: duckdb=1.10.0
[0m23:08:09.418927 [debug] [MainThread]: checksum: 073cb5a296270136b24f9c040fdebd0642ef9c263903ef463bfe7e190c538da2, vars: {}, profile: , target: , version: 1.10.4
[0m23:08:09.470704 [debug] [MainThread]: Partial parsing enabled: 1 files deleted, 2 files added, 1 files changed.
[0m23:08:09.470979 [debug] [MainThread]: Partial parsing: added file: kalshi_pipeline://models/stg_citibike.sql
[0m23:08:09.471122 [debug] [MainThread]: Partial parsing: added file: kalshi_pipeline://models/fct_citibike_weather_impact.sql
[0m23:08:09.471368 [debug] [MainThread]: Partial parsing: updated file: kalshi_pipeline://models/sources.yml
[0m23:08:09.471494 [debug] [MainThread]: Partial parsing: deleted file: kalshi_pipeline://models/fct_kalshi_features.sql
[0m23:08:09.580802 [error] [MainThread]: Encountered an error:
Compilation Error
  Model 'model.kalshi_pipeline.stg_citibike' (models/stg_citibike.sql) depends on a source named 'raw_data.citibike_jan2024' which was not found
[0m23:08:09.583806 [debug] [MainThread]: Resource report: {"command_name": "run", "command_success": false, "command_wall_clock_time": 0.4105193, "process_in_blocks": "0", "process_kernel_time": 0.129793, "process_mem_max_rss": "140181504", "process_out_blocks": "0", "process_user_time": 0.811917}
[0m23:08:09.584047 [debug] [MainThread]: Command `dbt run` failed at 23:08:09.584008 after 0.41 seconds
[0m23:08:09.584237 [debug] [MainThread]: Sending event: {'category': 'dbt', 'action': 'invocation', 'label': 'end', 'context': [<snowplow_tracker.self_describing_json.SelfDescribingJson object at 0x115ba1700>, <snowplow_tracker.self_describing_json.SelfDescribingJson object at 0x117898620>, <snowplow_tracker.self_describing_json.SelfDescribingJson object at 0x1042e7500>]}
[0m23:08:09.584391 [debug] [MainThread]: Flushing usage events
[0m23:08:09.706974 [debug] [MainThread]: An error was encountered while trying to flush usage events
[0m23:09:57.710921 [debug] [MainThread]: Sending event: {'category': 'dbt', 'action': 'invocation', 'label': 'start', 'context': [<snowplow_tracker.self_describing_json.SelfDescribingJson object at 0x106c0be90>, <snowplow_tracker.self_describing_json.SelfDescribingJson object at 0x1065f0fe0>, <snowplow_tracker.self_describing_json.SelfDescribingJson object at 0x1065f0ef0>]}


============================== 23:09:57.714113 | 0a785bfe-2e9d-4066-8aab-39e0fc41f0f9 ==============================
[0m23:09:57.714113 [info ] [MainThread]: Running with dbt=1.10.4
[0m23:09:57.714384 [debug] [MainThread]: running dbt with arguments {'printer_width': '80', 'indirect_selection': 'eager', 'log_cache_events': 'False', 'write_json': 'True', 'partial_parse': 'True', 'cache_selected_only': 'False', 'warn_error': 'None', 'debug': 'False', 'fail_fast': 'False', 'log_path': '/Users/allisonfung/weather/kalshi_pipeline/logs', 'profiles_dir': '.', 'version_check': 'True', 'use_colors': 'True', 'use_experimental_parser': 'False', 'no_print': 'None', 'quiet': 'False', 'empty': 'False', 'log_format': 'default', 'static_parser': 'True', 'invocation_command': 'dbt run --profiles-dir .', 'introspect': 'True', 'target_path': 'None', 'warn_error_options': 'WarnErrorOptionsV2(error=[], warn=[], silence=[])', 'send_anonymous_usage_stats': 'True'}
[0m23:09:57.866750 [debug] [MainThread]: Sending event: {'category': 'dbt', 'action': 'project_id', 'label': '0a785bfe-2e9d-4066-8aab-39e0fc41f0f9', 'context': [<snowplow_tracker.self_describing_json.SelfDescribingJson object at 0x107367320>]}
[0m23:09:57.889813 [debug] [MainThread]: Sending event: {'category': 'dbt', 'action': 'adapter_info', 'label': '0a785bfe-2e9d-4066-8aab-39e0fc41f0f9', 'context': [<snowplow_tracker.self_describing_json.SelfDescribingJson object at 0x1065f0a40>]}
[0m23:09:57.890866 [info ] [MainThread]: Registered adapter: duckdb=1.10.0
[0m23:09:57.933479 [debug] [MainThread]: checksum: 073cb5a296270136b24f9c040fdebd0642ef9c263903ef463bfe7e190c538da2, vars: {}, profile: , target: , version: 1.10.4
[0m23:09:57.985180 [debug] [MainThread]: Partial parsing enabled: 1 files deleted, 2 files added, 1 files changed.
[0m23:09:57.985453 [debug] [MainThread]: Partial parsing: added file: kalshi_pipeline://models/fct_citibike_weather_impact.sql
[0m23:09:57.985617 [debug] [MainThread]: Partial parsing: added file: kalshi_pipeline://models/stg_citibike.sql
[0m23:09:57.985890 [debug] [MainThread]: Partial parsing: updated file: kalshi_pipeline://models/sources.yml
[0m23:09:57.986028 [debug] [MainThread]: Partial parsing: deleted file: kalshi_pipeline://models/fct_kalshi_features.sql
[0m23:09:58.099450 [error] [MainThread]: Encountered an error:
Compilation Error
  Model 'model.kalshi_pipeline.stg_citibike' (models/stg_citibike.sql) depends on a source named 'raw_data.citibike_jan2024' which was not found
[0m23:09:58.103619 [debug] [MainThread]: Resource report: {"command_name": "run", "command_success": false, "command_wall_clock_time": 0.42288026, "process_in_blocks": "0", "process_kernel_time": 0.143032, "process_mem_max_rss": "141426688", "process_out_blocks": "0", "process_user_time": 0.818466}
[0m23:09:58.103869 [debug] [MainThread]: Command `dbt run` failed at 23:09:58.103828 after 0.42 seconds
[0m23:09:58.104061 [debug] [MainThread]: Sending event: {'category': 'dbt', 'action': 'invocation', 'label': 'end', 'context': [<snowplow_tracker.self_describing_json.SelfDescribingJson object at 0x1072cfe00>, <snowplow_tracker.self_describing_json.SelfDescribingJson object at 0x10789bb60>, <snowplow_tracker.self_describing_json.SelfDescribingJson object at 0x1074d4d70>]}
[0m23:09:58.104236 [debug] [MainThread]: Flushing usage events
[0m23:09:58.312512 [debug] [MainThread]: An error was encountered while trying to flush usage events
[0m23:10:39.598143 [debug] [MainThread]: Sending event: {'category': 'dbt', 'action': 'invocation', 'label': 'start', 'context': [<snowplow_tracker.self_describing_json.SelfDescribingJson object at 0x10aa3d4c0>, <snowplow_tracker.self_describing_json.SelfDescribingJson object at 0x10c9411f0>, <snowplow_tracker.self_describing_json.SelfDescribingJson object at 0x10afa5040>]}


============================== 23:10:39.600660 | 2d8882f6-ce91-47ca-9657-59025a980239 ==============================
[0m23:10:39.600660 [info ] [MainThread]: Running with dbt=1.10.4
[0m23:10:39.600941 [debug] [MainThread]: running dbt with arguments {'printer_width': '80', 'indirect_selection': 'eager', 'write_json': 'True', 'log_cache_events': 'False', 'partial_parse': 'True', 'cache_selected_only': 'False', 'warn_error': 'None', 'debug': 'False', 'version_check': 'True', 'log_path': '/Users/allisonfung/weather/kalshi_pipeline/logs', 'profiles_dir': '.', 'fail_fast': 'False', 'use_colors': 'True', 'use_experimental_parser': 'False', 'no_print': 'None', 'quiet': 'False', 'empty': 'False', 'log_format': 'default', 'introspect': 'True', 'static_parser': 'True', 'warn_error_options': 'WarnErrorOptionsV2(error=[], warn=[], silence=[])', 'target_path': 'None', 'invocation_command': 'dbt run --profiles-dir .', 'send_anonymous_usage_stats': 'True'}
[0m23:10:39.684382 [debug] [MainThread]: Sending event: {'category': 'dbt', 'action': 'project_id', 'label': '2d8882f6-ce91-47ca-9657-59025a980239', 'context': [<snowplow_tracker.self_describing_json.SelfDescribingJson object at 0x10c6e14f0>]}
[0m23:10:39.705806 [debug] [MainThread]: Sending event: {'category': 'dbt', 'action': 'adapter_info', 'label': '2d8882f6-ce91-47ca-9657-59025a980239', 'context': [<snowplow_tracker.self_describing_json.SelfDescribingJson object at 0x10ca92030>]}
[0m23:10:39.706566 [info ] [MainThread]: Registered adapter: duckdb=1.10.0
[0m23:10:39.746379 [debug] [MainThread]: checksum: 073cb5a296270136b24f9c040fdebd0642ef9c263903ef463bfe7e190c538da2, vars: {}, profile: , target: , version: 1.10.4
[0m23:10:39.786161 [debug] [MainThread]: Partial parsing enabled: 1 files deleted, 2 files added, 1 files changed.
[0m23:10:39.786420 [debug] [MainThread]: Partial parsing: added file: kalshi_pipeline://models/stg_citibike.sql
[0m23:10:39.786576 [debug] [MainThread]: Partial parsing: added file: kalshi_pipeline://models/fct_citibike_weather_impact.sql
[0m23:10:39.786830 [debug] [MainThread]: Partial parsing: updated file: kalshi_pipeline://models/sources.yml
[0m23:10:39.786962 [debug] [MainThread]: Partial parsing: deleted file: kalshi_pipeline://models/fct_kalshi_features.sql
[0m23:10:39.897170 [error] [MainThread]: Encountered an error:
Compilation Error
  Model 'model.kalshi_pipeline.stg_citibike' (models/stg_citibike.sql) depends on a source named 'raw_data.citibike_jan2024' which was not found
[0m23:10:39.898614 [debug] [MainThread]: Resource report: {"command_name": "run", "command_success": false, "command_wall_clock_time": 0.3281235, "process_in_blocks": "0", "process_kernel_time": 0.112443, "process_mem_max_rss": "143327232", "process_out_blocks": "0", "process_user_time": 0.814191}
[0m23:10:39.898862 [debug] [MainThread]: Command `dbt run` failed at 23:10:39.898821 after 0.33 seconds
[0m23:10:39.899070 [debug] [MainThread]: Sending event: {'category': 'dbt', 'action': 'invocation', 'label': 'end', 'context': [<snowplow_tracker.self_describing_json.SelfDescribingJson object at 0x10c942960>, <snowplow_tracker.self_describing_json.SelfDescribingJson object at 0x1047fbdd0>, <snowplow_tracker.self_describing_json.SelfDescribingJson object at 0x10d063b60>]}
[0m23:10:39.899241 [debug] [MainThread]: Flushing usage events
[0m23:10:40.020473 [debug] [MainThread]: An error was encountered while trying to flush usage events
[0m23:10:43.957683 [debug] [MainThread]: Sending event: {'category': 'dbt', 'action': 'invocation', 'label': 'start', 'context': [<snowplow_tracker.self_describing_json.SelfDescribingJson object at 0x1145e8f80>, <snowplow_tracker.self_describing_json.SelfDescribingJson object at 0x113fa50d0>, <snowplow_tracker.self_describing_json.SelfDescribingJson object at 0x113fa4fe0>]}


============================== 23:10:43.960224 | 6126e2ea-b193-4195-9008-8a159c326259 ==============================
[0m23:10:43.960224 [info ] [MainThread]: Running with dbt=1.10.4
[0m23:10:43.960497 [debug] [MainThread]: running dbt with arguments {'printer_width': '80', 'indirect_selection': 'eager', 'write_json': 'True', 'log_cache_events': 'False', 'partial_parse': 'True', 'cache_selected_only': 'False', 'profiles_dir': '/Users/allisonfung/weather/kalshi_pipeline', 'debug': 'False', 'warn_error': 'None', 'log_path': '/Users/allisonfung/weather/kalshi_pipeline/logs', 'version_check': 'True', 'fail_fast': 'False', 'use_colors': 'True', 'use_experimental_parser': 'False', 'empty': 'False', 'quiet': 'False', 'no_print': 'None', 'warn_error_options': 'WarnErrorOptionsV2(error=[], warn=[], silence=[])', 'static_parser': 'True', 'log_format': 'default', 'invocation_command': 'dbt run', 'target_path': 'None', 'introspect': 'True', 'send_anonymous_usage_stats': 'True'}
[0m23:10:44.044155 [debug] [MainThread]: Sending event: {'category': 'dbt', 'action': 'project_id', 'label': '6126e2ea-b193-4195-9008-8a159c326259', 'context': [<snowplow_tracker.self_describing_json.SelfDescribingJson object at 0x115233a70>]}
[0m23:10:44.065516 [debug] [MainThread]: Sending event: {'category': 'dbt', 'action': 'adapter_info', 'label': '6126e2ea-b193-4195-9008-8a159c326259', 'context': [<snowplow_tracker.self_describing_json.SelfDescribingJson object at 0x1152bd280>]}
[0m23:10:44.066250 [info ] [MainThread]: Registered adapter: duckdb=1.10.0
[0m23:10:44.104906 [debug] [MainThread]: checksum: 073cb5a296270136b24f9c040fdebd0642ef9c263903ef463bfe7e190c538da2, vars: {}, profile: , target: , version: 1.10.4
[0m23:10:44.143448 [debug] [MainThread]: Partial parsing enabled: 1 files deleted, 2 files added, 1 files changed.
[0m23:10:44.143701 [debug] [MainThread]: Partial parsing: added file: kalshi_pipeline://models/fct_citibike_weather_impact.sql
[0m23:10:44.143856 [debug] [MainThread]: Partial parsing: added file: kalshi_pipeline://models/stg_citibike.sql
[0m23:10:44.144109 [debug] [MainThread]: Partial parsing: updated file: kalshi_pipeline://models/sources.yml
[0m23:10:44.144242 [debug] [MainThread]: Partial parsing: deleted file: kalshi_pipeline://models/fct_kalshi_features.sql
[0m23:10:44.256484 [error] [MainThread]: Encountered an error:
Compilation Error
  Model 'model.kalshi_pipeline.stg_citibike' (models/stg_citibike.sql) depends on a source named 'raw_data.citibike_jan2024' which was not found
[0m23:10:44.258839 [debug] [MainThread]: Resource report: {"command_name": "run", "command_success": false, "command_wall_clock_time": 0.33017054, "process_in_blocks": "0", "process_kernel_time": 0.102247, "process_mem_max_rss": "141574144", "process_out_blocks": "0", "process_user_time": 0.822126}
[0m23:10:44.259092 [debug] [MainThread]: Command `dbt run` failed at 23:10:44.259049 after 0.33 seconds
[0m23:10:44.259281 [debug] [MainThread]: Sending event: {'category': 'dbt', 'action': 'invocation', 'label': 'end', 'context': [<snowplow_tracker.self_describing_json.SelfDescribingJson object at 0x1150426c0>, <snowplow_tracker.self_describing_json.SelfDescribingJson object at 0x11620f260>, <snowplow_tracker.self_describing_json.SelfDescribingJson object at 0x1162ed6d0>]}
[0m23:10:44.259434 [debug] [MainThread]: Flushing usage events
[0m23:10:44.373739 [debug] [MainThread]: An error was encountered while trying to flush usage events
[0m23:11:08.171976 [debug] [MainThread]: Sending event: {'category': 'dbt', 'action': 'invocation', 'label': 'start', 'context': [<snowplow_tracker.self_describing_json.SelfDescribingJson object at 0x124bdbfb0>, <snowplow_tracker.self_describing_json.SelfDescribingJson object at 0x125d83b00>, <snowplow_tracker.self_describing_json.SelfDescribingJson object at 0x125d83e30>]}


============================== 23:11:08.175179 | de1dad4a-f178-40c1-87e7-4b41c1dedd62 ==============================
[0m23:11:08.175179 [info ] [MainThread]: Running with dbt=1.10.4
[0m23:11:08.175453 [debug] [MainThread]: running dbt with arguments {'printer_width': '80', 'indirect_selection': 'eager', 'log_cache_events': 'False', 'write_json': 'True', 'partial_parse': 'True', 'cache_selected_only': 'False', 'warn_error': 'None', 'debug': 'False', 'version_check': 'True', 'log_path': '/Users/allisonfung/weather/kalshi_pipeline/logs', 'profiles_dir': '/Users/allisonfung/weather/kalshi_pipeline', 'fail_fast': 'False', 'use_colors': 'True', 'use_experimental_parser': 'False', 'empty': 'False', 'quiet': 'False', 'no_print': 'None', 'log_format': 'default', 'invocation_command': 'dbt run', 'introspect': 'True', 'static_parser': 'True', 'target_path': 'None', 'warn_error_options': 'WarnErrorOptionsV2(error=[], warn=[], silence=[])', 'send_anonymous_usage_stats': 'True'}
[0m23:11:08.339087 [debug] [MainThread]: Sending event: {'category': 'dbt', 'action': 'project_id', 'label': 'de1dad4a-f178-40c1-87e7-4b41c1dedd62', 'context': [<snowplow_tracker.self_describing_json.SelfDescribingJson object at 0x125d83a40>]}
[0m23:11:08.361482 [debug] [MainThread]: Sending event: {'category': 'dbt', 'action': 'adapter_info', 'label': 'de1dad4a-f178-40c1-87e7-4b41c1dedd62', 'context': [<snowplow_tracker.self_describing_json.SelfDescribingJson object at 0x121edd250>]}
[0m23:11:08.363616 [info ] [MainThread]: Registered adapter: duckdb=1.10.0
[0m23:11:08.410567 [debug] [MainThread]: checksum: 073cb5a296270136b24f9c040fdebd0642ef9c263903ef463bfe7e190c538da2, vars: {}, profile: , target: , version: 1.10.4
[0m23:11:08.463468 [debug] [MainThread]: Partial parsing enabled: 1 files deleted, 2 files added, 1 files changed.
[0m23:11:08.463743 [debug] [MainThread]: Partial parsing: added file: kalshi_pipeline://models/fct_citibike_weather_impact.sql
[0m23:11:08.463882 [debug] [MainThread]: Partial parsing: added file: kalshi_pipeline://models/stg_citibike.sql
[0m23:11:08.464164 [debug] [MainThread]: Partial parsing: updated file: kalshi_pipeline://models/sources.yml
[0m23:11:08.464304 [debug] [MainThread]: Partial parsing: deleted file: kalshi_pipeline://models/fct_kalshi_features.sql
[0m23:11:08.601768 [debug] [MainThread]: Sending event: {'category': 'dbt', 'action': 'load_project', 'label': 'de1dad4a-f178-40c1-87e7-4b41c1dedd62', 'context': [<snowplow_tracker.self_describing_json.SelfDescribingJson object at 0x1267aaa80>]}
[0m23:11:08.626991 [debug] [MainThread]: Wrote artifact WritableManifest to /Users/allisonfung/weather/kalshi_pipeline/target/manifest.json
[0m23:11:08.628371 [debug] [MainThread]: Wrote artifact SemanticManifest to /Users/allisonfung/weather/kalshi_pipeline/target/semantic_manifest.json
[0m23:11:08.639455 [debug] [MainThread]: Sending event: {'category': 'dbt', 'action': 'resource_counts', 'label': 'de1dad4a-f178-40c1-87e7-4b41c1dedd62', 'context': [<snowplow_tracker.self_describing_json.SelfDescribingJson object at 0x126502270>]}
[0m23:11:08.639705 [info ] [MainThread]: Found 5 models, 4 sources, 443 macros
[0m23:11:08.639879 [debug] [MainThread]: Sending event: {'category': 'dbt', 'action': 'runnable_timing', 'label': 'de1dad4a-f178-40c1-87e7-4b41c1dedd62', 'context': [<snowplow_tracker.self_describing_json.SelfDescribingJson object at 0x1266caab0>]}
[0m23:11:08.640714 [info ] [MainThread]: 
[0m23:11:08.640877 [info ] [MainThread]: Concurrency: 1 threads (target='dev')
[0m23:11:08.641001 [info ] [MainThread]: 
[0m23:11:08.641216 [debug] [MainThread]: Acquiring new duckdb connection 'master'
[0m23:11:08.643137 [debug] [ThreadPool]: Acquiring new duckdb connection 'list_kalshi'
[0m23:11:08.668991 [debug] [ThreadPool]: Using duckdb connection "list_kalshi"
[0m23:11:08.669199 [debug] [ThreadPool]: On list_kalshi: /* {"app": "dbt", "dbt_version": "1.10.4", "profile_name": "kalshi_pipeline", "target_name": "dev", "connection_name": "list_kalshi"} */

    
    select schema_name
    from system.information_schema.schemata
    
    where lower(catalog_name) = '"kalshi"'
    
  
  
[0m23:11:08.669335 [debug] [ThreadPool]: Opening a new connection, currently in state init
[0m23:11:08.686304 [debug] [ThreadPool]: SQL status: OK in 0.017 seconds
[0m23:11:08.687268 [debug] [ThreadPool]: On list_kalshi: Close
[0m23:11:08.687614 [debug] [ThreadPool]: Re-using an available connection from the pool (formerly list_kalshi, now create_kalshi_main)
[0m23:11:08.687849 [debug] [ThreadPool]: Creating schema "database: "kalshi"
schema: "main"
"
[0m23:11:08.690693 [debug] [ThreadPool]: Using duckdb connection "create_kalshi_main"
[0m23:11:08.690834 [debug] [ThreadPool]: On create_kalshi_main: /* {"app": "dbt", "dbt_version": "1.10.4", "profile_name": "kalshi_pipeline", "target_name": "dev", "connection_name": "create_kalshi_main"} */

    
        select type from duckdb_databases()
        where lower(database_name)='kalshi'
        and type='sqlite'
    
  
[0m23:11:08.690947 [debug] [ThreadPool]: Opening a new connection, currently in state closed
[0m23:11:08.691664 [debug] [ThreadPool]: SQL status: OK in 0.001 seconds
[0m23:11:08.692245 [debug] [ThreadPool]: Using duckdb connection "create_kalshi_main"
[0m23:11:08.692379 [debug] [ThreadPool]: On create_kalshi_main: BEGIN
[0m23:11:08.692585 [debug] [ThreadPool]: SQL status: OK in 0.000 seconds
[0m23:11:08.692709 [debug] [ThreadPool]: Using duckdb connection "create_kalshi_main"
[0m23:11:08.692830 [debug] [ThreadPool]: On create_kalshi_main: /* {"app": "dbt", "dbt_version": "1.10.4", "profile_name": "kalshi_pipeline", "target_name": "dev", "connection_name": "create_kalshi_main"} */

    
    
        create schema if not exists "kalshi"."main"
    
[0m23:11:08.693230 [debug] [ThreadPool]: SQL status: OK in 0.000 seconds
[0m23:11:08.693553 [debug] [ThreadPool]: On create_kalshi_main: COMMIT
[0m23:11:08.693671 [debug] [ThreadPool]: Using duckdb connection "create_kalshi_main"
[0m23:11:08.693780 [debug] [ThreadPool]: On create_kalshi_main: COMMIT
[0m23:11:08.693941 [debug] [ThreadPool]: SQL status: OK in 0.000 seconds
[0m23:11:08.694061 [debug] [ThreadPool]: On create_kalshi_main: Close
[0m23:11:08.694584 [debug] [ThreadPool]: Re-using an available connection from the pool (formerly create_kalshi_main, now list_kalshi_main)
[0m23:11:08.696756 [debug] [ThreadPool]: Using duckdb connection "list_kalshi_main"
[0m23:11:08.696877 [debug] [ThreadPool]: On list_kalshi_main: BEGIN
[0m23:11:08.696979 [debug] [ThreadPool]: Opening a new connection, currently in state closed
[0m23:11:08.697159 [debug] [ThreadPool]: SQL status: OK in 0.000 seconds
[0m23:11:08.697274 [debug] [ThreadPool]: Using duckdb connection "list_kalshi_main"
[0m23:11:08.697441 [debug] [ThreadPool]: On list_kalshi_main: /* {"app": "dbt", "dbt_version": "1.10.4", "profile_name": "kalshi_pipeline", "target_name": "dev", "connection_name": "list_kalshi_main"} */
select
      'kalshi' as database,
      table_name as name,
      table_schema as schema,
      CASE table_type
        WHEN 'BASE TABLE' THEN 'table'
        WHEN 'VIEW' THEN 'view'
        WHEN 'LOCAL TEMPORARY' THEN 'table'
        END as type
    from system.information_schema.tables
    where lower(table_schema) = 'main'
    and lower(table_catalog) = 'kalshi'
  
[0m23:11:08.700212 [debug] [ThreadPool]: SQL status: OK in 0.003 seconds
[0m23:11:08.700845 [debug] [ThreadPool]: On list_kalshi_main: ROLLBACK
[0m23:11:08.701665 [debug] [ThreadPool]: Failed to rollback 'list_kalshi_main'
[0m23:11:08.701782 [debug] [ThreadPool]: On list_kalshi_main: Close
[0m23:11:08.701993 [debug] [MainThread]: Sending event: {'category': 'dbt', 'action': 'runnable_timing', 'label': 'de1dad4a-f178-40c1-87e7-4b41c1dedd62', 'context': [<snowplow_tracker.self_describing_json.SelfDescribingJson object at 0x125e67ef0>]}
[0m23:11:08.702198 [debug] [MainThread]: Using duckdb connection "master"
[0m23:11:08.702322 [debug] [MainThread]: On master: BEGIN
[0m23:11:08.702431 [debug] [MainThread]: Opening a new connection, currently in state init
[0m23:11:08.702645 [debug] [MainThread]: SQL status: OK in 0.000 seconds
[0m23:11:08.702771 [debug] [MainThread]: On master: COMMIT
[0m23:11:08.702890 [debug] [MainThread]: Using duckdb connection "master"
[0m23:11:08.703002 [debug] [MainThread]: On master: COMMIT
[0m23:11:08.703202 [debug] [MainThread]: SQL status: OK in 0.000 seconds
[0m23:11:08.703375 [debug] [MainThread]: On master: Close
[0m23:11:08.704581 [debug] [Thread-1 (]: Began running node model.kalshi_pipeline.stg_citibike
[0m23:11:08.704899 [info ] [Thread-1 (]: 1 of 5 START sql table model main.stg_citibike ................................. [RUN]
[0m23:11:08.705096 [debug] [Thread-1 (]: Re-using an available connection from the pool (formerly list_kalshi_main, now model.kalshi_pipeline.stg_citibike)
[0m23:11:08.705251 [debug] [Thread-1 (]: Began compiling node model.kalshi_pipeline.stg_citibike
[0m23:11:08.708284 [debug] [Thread-1 (]: Writing injected SQL for node "model.kalshi_pipeline.stg_citibike"
[0m23:11:08.708667 [debug] [Thread-1 (]: Began executing node model.kalshi_pipeline.stg_citibike
[0m23:11:08.721537 [debug] [Thread-1 (]: Writing runtime sql for node "model.kalshi_pipeline.stg_citibike"
[0m23:11:08.722020 [debug] [Thread-1 (]: Using duckdb connection "model.kalshi_pipeline.stg_citibike"
[0m23:11:08.722167 [debug] [Thread-1 (]: On model.kalshi_pipeline.stg_citibike: BEGIN
[0m23:11:08.722297 [debug] [Thread-1 (]: Opening a new connection, currently in state closed
[0m23:11:08.722606 [debug] [Thread-1 (]: SQL status: OK in 0.000 seconds
[0m23:11:08.722736 [debug] [Thread-1 (]: Using duckdb connection "model.kalshi_pipeline.stg_citibike"
[0m23:11:08.722887 [debug] [Thread-1 (]: On model.kalshi_pipeline.stg_citibike: /* {"app": "dbt", "dbt_version": "1.10.4", "profile_name": "kalshi_pipeline", "target_name": "dev", "node_id": "model.kalshi_pipeline.stg_citibike"} */

  
    
    

    create  table
      "kalshi"."main"."stg_citibike__dbt_tmp"
  
    as (
      WITH raw_trips AS (
    SELECT
        date_trunc('hour', CAST(started_at AS TIMESTAMP)) AS trip_hour,
        rideable_type,
        member_casual,
        epoch(CAST(ended_at AS TIMESTAMP) - CAST(started_at AS TIMESTAMP)) / 60.0 AS duration_minutes
    FROM '../data/raw_citibike_202401.parquet'
    WHERE started_at IS NOT NULL
      AND ended_at IS NOT NULL
)

SELECT
    trip_hour,
    COUNT(*) AS total_rides,
    COUNT(CASE WHEN member_casual = 'member' THEN 1 END) AS member_rides,
    COUNT(CASE WHEN member_casual = 'casual' THEN 1 END) AS casual_rides,
    COUNT(CASE WHEN rideable_type = 'electric_bike' THEN 1 END) AS electric_rides,
    COUNT(CASE WHEN rideable_type = 'classic_bike' THEN 1 END) AS classic_rides,
    ROUND(AVG(duration_minutes), 2) AS avg_duration_minutes
FROM raw_trips
-- Filter out zero/negative durations or GPS glitches > 24 hours
WHERE duration_minutes > 1 AND duration_minutes < 1440
GROUP BY trip_hour
    );
  
  
[0m23:11:08.820649 [debug] [Thread-1 (]: SQL status: OK in 0.097 seconds
[0m23:11:08.824544 [debug] [Thread-1 (]: Using duckdb connection "model.kalshi_pipeline.stg_citibike"
[0m23:11:08.824758 [debug] [Thread-1 (]: On model.kalshi_pipeline.stg_citibike: /* {"app": "dbt", "dbt_version": "1.10.4", "profile_name": "kalshi_pipeline", "target_name": "dev", "node_id": "model.kalshi_pipeline.stg_citibike"} */
alter table "kalshi"."main"."stg_citibike__dbt_tmp" rename to "stg_citibike"
[0m23:11:08.825743 [debug] [Thread-1 (]: SQL status: OK in 0.001 seconds
[0m23:11:08.854979 [debug] [Thread-1 (]: On model.kalshi_pipeline.stg_citibike: COMMIT
[0m23:11:08.855257 [debug] [Thread-1 (]: Using duckdb connection "model.kalshi_pipeline.stg_citibike"
[0m23:11:08.855428 [debug] [Thread-1 (]: On model.kalshi_pipeline.stg_citibike: COMMIT
[0m23:11:08.857058 [debug] [Thread-1 (]: SQL status: OK in 0.001 seconds
[0m23:11:08.859263 [debug] [Thread-1 (]: Using duckdb connection "model.kalshi_pipeline.stg_citibike"
[0m23:11:08.859463 [debug] [Thread-1 (]: On model.kalshi_pipeline.stg_citibike: /* {"app": "dbt", "dbt_version": "1.10.4", "profile_name": "kalshi_pipeline", "target_name": "dev", "node_id": "model.kalshi_pipeline.stg_citibike"} */

      drop table if exists "kalshi"."main"."stg_citibike__dbt_backup" cascade
    
[0m23:11:08.859771 [debug] [Thread-1 (]: SQL status: OK in 0.000 seconds
[0m23:11:08.860725 [debug] [Thread-1 (]: On model.kalshi_pipeline.stg_citibike: Close
[0m23:11:08.861601 [debug] [Thread-1 (]: Sending event: {'category': 'dbt', 'action': 'run_model', 'label': 'de1dad4a-f178-40c1-87e7-4b41c1dedd62', 'context': [<snowplow_tracker.self_describing_json.SelfDescribingJson object at 0x124b3cd10>]}
[0m23:11:08.861886 [info ] [Thread-1 (]: 1 of 5 OK created sql table model main.stg_citibike ............................ [[32mOK[0m in 0.16s]
[0m23:11:08.862125 [debug] [Thread-1 (]: Finished running node model.kalshi_pipeline.stg_citibike
[0m23:11:08.862292 [debug] [Thread-1 (]: Began running node model.kalshi_pipeline.stg_forecast
[0m23:11:08.862500 [info ] [Thread-1 (]: 2 of 5 START sql table model main.stg_forecast ................................. [RUN]
[0m23:11:08.862673 [debug] [Thread-1 (]: Re-using an available connection from the pool (formerly model.kalshi_pipeline.stg_citibike, now model.kalshi_pipeline.stg_forecast)
[0m23:11:08.862818 [debug] [Thread-1 (]: Began compiling node model.kalshi_pipeline.stg_forecast
[0m23:11:08.863827 [debug] [Thread-1 (]: Writing injected SQL for node "model.kalshi_pipeline.stg_forecast"
[0m23:11:08.864332 [debug] [Thread-1 (]: Began executing node model.kalshi_pipeline.stg_forecast
[0m23:11:08.865687 [debug] [Thread-1 (]: Writing runtime sql for node "model.kalshi_pipeline.stg_forecast"
[0m23:11:08.865997 [debug] [Thread-1 (]: Using duckdb connection "model.kalshi_pipeline.stg_forecast"
[0m23:11:08.866153 [debug] [Thread-1 (]: On model.kalshi_pipeline.stg_forecast: BEGIN
[0m23:11:08.866300 [debug] [Thread-1 (]: Opening a new connection, currently in state closed
[0m23:11:08.866595 [debug] [Thread-1 (]: SQL status: OK in 0.000 seconds
[0m23:11:08.866734 [debug] [Thread-1 (]: Using duckdb connection "model.kalshi_pipeline.stg_forecast"
[0m23:11:08.866882 [debug] [Thread-1 (]: On model.kalshi_pipeline.stg_forecast: /* {"app": "dbt", "dbt_version": "1.10.4", "profile_name": "kalshi_pipeline", "target_name": "dev", "node_id": "model.kalshi_pipeline.stg_forecast"} */

  
    
    

    create  table
      "kalshi"."main"."stg_forecast__dbt_tmp"
  
    as (
      SELECT
    CAST(time AS TIMESTAMP) AS forecast_timestamp,
    CAST(time AS DATE) AS forecast_date,
    temperature_2m_previous_day1 AS forecast_temp_previous_day1
FROM "kalshi"."raw_weather"."central_park_forecast_previous_day1"
    );
  
  
[0m23:11:08.870979 [debug] [Thread-1 (]: DuckDB adapter: Error running SQL: /* {"app": "dbt", "dbt_version": "1.10.4", "profile_name": "kalshi_pipeline", "target_name": "dev", "node_id": "model.kalshi_pipeline.stg_forecast"} */

  
    
    

    create  table
      "kalshi"."main"."stg_forecast__dbt_tmp"
  
    as (
      SELECT
    CAST(time AS TIMESTAMP) AS forecast_timestamp,
    CAST(time AS DATE) AS forecast_date,
    temperature_2m_previous_day1 AS forecast_temp_previous_day1
FROM "kalshi"."raw_weather"."central_park_forecast_previous_day1"
    );
  
  
[0m23:11:08.871179 [debug] [Thread-1 (]: DuckDB adapter: Rolling back transaction.
[0m23:11:08.871368 [debug] [Thread-1 (]: On model.kalshi_pipeline.stg_forecast: ROLLBACK
[0m23:11:08.876229 [debug] [Thread-1 (]: Failed to rollback 'model.kalshi_pipeline.stg_forecast'
[0m23:11:08.876422 [debug] [Thread-1 (]: On model.kalshi_pipeline.stg_forecast: Close
[0m23:11:08.877476 [debug] [Thread-1 (]: Runtime Error in model stg_forecast (models/stg_forecast.sql)
  Catalog Error: Table with name "raw_weather.central_park_forecast_previous_day1" does not exist because schema "raw_weather" does not exist.
  
  LINE 15: FROM "kalshi"."raw_weather"."central_park_forecast_previous_day1...
                ^
[0m23:11:08.877675 [debug] [Thread-1 (]: Sending event: {'category': 'dbt', 'action': 'run_model', 'label': 'de1dad4a-f178-40c1-87e7-4b41c1dedd62', 'context': [<snowplow_tracker.self_describing_json.SelfDescribingJson object at 0x1266c2d80>]}
[0m23:11:08.877919 [error] [Thread-1 (]: 2 of 5 ERROR creating sql table model main.stg_forecast ........................ [[31mERROR[0m in 0.01s]
[0m23:11:08.878171 [debug] [Thread-1 (]: Finished running node model.kalshi_pipeline.stg_forecast
[0m23:11:08.878341 [debug] [Thread-1 (]: Began running node model.kalshi_pipeline.stg_noaa
[0m23:11:08.878535 [debug] [Thread-4 (]: Marking all children of 'model.kalshi_pipeline.stg_forecast' to be skipped because of status 'error'.  Reason: Runtime Error in model stg_forecast (models/stg_forecast.sql)
  Catalog Error: Table with name "raw_weather.central_park_forecast_previous_day1" does not exist because schema "raw_weather" does not exist.
  
  LINE 15: FROM "kalshi"."raw_weather"."central_park_forecast_previous_day1...
                ^.
[0m23:11:08.878723 [info ] [Thread-1 (]: 3 of 5 START sql table model main.stg_noaa ..................................... [RUN]
[0m23:11:08.879238 [debug] [Thread-1 (]: Re-using an available connection from the pool (formerly model.kalshi_pipeline.stg_forecast, now model.kalshi_pipeline.stg_noaa)
[0m23:11:08.879392 [debug] [Thread-1 (]: Began compiling node model.kalshi_pipeline.stg_noaa
[0m23:11:08.880497 [debug] [Thread-1 (]: Writing injected SQL for node "model.kalshi_pipeline.stg_noaa"
[0m23:11:08.880991 [debug] [Thread-1 (]: Began executing node model.kalshi_pipeline.stg_noaa
[0m23:11:08.882329 [debug] [Thread-1 (]: Writing runtime sql for node "model.kalshi_pipeline.stg_noaa"
[0m23:11:08.882605 [debug] [Thread-1 (]: Using duckdb connection "model.kalshi_pipeline.stg_noaa"
[0m23:11:08.882740 [debug] [Thread-1 (]: On model.kalshi_pipeline.stg_noaa: BEGIN
[0m23:11:08.882861 [debug] [Thread-1 (]: Opening a new connection, currently in state closed
[0m23:11:08.883133 [debug] [Thread-1 (]: SQL status: OK in 0.000 seconds
[0m23:11:08.883270 [debug] [Thread-1 (]: Using duckdb connection "model.kalshi_pipeline.stg_noaa"
[0m23:11:08.883416 [debug] [Thread-1 (]: On model.kalshi_pipeline.stg_noaa: /* {"app": "dbt", "dbt_version": "1.10.4", "profile_name": "kalshi_pipeline", "target_name": "dev", "node_id": "model.kalshi_pipeline.stg_noaa"} */

  
    
    

    create  table
      "kalshi"."main"."stg_noaa__dbt_tmp"
  
    as (
      SELECT
    CAST(DATE AS DATE) AS weather_date,
    TMAX AS official_high_temp
FROM '../data/raw_noaa_daily_high.parquet'
    );
  
  
[0m23:11:08.885102 [debug] [Thread-1 (]: SQL status: OK in 0.002 seconds
[0m23:11:08.886247 [debug] [Thread-1 (]: Using duckdb connection "model.kalshi_pipeline.stg_noaa"
[0m23:11:08.886383 [debug] [Thread-1 (]: On model.kalshi_pipeline.stg_noaa: /* {"app": "dbt", "dbt_version": "1.10.4", "profile_name": "kalshi_pipeline", "target_name": "dev", "node_id": "model.kalshi_pipeline.stg_noaa"} */
alter table "kalshi"."main"."stg_noaa__dbt_tmp" rename to "stg_noaa"
[0m23:11:08.886625 [debug] [Thread-1 (]: SQL status: OK in 0.000 seconds
[0m23:11:08.887223 [debug] [Thread-1 (]: On model.kalshi_pipeline.stg_noaa: COMMIT
[0m23:11:08.887354 [debug] [Thread-1 (]: Using duckdb connection "model.kalshi_pipeline.stg_noaa"
[0m23:11:08.887473 [debug] [Thread-1 (]: On model.kalshi_pipeline.stg_noaa: COMMIT
[0m23:11:08.887835 [debug] [Thread-1 (]: SQL status: OK in 0.000 seconds
[0m23:11:08.888639 [debug] [Thread-1 (]: Using duckdb connection "model.kalshi_pipeline.stg_noaa"
[0m23:11:08.888777 [debug] [Thread-1 (]: On model.kalshi_pipeline.stg_noaa: /* {"app": "dbt", "dbt_version": "1.10.4", "profile_name": "kalshi_pipeline", "target_name": "dev", "node_id": "model.kalshi_pipeline.stg_noaa"} */

      drop table if exists "kalshi"."main"."stg_noaa__dbt_backup" cascade
    
[0m23:11:08.888992 [debug] [Thread-1 (]: SQL status: OK in 0.000 seconds
[0m23:11:08.889476 [debug] [Thread-1 (]: On model.kalshi_pipeline.stg_noaa: Close
[0m23:11:08.889703 [debug] [Thread-1 (]: Sending event: {'category': 'dbt', 'action': 'run_model', 'label': 'de1dad4a-f178-40c1-87e7-4b41c1dedd62', 'context': [<snowplow_tracker.self_describing_json.SelfDescribingJson object at 0x12662c560>]}
[0m23:11:08.889958 [info ] [Thread-1 (]: 3 of 5 OK created sql table model main.stg_noaa ................................ [[32mOK[0m in 0.01s]
[0m23:11:08.890193 [debug] [Thread-1 (]: Finished running node model.kalshi_pipeline.stg_noaa
[0m23:11:08.890360 [debug] [Thread-1 (]: Began running node model.kalshi_pipeline.stg_weather
[0m23:11:08.890597 [info ] [Thread-1 (]: 4 of 5 START sql table model main.stg_weather .................................. [RUN]
[0m23:11:08.890800 [debug] [Thread-1 (]: Re-using an available connection from the pool (formerly model.kalshi_pipeline.stg_noaa, now model.kalshi_pipeline.stg_weather)
[0m23:11:08.890950 [debug] [Thread-1 (]: Began compiling node model.kalshi_pipeline.stg_weather
[0m23:11:08.892196 [debug] [Thread-1 (]: Writing injected SQL for node "model.kalshi_pipeline.stg_weather"
[0m23:11:08.892495 [debug] [Thread-1 (]: Began executing node model.kalshi_pipeline.stg_weather
[0m23:11:08.893688 [debug] [Thread-1 (]: Writing runtime sql for node "model.kalshi_pipeline.stg_weather"
[0m23:11:08.893994 [debug] [Thread-1 (]: Using duckdb connection "model.kalshi_pipeline.stg_weather"
[0m23:11:08.894122 [debug] [Thread-1 (]: On model.kalshi_pipeline.stg_weather: BEGIN
[0m23:11:08.894240 [debug] [Thread-1 (]: Opening a new connection, currently in state closed
[0m23:11:08.894580 [debug] [Thread-1 (]: SQL status: OK in 0.000 seconds
[0m23:11:08.894852 [debug] [Thread-1 (]: Using duckdb connection "model.kalshi_pipeline.stg_weather"
[0m23:11:08.895031 [debug] [Thread-1 (]: On model.kalshi_pipeline.stg_weather: /* {"app": "dbt", "dbt_version": "1.10.4", "profile_name": "kalshi_pipeline", "target_name": "dev", "node_id": "model.kalshi_pipeline.stg_weather"} */

  
    
    

    create  table
      "kalshi"."main"."stg_weather__dbt_tmp"
  
    as (
      SELECT
    CAST(time AS TIMESTAMP) AS weather_timestamp,
    CAST(time AS DATE) AS weather_date,
    EXTRACT(HOUR FROM CAST(time AS TIMESTAMP)) AS hour_of_day,
    temperature_2m AS temp_f,
    relative_humidity_2m AS humidity,
    cloud_cover,
    precipitation
FROM '../data/raw_central_park_weather.parquet'
    );
  
  
[0m23:11:08.899439 [debug] [Thread-1 (]: SQL status: OK in 0.004 seconds
[0m23:11:08.900984 [debug] [Thread-1 (]: Using duckdb connection "model.kalshi_pipeline.stg_weather"
[0m23:11:08.901135 [debug] [Thread-1 (]: On model.kalshi_pipeline.stg_weather: /* {"app": "dbt", "dbt_version": "1.10.4", "profile_name": "kalshi_pipeline", "target_name": "dev", "node_id": "model.kalshi_pipeline.stg_weather"} */
alter table "kalshi"."main"."stg_weather__dbt_tmp" rename to "stg_weather"
[0m23:11:08.901459 [debug] [Thread-1 (]: SQL status: OK in 0.000 seconds
[0m23:11:08.902098 [debug] [Thread-1 (]: On model.kalshi_pipeline.stg_weather: COMMIT
[0m23:11:08.902234 [debug] [Thread-1 (]: Using duckdb connection "model.kalshi_pipeline.stg_weather"
[0m23:11:08.902353 [debug] [Thread-1 (]: On model.kalshi_pipeline.stg_weather: COMMIT
[0m23:11:08.903801 [debug] [Thread-1 (]: SQL status: OK in 0.001 seconds
[0m23:11:08.905748 [debug] [Thread-1 (]: Using duckdb connection "model.kalshi_pipeline.stg_weather"
[0m23:11:08.905910 [debug] [Thread-1 (]: On model.kalshi_pipeline.stg_weather: /* {"app": "dbt", "dbt_version": "1.10.4", "profile_name": "kalshi_pipeline", "target_name": "dev", "node_id": "model.kalshi_pipeline.stg_weather"} */

      drop table if exists "kalshi"."main"."stg_weather__dbt_backup" cascade
    
[0m23:11:08.906177 [debug] [Thread-1 (]: SQL status: OK in 0.000 seconds
[0m23:11:08.906707 [debug] [Thread-1 (]: On model.kalshi_pipeline.stg_weather: Close
[0m23:11:08.906984 [debug] [Thread-1 (]: Sending event: {'category': 'dbt', 'action': 'run_model', 'label': 'de1dad4a-f178-40c1-87e7-4b41c1dedd62', 'context': [<snowplow_tracker.self_describing_json.SelfDescribingJson object at 0x126b89fa0>]}
[0m23:11:08.907276 [info ] [Thread-1 (]: 4 of 5 OK created sql table model main.stg_weather ............................. [[32mOK[0m in 0.02s]
[0m23:11:08.907517 [debug] [Thread-1 (]: Finished running node model.kalshi_pipeline.stg_weather
[0m23:11:08.907864 [debug] [Thread-1 (]: Began running node model.kalshi_pipeline.fct_citibike_weather_impact
[0m23:11:08.908112 [info ] [Thread-1 (]: 5 of 5 START sql table model main.fct_citibike_weather_impact .................. [RUN]
[0m23:11:08.908319 [debug] [Thread-1 (]: Re-using an available connection from the pool (formerly model.kalshi_pipeline.stg_weather, now model.kalshi_pipeline.fct_citibike_weather_impact)
[0m23:11:08.908471 [debug] [Thread-1 (]: Began compiling node model.kalshi_pipeline.fct_citibike_weather_impact
[0m23:11:08.909771 [debug] [Thread-1 (]: Writing injected SQL for node "model.kalshi_pipeline.fct_citibike_weather_impact"
[0m23:11:08.910117 [debug] [Thread-1 (]: Began executing node model.kalshi_pipeline.fct_citibike_weather_impact
[0m23:11:08.911321 [debug] [Thread-1 (]: Writing runtime sql for node "model.kalshi_pipeline.fct_citibike_weather_impact"
[0m23:11:08.911606 [debug] [Thread-1 (]: Using duckdb connection "model.kalshi_pipeline.fct_citibike_weather_impact"
[0m23:11:08.911753 [debug] [Thread-1 (]: On model.kalshi_pipeline.fct_citibike_weather_impact: BEGIN
[0m23:11:08.911897 [debug] [Thread-1 (]: Opening a new connection, currently in state closed
[0m23:11:08.912154 [debug] [Thread-1 (]: SQL status: OK in 0.000 seconds
[0m23:11:08.912298 [debug] [Thread-1 (]: Using duckdb connection "model.kalshi_pipeline.fct_citibike_weather_impact"
[0m23:11:08.912470 [debug] [Thread-1 (]: On model.kalshi_pipeline.fct_citibike_weather_impact: /* {"app": "dbt", "dbt_version": "1.10.4", "profile_name": "kalshi_pipeline", "target_name": "dev", "node_id": "model.kalshi_pipeline.fct_citibike_weather_impact"} */

  
    
    

    create  table
      "kalshi"."main"."fct_citibike_weather_impact__dbt_tmp"
  
    as (
      WITH citibike AS (
    SELECT * FROM "kalshi"."main"."stg_citibike"
),

weather AS (
    SELECT * FROM "kalshi"."main"."stg_weather"
)

SELECT
    w.weather_timestamp AS hour_timestamp,
    w.weather_date,
    w.hour_of_day,
    w.temp_f,
    w.humidity,
    w.cloud_cover,
    w.precipitation,
    -- Weather flags for quick analytical slicing
    CASE WHEN w.precipitation > 0.05 THEN TRUE ELSE FALSE END AS is_raining,
    CASE WHEN w.temp_f < 32.0 THEN TRUE ELSE FALSE END AS is_freezing,
    -- Ride metrics (COALESCE to 0 in case weather had zero recorded rides in a blizzard)
    COALESCE(c.total_rides, 0) AS total_rides,
    COALESCE(c.member_rides, 0) AS member_rides,
    COALESCE(c.casual_rides, 0) AS casual_rides,
    COALESCE(c.electric_rides, 0) AS electric_rides,
    COALESCE(c.classic_rides, 0) AS classic_rides,
    c.avg_duration_minutes
FROM weather w
LEFT JOIN citibike c
    ON w.weather_timestamp = c.trip_hour
WHERE w.weather_date BETWEEN '2024-01-01' AND '2024-01-31'
ORDER BY hour_timestamp ASC
    );
  
  
[0m23:11:08.918478 [debug] [Thread-1 (]: SQL status: OK in 0.006 seconds
[0m23:11:08.919893 [debug] [Thread-1 (]: Using duckdb connection "model.kalshi_pipeline.fct_citibike_weather_impact"
[0m23:11:08.920052 [debug] [Thread-1 (]: On model.kalshi_pipeline.fct_citibike_weather_impact: /* {"app": "dbt", "dbt_version": "1.10.4", "profile_name": "kalshi_pipeline", "target_name": "dev", "node_id": "model.kalshi_pipeline.fct_citibike_weather_impact"} */
alter table "kalshi"."main"."fct_citibike_weather_impact__dbt_tmp" rename to "fct_citibike_weather_impact"
[0m23:11:08.920354 [debug] [Thread-1 (]: SQL status: OK in 0.000 seconds
[0m23:11:08.920959 [debug] [Thread-1 (]: On model.kalshi_pipeline.fct_citibike_weather_impact: COMMIT
[0m23:11:08.921095 [debug] [Thread-1 (]: Using duckdb connection "model.kalshi_pipeline.fct_citibike_weather_impact"
[0m23:11:08.921218 [debug] [Thread-1 (]: On model.kalshi_pipeline.fct_citibike_weather_impact: COMMIT
[0m23:11:08.921871 [debug] [Thread-1 (]: SQL status: OK in 0.001 seconds
[0m23:11:08.922792 [debug] [Thread-1 (]: Using duckdb connection "model.kalshi_pipeline.fct_citibike_weather_impact"
[0m23:11:08.922953 [debug] [Thread-1 (]: On model.kalshi_pipeline.fct_citibike_weather_impact: /* {"app": "dbt", "dbt_version": "1.10.4", "profile_name": "kalshi_pipeline", "target_name": "dev", "node_id": "model.kalshi_pipeline.fct_citibike_weather_impact"} */

      drop table if exists "kalshi"."main"."fct_citibike_weather_impact__dbt_backup" cascade
    
[0m23:11:08.923194 [debug] [Thread-1 (]: SQL status: OK in 0.000 seconds
[0m23:11:08.923696 [debug] [Thread-1 (]: On model.kalshi_pipeline.fct_citibike_weather_impact: Close
[0m23:11:08.923923 [debug] [Thread-1 (]: Sending event: {'category': 'dbt', 'action': 'run_model', 'label': 'de1dad4a-f178-40c1-87e7-4b41c1dedd62', 'context': [<snowplow_tracker.self_describing_json.SelfDescribingJson object at 0x12651aba0>]}
[0m23:11:08.924169 [info ] [Thread-1 (]: 5 of 5 OK created sql table model main.fct_citibike_weather_impact ............. [[32mOK[0m in 0.02s]
[0m23:11:08.924405 [debug] [Thread-1 (]: Finished running node model.kalshi_pipeline.fct_citibike_weather_impact
[0m23:11:08.924890 [debug] [MainThread]: Using duckdb connection "master"
[0m23:11:08.925035 [debug] [MainThread]: On master: BEGIN
[0m23:11:08.925149 [debug] [MainThread]: Opening a new connection, currently in state closed
[0m23:11:08.925365 [debug] [MainThread]: SQL status: OK in 0.000 seconds
[0m23:11:08.925489 [debug] [MainThread]: On master: COMMIT
[0m23:11:08.925606 [debug] [MainThread]: Using duckdb connection "master"
[0m23:11:08.925719 [debug] [MainThread]: On master: COMMIT
[0m23:11:08.925879 [debug] [MainThread]: SQL status: OK in 0.000 seconds
[0m23:11:08.926003 [debug] [MainThread]: On master: Close
[0m23:11:08.926155 [debug] [MainThread]: Connection 'master' was properly closed.
[0m23:11:08.926268 [debug] [MainThread]: Connection 'model.kalshi_pipeline.fct_citibike_weather_impact' was properly closed.
[0m23:11:08.926414 [info ] [MainThread]: 
[0m23:11:08.926561 [info ] [MainThread]: Finished running 5 table models in 0 hours 0 minutes and 0.29 seconds (0.29s).
[0m23:11:08.927015 [debug] [MainThread]: Command end result
[0m23:11:08.935755 [debug] [MainThread]: Wrote artifact WritableManifest to /Users/allisonfung/weather/kalshi_pipeline/target/manifest.json
[0m23:11:08.936521 [debug] [MainThread]: Wrote artifact SemanticManifest to /Users/allisonfung/weather/kalshi_pipeline/target/semantic_manifest.json
[0m23:11:08.938918 [debug] [MainThread]: Wrote artifact RunExecutionResult to /Users/allisonfung/weather/kalshi_pipeline/target/run_results.json
[0m23:11:08.939055 [info ] [MainThread]: 
[0m23:11:08.939212 [info ] [MainThread]: [31mCompleted with 1 error, 0 partial successes, and 0 warnings:[0m
[0m23:11:08.939340 [info ] [MainThread]: 
[0m23:11:08.939505 [error] [MainThread]: [31mFailure in model stg_forecast (models/stg_forecast.sql)[0m
[0m23:11:08.939665 [error] [MainThread]:   Runtime Error in model stg_forecast (models/stg_forecast.sql)
  Catalog Error: Table with name "raw_weather.central_park_forecast_previous_day1" does not exist because schema "raw_weather" does not exist.
  
  LINE 15: FROM "kalshi"."raw_weather"."central_park_forecast_previous_day1...
                ^
[0m23:11:08.939791 [info ] [MainThread]: 
[0m23:11:08.939934 [info ] [MainThread]:   compiled code at target/compiled/kalshi_pipeline/models/stg_forecast.sql
[0m23:11:08.940058 [info ] [MainThread]: 
[0m23:11:08.940192 [info ] [MainThread]: Done. PASS=4 WARN=0 ERROR=1 SKIP=0 NO-OP=0 TOTAL=5
[0m23:11:08.941969 [debug] [MainThread]: Resource report: {"command_name": "run", "command_success": false, "command_wall_clock_time": 0.8010417, "process_in_blocks": "0", "process_kernel_time": 0.192577, "process_mem_max_rss": "185024512", "process_out_blocks": "0", "process_user_time": 1.182902}
[0m23:11:08.942176 [debug] [MainThread]: Command `dbt run` failed at 23:11:08.942132 after 0.80 seconds
[0m23:11:08.942345 [debug] [MainThread]: Sending event: {'category': 'dbt', 'action': 'invocation', 'label': 'end', 'context': [<snowplow_tracker.self_describing_json.SelfDescribingJson object at 0x124bdbfb0>, <snowplow_tracker.self_describing_json.SelfDescribingJson object at 0x1250c4e00>, <snowplow_tracker.self_describing_json.SelfDescribingJson object at 0x125628bc0>]}
[0m23:11:08.942502 [debug] [MainThread]: Flushing usage events
[0m23:11:09.088238 [debug] [MainThread]: An error was encountered while trying to flush usage events
[0m23:12:34.549723 [debug] [MainThread]: Sending event: {'category': 'dbt', 'action': 'invocation', 'label': 'start', 'context': [<snowplow_tracker.self_describing_json.SelfDescribingJson object at 0x104e2b380>, <snowplow_tracker.self_describing_json.SelfDescribingJson object at 0x1045a0fb0>, <snowplow_tracker.self_describing_json.SelfDescribingJson object at 0x1045a10a0>]}


============================== 23:12:34.552893 | d463b9c8-0b9f-4da7-9347-792ccfd943c0 ==============================
[0m23:12:34.552893 [info ] [MainThread]: Running with dbt=1.10.4
[0m23:12:34.553188 [debug] [MainThread]: running dbt with arguments {'printer_width': '80', 'indirect_selection': 'eager', 'log_cache_events': 'False', 'write_json': 'True', 'partial_parse': 'True', 'cache_selected_only': 'False', 'profiles_dir': '/Users/allisonfung/weather/kalshi_pipeline', 'fail_fast': 'False', 'warn_error': 'None', 'log_path': '/Users/allisonfung/weather/kalshi_pipeline/logs', 'debug': 'False', 'version_check': 'True', 'use_colors': 'True', 'use_experimental_parser': 'False', 'empty': 'False', 'quiet': 'False', 'no_print': 'None', 'warn_error_options': 'WarnErrorOptionsV2(error=[], warn=[], silence=[])', 'static_parser': 'True', 'introspect': 'True', 'invocation_command': 'dbt run', 'target_path': 'None', 'log_format': 'default', 'send_anonymous_usage_stats': 'True'}
[0m23:12:34.697506 [debug] [MainThread]: Sending event: {'category': 'dbt', 'action': 'project_id', 'label': 'd463b9c8-0b9f-4da7-9347-792ccfd943c0', 'context': [<snowplow_tracker.self_describing_json.SelfDescribingJson object at 0x102666060>]}
[0m23:12:34.720533 [debug] [MainThread]: Sending event: {'category': 'dbt', 'action': 'adapter_info', 'label': 'd463b9c8-0b9f-4da7-9347-792ccfd943c0', 'context': [<snowplow_tracker.self_describing_json.SelfDescribingJson object at 0x1058bc5c0>]}
[0m23:12:34.722005 [info ] [MainThread]: Registered adapter: duckdb=1.10.0
[0m23:12:34.766513 [debug] [MainThread]: checksum: 073cb5a296270136b24f9c040fdebd0642ef9c263903ef463bfe7e190c538da2, vars: {}, profile: , target: , version: 1.10.4
[0m23:12:34.820582 [debug] [MainThread]: Partial parsing enabled: 0 files deleted, 0 files added, 1 files changed.
[0m23:12:34.821074 [debug] [MainThread]: Partial parsing: updated file: kalshi_pipeline://models/sources.yml
[0m23:12:34.957814 [debug] [MainThread]: Sending event: {'category': 'dbt', 'action': 'load_project', 'label': 'd463b9c8-0b9f-4da7-9347-792ccfd943c0', 'context': [<snowplow_tracker.self_describing_json.SelfDescribingJson object at 0x106274320>]}
[0m23:12:34.982843 [debug] [MainThread]: Wrote artifact WritableManifest to /Users/allisonfung/weather/kalshi_pipeline/target/manifest.json
[0m23:12:34.984038 [debug] [MainThread]: Wrote artifact SemanticManifest to /Users/allisonfung/weather/kalshi_pipeline/target/semantic_manifest.json
[0m23:12:34.993882 [debug] [MainThread]: Sending event: {'category': 'dbt', 'action': 'resource_counts', 'label': 'd463b9c8-0b9f-4da7-9347-792ccfd943c0', 'context': [<snowplow_tracker.self_describing_json.SelfDescribingJson object at 0x105f0c3b0>]}
[0m23:12:34.994117 [info ] [MainThread]: Found 5 models, 4 sources, 443 macros
[0m23:12:34.994274 [debug] [MainThread]: Sending event: {'category': 'dbt', 'action': 'runnable_timing', 'label': 'd463b9c8-0b9f-4da7-9347-792ccfd943c0', 'context': [<snowplow_tracker.self_describing_json.SelfDescribingJson object at 0x1062ea3f0>]}
[0m23:12:34.995081 [info ] [MainThread]: 
[0m23:12:34.995245 [info ] [MainThread]: Concurrency: 1 threads (target='dev')
[0m23:12:34.995370 [info ] [MainThread]: 
[0m23:12:34.995574 [debug] [MainThread]: Acquiring new duckdb connection 'master'
[0m23:12:34.997453 [debug] [ThreadPool]: Acquiring new duckdb connection 'list_kalshi'
[0m23:12:35.021889 [debug] [ThreadPool]: Using duckdb connection "list_kalshi"
[0m23:12:35.022084 [debug] [ThreadPool]: On list_kalshi: /* {"app": "dbt", "dbt_version": "1.10.4", "profile_name": "kalshi_pipeline", "target_name": "dev", "connection_name": "list_kalshi"} */

    
    select schema_name
    from system.information_schema.schemata
    
    where lower(catalog_name) = '"kalshi"'
    
  
  
[0m23:12:35.022208 [debug] [ThreadPool]: Opening a new connection, currently in state init
[0m23:12:35.034771 [debug] [ThreadPool]: SQL status: OK in 0.013 seconds
[0m23:12:35.035382 [debug] [ThreadPool]: On list_kalshi: Close
[0m23:12:35.035687 [debug] [ThreadPool]: Re-using an available connection from the pool (formerly list_kalshi, now create_kalshi_main)
[0m23:12:35.035900 [debug] [ThreadPool]: Creating schema "database: "kalshi"
schema: "main"
"
[0m23:12:35.038526 [debug] [ThreadPool]: Using duckdb connection "create_kalshi_main"
[0m23:12:35.038674 [debug] [ThreadPool]: On create_kalshi_main: /* {"app": "dbt", "dbt_version": "1.10.4", "profile_name": "kalshi_pipeline", "target_name": "dev", "connection_name": "create_kalshi_main"} */

    
        select type from duckdb_databases()
        where lower(database_name)='kalshi'
        and type='sqlite'
    
  
[0m23:12:35.038794 [debug] [ThreadPool]: Opening a new connection, currently in state closed
[0m23:12:35.039399 [debug] [ThreadPool]: SQL status: OK in 0.001 seconds
[0m23:12:35.039894 [debug] [ThreadPool]: Using duckdb connection "create_kalshi_main"
[0m23:12:35.040006 [debug] [ThreadPool]: On create_kalshi_main: BEGIN
[0m23:12:35.040171 [debug] [ThreadPool]: SQL status: OK in 0.000 seconds
[0m23:12:35.040284 [debug] [ThreadPool]: Using duckdb connection "create_kalshi_main"
[0m23:12:35.040401 [debug] [ThreadPool]: On create_kalshi_main: /* {"app": "dbt", "dbt_version": "1.10.4", "profile_name": "kalshi_pipeline", "target_name": "dev", "connection_name": "create_kalshi_main"} */

    
    
        create schema if not exists "kalshi"."main"
    
[0m23:12:35.040609 [debug] [ThreadPool]: SQL status: OK in 0.000 seconds
[0m23:12:35.040924 [debug] [ThreadPool]: On create_kalshi_main: COMMIT
[0m23:12:35.041050 [debug] [ThreadPool]: Using duckdb connection "create_kalshi_main"
[0m23:12:35.041153 [debug] [ThreadPool]: On create_kalshi_main: COMMIT
[0m23:12:35.041327 [debug] [ThreadPool]: SQL status: OK in 0.000 seconds
[0m23:12:35.041448 [debug] [ThreadPool]: On create_kalshi_main: Close
[0m23:12:35.041977 [debug] [ThreadPool]: Re-using an available connection from the pool (formerly create_kalshi_main, now list_kalshi_main)
[0m23:12:35.044177 [debug] [ThreadPool]: Using duckdb connection "list_kalshi_main"
[0m23:12:35.044335 [debug] [ThreadPool]: On list_kalshi_main: BEGIN
[0m23:12:35.044450 [debug] [ThreadPool]: Opening a new connection, currently in state closed
[0m23:12:35.044682 [debug] [ThreadPool]: SQL status: OK in 0.000 seconds
[0m23:12:35.044805 [debug] [ThreadPool]: Using duckdb connection "list_kalshi_main"
[0m23:12:35.044931 [debug] [ThreadPool]: On list_kalshi_main: /* {"app": "dbt", "dbt_version": "1.10.4", "profile_name": "kalshi_pipeline", "target_name": "dev", "connection_name": "list_kalshi_main"} */
select
      'kalshi' as database,
      table_name as name,
      table_schema as schema,
      CASE table_type
        WHEN 'BASE TABLE' THEN 'table'
        WHEN 'VIEW' THEN 'view'
        WHEN 'LOCAL TEMPORARY' THEN 'table'
        END as type
    from system.information_schema.tables
    where lower(table_schema) = 'main'
    and lower(table_catalog) = 'kalshi'
  
[0m23:12:35.046955 [debug] [ThreadPool]: SQL status: OK in 0.002 seconds
[0m23:12:35.047733 [debug] [ThreadPool]: On list_kalshi_main: ROLLBACK
[0m23:12:35.048524 [debug] [ThreadPool]: Failed to rollback 'list_kalshi_main'
[0m23:12:35.048665 [debug] [ThreadPool]: On list_kalshi_main: Close
[0m23:12:35.049092 [debug] [MainThread]: Sending event: {'category': 'dbt', 'action': 'runnable_timing', 'label': 'd463b9c8-0b9f-4da7-9347-792ccfd943c0', 'context': [<snowplow_tracker.self_describing_json.SelfDescribingJson object at 0x10624f710>]}
[0m23:12:35.049282 [debug] [MainThread]: Using duckdb connection "master"
[0m23:12:35.049397 [debug] [MainThread]: On master: BEGIN
[0m23:12:35.049503 [debug] [MainThread]: Opening a new connection, currently in state init
[0m23:12:35.049718 [debug] [MainThread]: SQL status: OK in 0.000 seconds
[0m23:12:35.049840 [debug] [MainThread]: On master: COMMIT
[0m23:12:35.049955 [debug] [MainThread]: Using duckdb connection "master"
[0m23:12:35.050069 [debug] [MainThread]: On master: COMMIT
[0m23:12:35.050235 [debug] [MainThread]: SQL status: OK in 0.000 seconds
[0m23:12:35.050354 [debug] [MainThread]: On master: Close
[0m23:12:35.051592 [debug] [Thread-1 (]: Began running node model.kalshi_pipeline.stg_citibike
[0m23:12:35.051804 [info ] [Thread-1 (]: 1 of 5 START sql table model main.stg_citibike ................................. [RUN]
[0m23:12:35.051984 [debug] [Thread-1 (]: Re-using an available connection from the pool (formerly list_kalshi_main, now model.kalshi_pipeline.stg_citibike)
[0m23:12:35.052130 [debug] [Thread-1 (]: Began compiling node model.kalshi_pipeline.stg_citibike
[0m23:12:35.055016 [debug] [Thread-1 (]: Writing injected SQL for node "model.kalshi_pipeline.stg_citibike"
[0m23:12:35.055334 [debug] [Thread-1 (]: Began executing node model.kalshi_pipeline.stg_citibike
[0m23:12:35.068312 [debug] [Thread-1 (]: Writing runtime sql for node "model.kalshi_pipeline.stg_citibike"
[0m23:12:35.068765 [debug] [Thread-1 (]: Using duckdb connection "model.kalshi_pipeline.stg_citibike"
[0m23:12:35.068924 [debug] [Thread-1 (]: On model.kalshi_pipeline.stg_citibike: BEGIN
[0m23:12:35.069070 [debug] [Thread-1 (]: Opening a new connection, currently in state closed
[0m23:12:35.069393 [debug] [Thread-1 (]: SQL status: OK in 0.000 seconds
[0m23:12:35.069537 [debug] [Thread-1 (]: Using duckdb connection "model.kalshi_pipeline.stg_citibike"
[0m23:12:35.069704 [debug] [Thread-1 (]: On model.kalshi_pipeline.stg_citibike: /* {"app": "dbt", "dbt_version": "1.10.4", "profile_name": "kalshi_pipeline", "target_name": "dev", "node_id": "model.kalshi_pipeline.stg_citibike"} */

  
    
    

    create  table
      "kalshi"."main"."stg_citibike__dbt_tmp"
  
    as (
      WITH raw_trips AS (
    SELECT
        date_trunc('hour', CAST(started_at AS TIMESTAMP)) AS trip_hour,
        rideable_type,
        member_casual,
        epoch(CAST(ended_at AS TIMESTAMP) - CAST(started_at AS TIMESTAMP)) / 60.0 AS duration_minutes
    FROM '../data/raw_citibike_202401.parquet'
    WHERE started_at IS NOT NULL
      AND ended_at IS NOT NULL
)

SELECT
    trip_hour,
    COUNT(*) AS total_rides,
    COUNT(CASE WHEN member_casual = 'member' THEN 1 END) AS member_rides,
    COUNT(CASE WHEN member_casual = 'casual' THEN 1 END) AS casual_rides,
    COUNT(CASE WHEN rideable_type = 'electric_bike' THEN 1 END) AS electric_rides,
    COUNT(CASE WHEN rideable_type = 'classic_bike' THEN 1 END) AS classic_rides,
    ROUND(AVG(duration_minutes), 2) AS avg_duration_minutes
FROM raw_trips
-- Filter out zero/negative durations or GPS glitches > 24 hours
WHERE duration_minutes > 1 AND duration_minutes < 1440
GROUP BY trip_hour
    );
  
  
[0m23:12:35.158537 [debug] [Thread-1 (]: SQL status: OK in 0.089 seconds
[0m23:12:35.160951 [debug] [Thread-1 (]: Using duckdb connection "model.kalshi_pipeline.stg_citibike"
[0m23:12:35.161131 [debug] [Thread-1 (]: On model.kalshi_pipeline.stg_citibike: /* {"app": "dbt", "dbt_version": "1.10.4", "profile_name": "kalshi_pipeline", "target_name": "dev", "node_id": "model.kalshi_pipeline.stg_citibike"} */

    SELECT index_name
    FROM duckdb_indexes()
    WHERE schema_name = 'main'
      AND table_name = 'stg_citibike'
  
[0m23:12:35.161535 [debug] [Thread-1 (]: SQL status: OK in 0.000 seconds
[0m23:12:35.162031 [debug] [Thread-1 (]: Using duckdb connection "model.kalshi_pipeline.stg_citibike"
[0m23:12:35.162176 [debug] [Thread-1 (]: On model.kalshi_pipeline.stg_citibike: /* {"app": "dbt", "dbt_version": "1.10.4", "profile_name": "kalshi_pipeline", "target_name": "dev", "node_id": "model.kalshi_pipeline.stg_citibike"} */

    SELECT COUNT(*) as remaining_indexes
    FROM duckdb_indexes()
    WHERE schema_name = 'main'
      AND table_name = 'stg_citibike'
  
[0m23:12:35.162525 [debug] [Thread-1 (]: SQL status: OK in 0.000 seconds
[0m23:12:35.165274 [debug] [Thread-1 (]: Using duckdb connection "model.kalshi_pipeline.stg_citibike"
[0m23:12:35.165425 [debug] [Thread-1 (]: On model.kalshi_pipeline.stg_citibike: /* {"app": "dbt", "dbt_version": "1.10.4", "profile_name": "kalshi_pipeline", "target_name": "dev", "node_id": "model.kalshi_pipeline.stg_citibike"} */
alter table "kalshi"."main"."stg_citibike" rename to "stg_citibike__dbt_backup"
[0m23:12:35.165949 [debug] [Thread-1 (]: SQL status: OK in 0.000 seconds
[0m23:12:35.167642 [debug] [Thread-1 (]: Using duckdb connection "model.kalshi_pipeline.stg_citibike"
[0m23:12:35.167787 [debug] [Thread-1 (]: On model.kalshi_pipeline.stg_citibike: /* {"app": "dbt", "dbt_version": "1.10.4", "profile_name": "kalshi_pipeline", "target_name": "dev", "node_id": "model.kalshi_pipeline.stg_citibike"} */
alter table "kalshi"."main"."stg_citibike__dbt_tmp" rename to "stg_citibike"
[0m23:12:35.168014 [debug] [Thread-1 (]: SQL status: OK in 0.000 seconds
[0m23:12:35.200400 [debug] [Thread-1 (]: On model.kalshi_pipeline.stg_citibike: COMMIT
[0m23:12:35.200660 [debug] [Thread-1 (]: Using duckdb connection "model.kalshi_pipeline.stg_citibike"
[0m23:12:35.200815 [debug] [Thread-1 (]: On model.kalshi_pipeline.stg_citibike: COMMIT
[0m23:12:35.201727 [debug] [Thread-1 (]: SQL status: OK in 0.001 seconds
[0m23:12:35.203899 [debug] [Thread-1 (]: Using duckdb connection "model.kalshi_pipeline.stg_citibike"
[0m23:12:35.204050 [debug] [Thread-1 (]: On model.kalshi_pipeline.stg_citibike: /* {"app": "dbt", "dbt_version": "1.10.4", "profile_name": "kalshi_pipeline", "target_name": "dev", "node_id": "model.kalshi_pipeline.stg_citibike"} */

      drop table if exists "kalshi"."main"."stg_citibike__dbt_backup" cascade
    
[0m23:12:35.204444 [debug] [Thread-1 (]: SQL status: OK in 0.000 seconds
[0m23:12:35.205428 [debug] [Thread-1 (]: On model.kalshi_pipeline.stg_citibike: Close
[0m23:12:35.206267 [debug] [Thread-1 (]: Sending event: {'category': 'dbt', 'action': 'run_model', 'label': 'd463b9c8-0b9f-4da7-9347-792ccfd943c0', 'context': [<snowplow_tracker.self_describing_json.SelfDescribingJson object at 0x102506930>]}
[0m23:12:35.206517 [info ] [Thread-1 (]: 1 of 5 OK created sql table model main.stg_citibike ............................ [[32mOK[0m in 0.15s]
[0m23:12:35.206752 [debug] [Thread-1 (]: Finished running node model.kalshi_pipeline.stg_citibike
[0m23:12:35.206916 [debug] [Thread-1 (]: Began running node model.kalshi_pipeline.stg_forecast
[0m23:12:35.207132 [info ] [Thread-1 (]: 2 of 5 START sql table model main.stg_forecast ................................. [RUN]
[0m23:12:35.207310 [debug] [Thread-1 (]: Re-using an available connection from the pool (formerly model.kalshi_pipeline.stg_citibike, now model.kalshi_pipeline.stg_forecast)
[0m23:12:35.207459 [debug] [Thread-1 (]: Began compiling node model.kalshi_pipeline.stg_forecast
[0m23:12:35.208462 [debug] [Thread-1 (]: Writing injected SQL for node "model.kalshi_pipeline.stg_forecast"
[0m23:12:35.208733 [debug] [Thread-1 (]: Began executing node model.kalshi_pipeline.stg_forecast
[0m23:12:35.209978 [debug] [Thread-1 (]: Writing runtime sql for node "model.kalshi_pipeline.stg_forecast"
[0m23:12:35.210254 [debug] [Thread-1 (]: Using duckdb connection "model.kalshi_pipeline.stg_forecast"
[0m23:12:35.210392 [debug] [Thread-1 (]: On model.kalshi_pipeline.stg_forecast: BEGIN
[0m23:12:35.210524 [debug] [Thread-1 (]: Opening a new connection, currently in state closed
[0m23:12:35.210775 [debug] [Thread-1 (]: SQL status: OK in 0.000 seconds
[0m23:12:35.210914 [debug] [Thread-1 (]: Using duckdb connection "model.kalshi_pipeline.stg_forecast"
[0m23:12:35.211060 [debug] [Thread-1 (]: On model.kalshi_pipeline.stg_forecast: /* {"app": "dbt", "dbt_version": "1.10.4", "profile_name": "kalshi_pipeline", "target_name": "dev", "node_id": "model.kalshi_pipeline.stg_forecast"} */

  
    
    

    create  table
      "kalshi"."main"."stg_forecast__dbt_tmp"
  
    as (
      SELECT
    CAST(time AS TIMESTAMP) AS forecast_timestamp,
    CAST(time AS DATE) AS forecast_date,
    temperature_2m_previous_day1 AS forecast_temp_previous_day1
FROM '../data/raw_forecast_previous_day1.parquet'
    );
  
  
[0m23:12:35.214361 [debug] [Thread-1 (]: SQL status: OK in 0.003 seconds
[0m23:12:35.215761 [debug] [Thread-1 (]: Using duckdb connection "model.kalshi_pipeline.stg_forecast"
[0m23:12:35.215944 [debug] [Thread-1 (]: On model.kalshi_pipeline.stg_forecast: /* {"app": "dbt", "dbt_version": "1.10.4", "profile_name": "kalshi_pipeline", "target_name": "dev", "node_id": "model.kalshi_pipeline.stg_forecast"} */
alter table "kalshi"."main"."stg_forecast__dbt_tmp" rename to "stg_forecast"
[0m23:12:35.216228 [debug] [Thread-1 (]: SQL status: OK in 0.000 seconds
[0m23:12:35.216837 [debug] [Thread-1 (]: On model.kalshi_pipeline.stg_forecast: COMMIT
[0m23:12:35.216974 [debug] [Thread-1 (]: Using duckdb connection "model.kalshi_pipeline.stg_forecast"
[0m23:12:35.217096 [debug] [Thread-1 (]: On model.kalshi_pipeline.stg_forecast: COMMIT
[0m23:12:35.217759 [debug] [Thread-1 (]: SQL status: OK in 0.000 seconds
[0m23:12:35.219148 [debug] [Thread-1 (]: Using duckdb connection "model.kalshi_pipeline.stg_forecast"
[0m23:12:35.219334 [debug] [Thread-1 (]: On model.kalshi_pipeline.stg_forecast: /* {"app": "dbt", "dbt_version": "1.10.4", "profile_name": "kalshi_pipeline", "target_name": "dev", "node_id": "model.kalshi_pipeline.stg_forecast"} */

      drop table if exists "kalshi"."main"."stg_forecast__dbt_backup" cascade
    
[0m23:12:35.219661 [debug] [Thread-1 (]: SQL status: OK in 0.000 seconds
[0m23:12:35.220309 [debug] [Thread-1 (]: On model.kalshi_pipeline.stg_forecast: Close
[0m23:12:35.220567 [debug] [Thread-1 (]: Sending event: {'category': 'dbt', 'action': 'run_model', 'label': 'd463b9c8-0b9f-4da7-9347-792ccfd943c0', 'context': [<snowplow_tracker.self_describing_json.SelfDescribingJson object at 0x1057c2db0>]}
[0m23:12:35.220826 [info ] [Thread-1 (]: 2 of 5 OK created sql table model main.stg_forecast ............................ [[32mOK[0m in 0.01s]
[0m23:12:35.221069 [debug] [Thread-1 (]: Finished running node model.kalshi_pipeline.stg_forecast
[0m23:12:35.221251 [debug] [Thread-1 (]: Began running node model.kalshi_pipeline.stg_noaa
[0m23:12:35.221452 [info ] [Thread-1 (]: 3 of 5 START sql table model main.stg_noaa ..................................... [RUN]
[0m23:12:35.221632 [debug] [Thread-1 (]: Re-using an available connection from the pool (formerly model.kalshi_pipeline.stg_forecast, now model.kalshi_pipeline.stg_noaa)
[0m23:12:35.221780 [debug] [Thread-1 (]: Began compiling node model.kalshi_pipeline.stg_noaa
[0m23:12:35.222917 [debug] [Thread-1 (]: Writing injected SQL for node "model.kalshi_pipeline.stg_noaa"
[0m23:12:35.223267 [debug] [Thread-1 (]: Began executing node model.kalshi_pipeline.stg_noaa
[0m23:12:35.224463 [debug] [Thread-1 (]: Writing runtime sql for node "model.kalshi_pipeline.stg_noaa"
[0m23:12:35.224733 [debug] [Thread-1 (]: Using duckdb connection "model.kalshi_pipeline.stg_noaa"
[0m23:12:35.224873 [debug] [Thread-1 (]: On model.kalshi_pipeline.stg_noaa: BEGIN
[0m23:12:35.225001 [debug] [Thread-1 (]: Opening a new connection, currently in state closed
[0m23:12:35.225257 [debug] [Thread-1 (]: SQL status: OK in 0.000 seconds
[0m23:12:35.225399 [debug] [Thread-1 (]: Using duckdb connection "model.kalshi_pipeline.stg_noaa"
[0m23:12:35.225542 [debug] [Thread-1 (]: On model.kalshi_pipeline.stg_noaa: /* {"app": "dbt", "dbt_version": "1.10.4", "profile_name": "kalshi_pipeline", "target_name": "dev", "node_id": "model.kalshi_pipeline.stg_noaa"} */

  
    
    

    create  table
      "kalshi"."main"."stg_noaa__dbt_tmp"
  
    as (
      SELECT
    CAST(DATE AS DATE) AS weather_date,
    TMAX AS official_high_temp
FROM '../data/raw_noaa_daily_high.parquet'
    );
  
  
[0m23:12:35.226501 [debug] [Thread-1 (]: SQL status: OK in 0.001 seconds
[0m23:12:35.226933 [debug] [Thread-1 (]: Using duckdb connection "model.kalshi_pipeline.stg_noaa"
[0m23:12:35.227067 [debug] [Thread-1 (]: On model.kalshi_pipeline.stg_noaa: /* {"app": "dbt", "dbt_version": "1.10.4", "profile_name": "kalshi_pipeline", "target_name": "dev", "node_id": "model.kalshi_pipeline.stg_noaa"} */

    SELECT index_name
    FROM duckdb_indexes()
    WHERE schema_name = 'main'
      AND table_name = 'stg_noaa'
  
[0m23:12:35.227401 [debug] [Thread-1 (]: SQL status: OK in 0.000 seconds
[0m23:12:35.227902 [debug] [Thread-1 (]: Using duckdb connection "model.kalshi_pipeline.stg_noaa"
[0m23:12:35.228042 [debug] [Thread-1 (]: On model.kalshi_pipeline.stg_noaa: /* {"app": "dbt", "dbt_version": "1.10.4", "profile_name": "kalshi_pipeline", "target_name": "dev", "node_id": "model.kalshi_pipeline.stg_noaa"} */

    SELECT COUNT(*) as remaining_indexes
    FROM duckdb_indexes()
    WHERE schema_name = 'main'
      AND table_name = 'stg_noaa'
  
[0m23:12:35.228396 [debug] [Thread-1 (]: SQL status: OK in 0.000 seconds
[0m23:12:35.229661 [debug] [Thread-1 (]: Using duckdb connection "model.kalshi_pipeline.stg_noaa"
[0m23:12:35.229906 [debug] [Thread-1 (]: On model.kalshi_pipeline.stg_noaa: /* {"app": "dbt", "dbt_version": "1.10.4", "profile_name": "kalshi_pipeline", "target_name": "dev", "node_id": "model.kalshi_pipeline.stg_noaa"} */
alter table "kalshi"."main"."stg_noaa" rename to "stg_noaa__dbt_backup"
[0m23:12:35.230287 [debug] [Thread-1 (]: SQL status: OK in 0.000 seconds
[0m23:12:35.231570 [debug] [Thread-1 (]: Using duckdb connection "model.kalshi_pipeline.stg_noaa"
[0m23:12:35.231713 [debug] [Thread-1 (]: On model.kalshi_pipeline.stg_noaa: /* {"app": "dbt", "dbt_version": "1.10.4", "profile_name": "kalshi_pipeline", "target_name": "dev", "node_id": "model.kalshi_pipeline.stg_noaa"} */
alter table "kalshi"."main"."stg_noaa__dbt_tmp" rename to "stg_noaa"
[0m23:12:35.231951 [debug] [Thread-1 (]: SQL status: OK in 0.000 seconds
[0m23:12:35.232658 [debug] [Thread-1 (]: On model.kalshi_pipeline.stg_noaa: COMMIT
[0m23:12:35.232797 [debug] [Thread-1 (]: Using duckdb connection "model.kalshi_pipeline.stg_noaa"
[0m23:12:35.232920 [debug] [Thread-1 (]: On model.kalshi_pipeline.stg_noaa: COMMIT
[0m23:12:35.233409 [debug] [Thread-1 (]: SQL status: OK in 0.000 seconds
[0m23:12:35.234329 [debug] [Thread-1 (]: Using duckdb connection "model.kalshi_pipeline.stg_noaa"
[0m23:12:35.234476 [debug] [Thread-1 (]: On model.kalshi_pipeline.stg_noaa: /* {"app": "dbt", "dbt_version": "1.10.4", "profile_name": "kalshi_pipeline", "target_name": "dev", "node_id": "model.kalshi_pipeline.stg_noaa"} */

      drop table if exists "kalshi"."main"."stg_noaa__dbt_backup" cascade
    
[0m23:12:35.234776 [debug] [Thread-1 (]: SQL status: OK in 0.000 seconds
[0m23:12:35.235244 [debug] [Thread-1 (]: On model.kalshi_pipeline.stg_noaa: Close
[0m23:12:35.235448 [debug] [Thread-1 (]: Sending event: {'category': 'dbt', 'action': 'run_model', 'label': 'd463b9c8-0b9f-4da7-9347-792ccfd943c0', 'context': [<snowplow_tracker.self_describing_json.SelfDescribingJson object at 0x105b375c0>]}
[0m23:12:35.235694 [info ] [Thread-1 (]: 3 of 5 OK created sql table model main.stg_noaa ................................ [[32mOK[0m in 0.01s]
[0m23:12:35.235922 [debug] [Thread-1 (]: Finished running node model.kalshi_pipeline.stg_noaa
[0m23:12:35.236086 [debug] [Thread-1 (]: Began running node model.kalshi_pipeline.stg_weather
[0m23:12:35.236293 [info ] [Thread-1 (]: 4 of 5 START sql table model main.stg_weather .................................. [RUN]
[0m23:12:35.236478 [debug] [Thread-1 (]: Re-using an available connection from the pool (formerly model.kalshi_pipeline.stg_noaa, now model.kalshi_pipeline.stg_weather)
[0m23:12:35.236624 [debug] [Thread-1 (]: Began compiling node model.kalshi_pipeline.stg_weather
[0m23:12:35.238673 [debug] [Thread-1 (]: Writing injected SQL for node "model.kalshi_pipeline.stg_weather"
[0m23:12:35.239016 [debug] [Thread-1 (]: Began executing node model.kalshi_pipeline.stg_weather
[0m23:12:35.240231 [debug] [Thread-1 (]: Writing runtime sql for node "model.kalshi_pipeline.stg_weather"
[0m23:12:35.240501 [debug] [Thread-1 (]: Using duckdb connection "model.kalshi_pipeline.stg_weather"
[0m23:12:35.240641 [debug] [Thread-1 (]: On model.kalshi_pipeline.stg_weather: BEGIN
[0m23:12:35.240774 [debug] [Thread-1 (]: Opening a new connection, currently in state closed
[0m23:12:35.241065 [debug] [Thread-1 (]: SQL status: OK in 0.000 seconds
[0m23:12:35.241200 [debug] [Thread-1 (]: Using duckdb connection "model.kalshi_pipeline.stg_weather"
[0m23:12:35.241346 [debug] [Thread-1 (]: On model.kalshi_pipeline.stg_weather: /* {"app": "dbt", "dbt_version": "1.10.4", "profile_name": "kalshi_pipeline", "target_name": "dev", "node_id": "model.kalshi_pipeline.stg_weather"} */

  
    
    

    create  table
      "kalshi"."main"."stg_weather__dbt_tmp"
  
    as (
      SELECT
    CAST(time AS TIMESTAMP) AS weather_timestamp,
    CAST(time AS DATE) AS weather_date,
    EXTRACT(HOUR FROM CAST(time AS TIMESTAMP)) AS hour_of_day,
    temperature_2m AS temp_f,
    relative_humidity_2m AS humidity,
    cloud_cover,
    precipitation
FROM '../data/raw_central_park_weather.parquet'
    );
  
  
[0m23:12:35.245296 [debug] [Thread-1 (]: SQL status: OK in 0.004 seconds
[0m23:12:35.245858 [debug] [Thread-1 (]: Using duckdb connection "model.kalshi_pipeline.stg_weather"
[0m23:12:35.246023 [debug] [Thread-1 (]: On model.kalshi_pipeline.stg_weather: /* {"app": "dbt", "dbt_version": "1.10.4", "profile_name": "kalshi_pipeline", "target_name": "dev", "node_id": "model.kalshi_pipeline.stg_weather"} */

    SELECT index_name
    FROM duckdb_indexes()
    WHERE schema_name = 'main'
      AND table_name = 'stg_weather'
  
[0m23:12:35.246456 [debug] [Thread-1 (]: SQL status: OK in 0.000 seconds
[0m23:12:35.247027 [debug] [Thread-1 (]: Using duckdb connection "model.kalshi_pipeline.stg_weather"
[0m23:12:35.247198 [debug] [Thread-1 (]: On model.kalshi_pipeline.stg_weather: /* {"app": "dbt", "dbt_version": "1.10.4", "profile_name": "kalshi_pipeline", "target_name": "dev", "node_id": "model.kalshi_pipeline.stg_weather"} */

    SELECT COUNT(*) as remaining_indexes
    FROM duckdb_indexes()
    WHERE schema_name = 'main'
      AND table_name = 'stg_weather'
  
[0m23:12:35.247566 [debug] [Thread-1 (]: SQL status: OK in 0.000 seconds
[0m23:12:35.248749 [debug] [Thread-1 (]: Using duckdb connection "model.kalshi_pipeline.stg_weather"
[0m23:12:35.248883 [debug] [Thread-1 (]: On model.kalshi_pipeline.stg_weather: /* {"app": "dbt", "dbt_version": "1.10.4", "profile_name": "kalshi_pipeline", "target_name": "dev", "node_id": "model.kalshi_pipeline.stg_weather"} */
alter table "kalshi"."main"."stg_weather" rename to "stg_weather__dbt_backup"
[0m23:12:35.249121 [debug] [Thread-1 (]: SQL status: OK in 0.000 seconds
[0m23:12:35.250058 [debug] [Thread-1 (]: Using duckdb connection "model.kalshi_pipeline.stg_weather"
[0m23:12:35.250196 [debug] [Thread-1 (]: On model.kalshi_pipeline.stg_weather: /* {"app": "dbt", "dbt_version": "1.10.4", "profile_name": "kalshi_pipeline", "target_name": "dev", "node_id": "model.kalshi_pipeline.stg_weather"} */
alter table "kalshi"."main"."stg_weather__dbt_tmp" rename to "stg_weather"
[0m23:12:35.250418 [debug] [Thread-1 (]: SQL status: OK in 0.000 seconds
[0m23:12:35.251106 [debug] [Thread-1 (]: On model.kalshi_pipeline.stg_weather: COMMIT
[0m23:12:35.251249 [debug] [Thread-1 (]: Using duckdb connection "model.kalshi_pipeline.stg_weather"
[0m23:12:35.251380 [debug] [Thread-1 (]: On model.kalshi_pipeline.stg_weather: COMMIT
[0m23:12:35.252309 [debug] [Thread-1 (]: SQL status: OK in 0.001 seconds
[0m23:12:35.253269 [debug] [Thread-1 (]: Using duckdb connection "model.kalshi_pipeline.stg_weather"
[0m23:12:35.253434 [debug] [Thread-1 (]: On model.kalshi_pipeline.stg_weather: /* {"app": "dbt", "dbt_version": "1.10.4", "profile_name": "kalshi_pipeline", "target_name": "dev", "node_id": "model.kalshi_pipeline.stg_weather"} */

      drop table if exists "kalshi"."main"."stg_weather__dbt_backup" cascade
    
[0m23:12:35.253774 [debug] [Thread-1 (]: SQL status: OK in 0.000 seconds
[0m23:12:35.254251 [debug] [Thread-1 (]: On model.kalshi_pipeline.stg_weather: Close
[0m23:12:35.254459 [debug] [Thread-1 (]: Sending event: {'category': 'dbt', 'action': 'run_model', 'label': 'd463b9c8-0b9f-4da7-9347-792ccfd943c0', 'context': [<snowplow_tracker.self_describing_json.SelfDescribingJson object at 0x106716d80>]}
[0m23:12:35.254690 [info ] [Thread-1 (]: 4 of 5 OK created sql table model main.stg_weather ............................. [[32mOK[0m in 0.02s]
[0m23:12:35.254918 [debug] [Thread-1 (]: Finished running node model.kalshi_pipeline.stg_weather
[0m23:12:35.255226 [debug] [Thread-1 (]: Began running node model.kalshi_pipeline.fct_citibike_weather_impact
[0m23:12:35.255432 [info ] [Thread-1 (]: 5 of 5 START sql table model main.fct_citibike_weather_impact .................. [RUN]
[0m23:12:35.255632 [debug] [Thread-1 (]: Re-using an available connection from the pool (formerly model.kalshi_pipeline.stg_weather, now model.kalshi_pipeline.fct_citibike_weather_impact)
[0m23:12:35.255783 [debug] [Thread-1 (]: Began compiling node model.kalshi_pipeline.fct_citibike_weather_impact
[0m23:12:35.256991 [debug] [Thread-1 (]: Writing injected SQL for node "model.kalshi_pipeline.fct_citibike_weather_impact"
[0m23:12:35.257298 [debug] [Thread-1 (]: Began executing node model.kalshi_pipeline.fct_citibike_weather_impact
[0m23:12:35.258484 [debug] [Thread-1 (]: Writing runtime sql for node "model.kalshi_pipeline.fct_citibike_weather_impact"
[0m23:12:35.258732 [debug] [Thread-1 (]: Using duckdb connection "model.kalshi_pipeline.fct_citibike_weather_impact"
[0m23:12:35.258870 [debug] [Thread-1 (]: On model.kalshi_pipeline.fct_citibike_weather_impact: BEGIN
[0m23:12:35.259004 [debug] [Thread-1 (]: Opening a new connection, currently in state closed
[0m23:12:35.259243 [debug] [Thread-1 (]: SQL status: OK in 0.000 seconds
[0m23:12:35.259381 [debug] [Thread-1 (]: Using duckdb connection "model.kalshi_pipeline.fct_citibike_weather_impact"
[0m23:12:35.259548 [debug] [Thread-1 (]: On model.kalshi_pipeline.fct_citibike_weather_impact: /* {"app": "dbt", "dbt_version": "1.10.4", "profile_name": "kalshi_pipeline", "target_name": "dev", "node_id": "model.kalshi_pipeline.fct_citibike_weather_impact"} */

  
    
    

    create  table
      "kalshi"."main"."fct_citibike_weather_impact__dbt_tmp"
  
    as (
      WITH citibike AS (
    SELECT * FROM "kalshi"."main"."stg_citibike"
),

weather AS (
    SELECT * FROM "kalshi"."main"."stg_weather"
)

SELECT
    w.weather_timestamp AS hour_timestamp,
    w.weather_date,
    w.hour_of_day,
    w.temp_f,
    w.humidity,
    w.cloud_cover,
    w.precipitation,
    -- Weather flags for quick analytical slicing
    CASE WHEN w.precipitation > 0.05 THEN TRUE ELSE FALSE END AS is_raining,
    CASE WHEN w.temp_f < 32.0 THEN TRUE ELSE FALSE END AS is_freezing,
    -- Ride metrics (COALESCE to 0 in case weather had zero recorded rides in a blizzard)
    COALESCE(c.total_rides, 0) AS total_rides,
    COALESCE(c.member_rides, 0) AS member_rides,
    COALESCE(c.casual_rides, 0) AS casual_rides,
    COALESCE(c.electric_rides, 0) AS electric_rides,
    COALESCE(c.classic_rides, 0) AS classic_rides,
    c.avg_duration_minutes
FROM weather w
LEFT JOIN citibike c
    ON w.weather_timestamp = c.trip_hour
WHERE w.weather_date BETWEEN '2024-01-01' AND '2024-01-31'
ORDER BY hour_timestamp ASC
    );
  
  
[0m23:12:35.265121 [debug] [Thread-1 (]: SQL status: OK in 0.005 seconds
[0m23:12:35.265619 [debug] [Thread-1 (]: Using duckdb connection "model.kalshi_pipeline.fct_citibike_weather_impact"
[0m23:12:35.265765 [debug] [Thread-1 (]: On model.kalshi_pipeline.fct_citibike_weather_impact: /* {"app": "dbt", "dbt_version": "1.10.4", "profile_name": "kalshi_pipeline", "target_name": "dev", "node_id": "model.kalshi_pipeline.fct_citibike_weather_impact"} */

    SELECT index_name
    FROM duckdb_indexes()
    WHERE schema_name = 'main'
      AND table_name = 'fct_citibike_weather_impact'
  
[0m23:12:35.266073 [debug] [Thread-1 (]: SQL status: OK in 0.000 seconds
[0m23:12:35.266532 [debug] [Thread-1 (]: Using duckdb connection "model.kalshi_pipeline.fct_citibike_weather_impact"
[0m23:12:35.266669 [debug] [Thread-1 (]: On model.kalshi_pipeline.fct_citibike_weather_impact: /* {"app": "dbt", "dbt_version": "1.10.4", "profile_name": "kalshi_pipeline", "target_name": "dev", "node_id": "model.kalshi_pipeline.fct_citibike_weather_impact"} */

    SELECT COUNT(*) as remaining_indexes
    FROM duckdb_indexes()
    WHERE schema_name = 'main'
      AND table_name = 'fct_citibike_weather_impact'
  
[0m23:12:35.266972 [debug] [Thread-1 (]: SQL status: OK in 0.000 seconds
[0m23:12:35.268205 [debug] [Thread-1 (]: Using duckdb connection "model.kalshi_pipeline.fct_citibike_weather_impact"
[0m23:12:35.268343 [debug] [Thread-1 (]: On model.kalshi_pipeline.fct_citibike_weather_impact: /* {"app": "dbt", "dbt_version": "1.10.4", "profile_name": "kalshi_pipeline", "target_name": "dev", "node_id": "model.kalshi_pipeline.fct_citibike_weather_impact"} */
alter table "kalshi"."main"."fct_citibike_weather_impact" rename to "fct_citibike_weather_impact__dbt_backup"
[0m23:12:35.268581 [debug] [Thread-1 (]: SQL status: OK in 0.000 seconds
[0m23:12:35.269675 [debug] [Thread-1 (]: Using duckdb connection "model.kalshi_pipeline.fct_citibike_weather_impact"
[0m23:12:35.269831 [debug] [Thread-1 (]: On model.kalshi_pipeline.fct_citibike_weather_impact: /* {"app": "dbt", "dbt_version": "1.10.4", "profile_name": "kalshi_pipeline", "target_name": "dev", "node_id": "model.kalshi_pipeline.fct_citibike_weather_impact"} */
alter table "kalshi"."main"."fct_citibike_weather_impact__dbt_tmp" rename to "fct_citibike_weather_impact"
[0m23:12:35.270074 [debug] [Thread-1 (]: SQL status: OK in 0.000 seconds
[0m23:12:35.270717 [debug] [Thread-1 (]: On model.kalshi_pipeline.fct_citibike_weather_impact: COMMIT
[0m23:12:35.270852 [debug] [Thread-1 (]: Using duckdb connection "model.kalshi_pipeline.fct_citibike_weather_impact"
[0m23:12:35.270990 [debug] [Thread-1 (]: On model.kalshi_pipeline.fct_citibike_weather_impact: COMMIT
[0m23:12:35.271484 [debug] [Thread-1 (]: SQL status: OK in 0.000 seconds
[0m23:12:35.272457 [debug] [Thread-1 (]: Using duckdb connection "model.kalshi_pipeline.fct_citibike_weather_impact"
[0m23:12:35.272610 [debug] [Thread-1 (]: On model.kalshi_pipeline.fct_citibike_weather_impact: /* {"app": "dbt", "dbt_version": "1.10.4", "profile_name": "kalshi_pipeline", "target_name": "dev", "node_id": "model.kalshi_pipeline.fct_citibike_weather_impact"} */

      drop table if exists "kalshi"."main"."fct_citibike_weather_impact__dbt_backup" cascade
    
[0m23:12:35.273095 [debug] [Thread-1 (]: SQL status: OK in 0.000 seconds
[0m23:12:35.273855 [debug] [Thread-1 (]: On model.kalshi_pipeline.fct_citibike_weather_impact: Close
[0m23:12:35.274137 [debug] [Thread-1 (]: Sending event: {'category': 'dbt', 'action': 'run_model', 'label': 'd463b9c8-0b9f-4da7-9347-792ccfd943c0', 'context': [<snowplow_tracker.self_describing_json.SelfDescribingJson object at 0x106057740>]}
[0m23:12:35.274418 [info ] [Thread-1 (]: 5 of 5 OK created sql table model main.fct_citibike_weather_impact ............. [[32mOK[0m in 0.02s]
[0m23:12:35.274680 [debug] [Thread-1 (]: Finished running node model.kalshi_pipeline.fct_citibike_weather_impact
[0m23:12:35.275211 [debug] [MainThread]: Using duckdb connection "master"
[0m23:12:35.275353 [debug] [MainThread]: On master: BEGIN
[0m23:12:35.275469 [debug] [MainThread]: Opening a new connection, currently in state closed
[0m23:12:35.275713 [debug] [MainThread]: SQL status: OK in 0.000 seconds
[0m23:12:35.275843 [debug] [MainThread]: On master: COMMIT
[0m23:12:35.275965 [debug] [MainThread]: Using duckdb connection "master"
[0m23:12:35.276078 [debug] [MainThread]: On master: COMMIT
[0m23:12:35.276234 [debug] [MainThread]: SQL status: OK in 0.000 seconds
[0m23:12:35.276359 [debug] [MainThread]: On master: Close
[0m23:12:35.276515 [debug] [MainThread]: Connection 'master' was properly closed.
[0m23:12:35.276628 [debug] [MainThread]: Connection 'model.kalshi_pipeline.fct_citibike_weather_impact' was properly closed.
[0m23:12:35.276778 [info ] [MainThread]: 
[0m23:12:35.276927 [info ] [MainThread]: Finished running 5 table models in 0 hours 0 minutes and 0.28 seconds (0.28s).
[0m23:12:35.277415 [debug] [MainThread]: Command end result
[0m23:12:35.286808 [debug] [MainThread]: Wrote artifact WritableManifest to /Users/allisonfung/weather/kalshi_pipeline/target/manifest.json
[0m23:12:35.287759 [debug] [MainThread]: Wrote artifact SemanticManifest to /Users/allisonfung/weather/kalshi_pipeline/target/semantic_manifest.json
[0m23:12:35.290319 [debug] [MainThread]: Wrote artifact RunExecutionResult to /Users/allisonfung/weather/kalshi_pipeline/target/run_results.json
[0m23:12:35.290462 [info ] [MainThread]: 
[0m23:12:35.290633 [info ] [MainThread]: [32mCompleted successfully[0m
[0m23:12:35.290762 [info ] [MainThread]: 
[0m23:12:35.290910 [info ] [MainThread]: Done. PASS=5 WARN=0 ERROR=0 SKIP=0 NO-OP=0 TOTAL=5
[0m23:12:35.292837 [debug] [MainThread]: Resource report: {"command_name": "run", "command_success": true, "command_wall_clock_time": 0.7724212, "process_in_blocks": "0", "process_kernel_time": 0.18092, "process_mem_max_rss": "183533568", "process_out_blocks": "0", "process_user_time": 1.197821}
[0m23:12:35.293054 [debug] [MainThread]: Command `dbt run` succeeded at 23:12:35.293018 after 0.77 seconds
[0m23:12:35.293215 [debug] [MainThread]: Sending event: {'category': 'dbt', 'action': 'invocation', 'label': 'end', 'context': [<snowplow_tracker.self_describing_json.SelfDescribingJson object at 0x1045dbf50>, <snowplow_tracker.self_describing_json.SelfDescribingJson object at 0x102664560>, <snowplow_tracker.self_describing_json.SelfDescribingJson object at 0x106318140>]}
[0m23:12:35.293363 [debug] [MainThread]: Flushing usage events
[0m23:12:35.582975 [debug] [MainThread]: An error was encountered while trying to flush usage events
[0m23:31:20.428779 [debug] [MainThread]: Sending event: {'category': 'dbt', 'action': 'invocation', 'label': 'start', 'context': [<snowplow_tracker.self_describing_json.SelfDescribingJson object at 0x115bbfec0>, <snowplow_tracker.self_describing_json.SelfDescribingJson object at 0x1163c07d0>, <snowplow_tracker.self_describing_json.SelfDescribingJson object at 0x1163c03e0>]}


============================== 23:31:20.432045 | 9b8716c8-f87a-44a6-9aa0-7773d6aae331 ==============================
[0m23:31:20.432045 [info ] [MainThread]: Running with dbt=1.10.4
[0m23:31:20.432328 [debug] [MainThread]: running dbt with arguments {'printer_width': '80', 'indirect_selection': 'eager', 'write_json': 'True', 'log_cache_events': 'False', 'partial_parse': 'True', 'cache_selected_only': 'False', 'warn_error': 'None', 'debug': 'False', 'fail_fast': 'False', 'log_path': '/Users/allisonfung/weather/kalshi_pipeline/logs', 'profiles_dir': '/Users/allisonfung/weather/kalshi_pipeline', 'version_check': 'True', 'use_colors': 'True', 'use_experimental_parser': 'False', 'empty': 'False', 'quiet': 'False', 'no_print': 'None', 'warn_error_options': 'WarnErrorOptionsV2(error=[], warn=[], silence=[])', 'introspect': 'True', 'invocation_command': 'dbt run', 'static_parser': 'True', 'target_path': 'None', 'log_format': 'default', 'send_anonymous_usage_stats': 'True'}
[0m23:31:20.532177 [debug] [MainThread]: Sending event: {'category': 'dbt', 'action': 'project_id', 'label': '9b8716c8-f87a-44a6-9aa0-7773d6aae331', 'context': [<snowplow_tracker.self_describing_json.SelfDescribingJson object at 0x1164c7200>]}
[0m23:31:20.554788 [debug] [MainThread]: Sending event: {'category': 'dbt', 'action': 'adapter_info', 'label': '9b8716c8-f87a-44a6-9aa0-7773d6aae331', 'context': [<snowplow_tracker.self_describing_json.SelfDescribingJson object at 0x11638a420>]}
[0m23:31:20.555962 [info ] [MainThread]: Registered adapter: duckdb=1.10.0
[0m23:31:20.599043 [debug] [MainThread]: checksum: 073cb5a296270136b24f9c040fdebd0642ef9c263903ef463bfe7e190c538da2, vars: {}, profile: , target: , version: 1.10.4
[0m23:31:20.653118 [debug] [MainThread]: Partial parsing enabled: 0 files deleted, 0 files added, 1 files changed.
[0m23:31:20.653438 [debug] [MainThread]: Partial parsing: updated file: kalshi_pipeline://models/fct_citibike_weather_impact.sql
[0m23:31:20.749324 [debug] [MainThread]: Sending event: {'category': 'dbt', 'action': 'load_project', 'label': '9b8716c8-f87a-44a6-9aa0-7773d6aae331', 'context': [<snowplow_tracker.self_describing_json.SelfDescribingJson object at 0x116dfeea0>]}
[0m23:31:20.775667 [debug] [MainThread]: Wrote artifact WritableManifest to /Users/allisonfung/weather/kalshi_pipeline/target/manifest.json
[0m23:31:20.779675 [debug] [MainThread]: Wrote artifact SemanticManifest to /Users/allisonfung/weather/kalshi_pipeline/target/semantic_manifest.json
[0m23:31:20.790704 [debug] [MainThread]: Sending event: {'category': 'dbt', 'action': 'resource_counts', 'label': '9b8716c8-f87a-44a6-9aa0-7773d6aae331', 'context': [<snowplow_tracker.self_describing_json.SelfDescribingJson object at 0x116f1a630>]}
[0m23:31:20.790920 [info ] [MainThread]: Found 5 models, 4 sources, 443 macros
[0m23:31:20.791075 [debug] [MainThread]: Sending event: {'category': 'dbt', 'action': 'runnable_timing', 'label': '9b8716c8-f87a-44a6-9aa0-7773d6aae331', 'context': [<snowplow_tracker.self_describing_json.SelfDescribingJson object at 0x116dffef0>]}
[0m23:31:20.791897 [info ] [MainThread]: 
[0m23:31:20.792068 [info ] [MainThread]: Concurrency: 1 threads (target='dev')
[0m23:31:20.792193 [info ] [MainThread]: 
[0m23:31:20.792402 [debug] [MainThread]: Acquiring new duckdb connection 'master'
[0m23:31:20.794342 [debug] [ThreadPool]: Acquiring new duckdb connection 'list_kalshi'
[0m23:31:20.819845 [debug] [ThreadPool]: Using duckdb connection "list_kalshi"
[0m23:31:20.820059 [debug] [ThreadPool]: On list_kalshi: /* {"app": "dbt", "dbt_version": "1.10.4", "profile_name": "kalshi_pipeline", "target_name": "dev", "connection_name": "list_kalshi"} */

    
    select schema_name
    from system.information_schema.schemata
    
    where lower(catalog_name) = '"kalshi"'
    
  
  
[0m23:31:20.820193 [debug] [ThreadPool]: Opening a new connection, currently in state init
[0m23:31:20.828673 [debug] [ThreadPool]: SQL status: OK in 0.008 seconds
[0m23:31:20.829293 [debug] [ThreadPool]: On list_kalshi: Close
[0m23:31:20.829604 [debug] [ThreadPool]: Re-using an available connection from the pool (formerly list_kalshi, now create_kalshi_main)
[0m23:31:20.829976 [debug] [ThreadPool]: Creating schema "database: "kalshi"
schema: "main"
"
[0m23:31:20.832651 [debug] [ThreadPool]: Using duckdb connection "create_kalshi_main"
[0m23:31:20.832802 [debug] [ThreadPool]: On create_kalshi_main: /* {"app": "dbt", "dbt_version": "1.10.4", "profile_name": "kalshi_pipeline", "target_name": "dev", "connection_name": "create_kalshi_main"} */

    
        select type from duckdb_databases()
        where lower(database_name)='kalshi'
        and type='sqlite'
    
  
[0m23:31:20.832928 [debug] [ThreadPool]: Opening a new connection, currently in state closed
[0m23:31:20.833332 [debug] [ThreadPool]: SQL status: OK in 0.000 seconds
[0m23:31:20.834027 [debug] [ThreadPool]: Using duckdb connection "create_kalshi_main"
[0m23:31:20.834167 [debug] [ThreadPool]: On create_kalshi_main: BEGIN
[0m23:31:20.834362 [debug] [ThreadPool]: SQL status: OK in 0.000 seconds
[0m23:31:20.834484 [debug] [ThreadPool]: Using duckdb connection "create_kalshi_main"
[0m23:31:20.834603 [debug] [ThreadPool]: On create_kalshi_main: /* {"app": "dbt", "dbt_version": "1.10.4", "profile_name": "kalshi_pipeline", "target_name": "dev", "connection_name": "create_kalshi_main"} */

    
    
        create schema if not exists "kalshi"."main"
    
[0m23:31:20.834976 [debug] [ThreadPool]: SQL status: OK in 0.000 seconds
[0m23:31:20.835291 [debug] [ThreadPool]: On create_kalshi_main: COMMIT
[0m23:31:20.835410 [debug] [ThreadPool]: Using duckdb connection "create_kalshi_main"
[0m23:31:20.835516 [debug] [ThreadPool]: On create_kalshi_main: COMMIT
[0m23:31:20.835676 [debug] [ThreadPool]: SQL status: OK in 0.000 seconds
[0m23:31:20.835803 [debug] [ThreadPool]: On create_kalshi_main: Close
[0m23:31:20.836318 [debug] [ThreadPool]: Re-using an available connection from the pool (formerly create_kalshi_main, now list_kalshi_main)
[0m23:31:20.838368 [debug] [ThreadPool]: Using duckdb connection "list_kalshi_main"
[0m23:31:20.838486 [debug] [ThreadPool]: On list_kalshi_main: BEGIN
[0m23:31:20.838587 [debug] [ThreadPool]: Opening a new connection, currently in state closed
[0m23:31:20.838784 [debug] [ThreadPool]: SQL status: OK in 0.000 seconds
[0m23:31:20.838900 [debug] [ThreadPool]: Using duckdb connection "list_kalshi_main"
[0m23:31:20.839024 [debug] [ThreadPool]: On list_kalshi_main: /* {"app": "dbt", "dbt_version": "1.10.4", "profile_name": "kalshi_pipeline", "target_name": "dev", "connection_name": "list_kalshi_main"} */
select
      'kalshi' as database,
      table_name as name,
      table_schema as schema,
      CASE table_type
        WHEN 'BASE TABLE' THEN 'table'
        WHEN 'VIEW' THEN 'view'
        WHEN 'LOCAL TEMPORARY' THEN 'table'
        END as type
    from system.information_schema.tables
    where lower(table_schema) = 'main'
    and lower(table_catalog) = 'kalshi'
  
[0m23:31:20.841254 [debug] [ThreadPool]: SQL status: OK in 0.002 seconds
[0m23:31:20.841996 [debug] [ThreadPool]: On list_kalshi_main: ROLLBACK
[0m23:31:20.842806 [debug] [ThreadPool]: Failed to rollback 'list_kalshi_main'
[0m23:31:20.842946 [debug] [ThreadPool]: On list_kalshi_main: Close
[0m23:31:20.843424 [debug] [MainThread]: Sending event: {'category': 'dbt', 'action': 'runnable_timing', 'label': '9b8716c8-f87a-44a6-9aa0-7773d6aae331', 'context': [<snowplow_tracker.self_describing_json.SelfDescribingJson object at 0x116a0ee70>]}
[0m23:31:20.843670 [debug] [MainThread]: Using duckdb connection "master"
[0m23:31:20.843799 [debug] [MainThread]: On master: BEGIN
[0m23:31:20.843910 [debug] [MainThread]: Opening a new connection, currently in state init
[0m23:31:20.844110 [debug] [MainThread]: SQL status: OK in 0.000 seconds
[0m23:31:20.844238 [debug] [MainThread]: On master: COMMIT
[0m23:31:20.844359 [debug] [MainThread]: Using duckdb connection "master"
[0m23:31:20.844463 [debug] [MainThread]: On master: COMMIT
[0m23:31:20.844621 [debug] [MainThread]: SQL status: OK in 0.000 seconds
[0m23:31:20.844745 [debug] [MainThread]: On master: Close
[0m23:31:20.845981 [debug] [Thread-1 (]: Began running node model.kalshi_pipeline.stg_citibike
[0m23:31:20.846192 [info ] [Thread-1 (]: 1 of 5 START sql table model main.stg_citibike ................................. [RUN]
[0m23:31:20.846391 [debug] [Thread-1 (]: Re-using an available connection from the pool (formerly list_kalshi_main, now model.kalshi_pipeline.stg_citibike)
[0m23:31:20.846541 [debug] [Thread-1 (]: Began compiling node model.kalshi_pipeline.stg_citibike
[0m23:31:20.849506 [debug] [Thread-1 (]: Writing injected SQL for node "model.kalshi_pipeline.stg_citibike"
[0m23:31:20.849833 [debug] [Thread-1 (]: Began executing node model.kalshi_pipeline.stg_citibike
[0m23:31:20.862531 [debug] [Thread-1 (]: Writing runtime sql for node "model.kalshi_pipeline.stg_citibike"
[0m23:31:20.863160 [debug] [Thread-1 (]: Using duckdb connection "model.kalshi_pipeline.stg_citibike"
[0m23:31:20.863317 [debug] [Thread-1 (]: On model.kalshi_pipeline.stg_citibike: BEGIN
[0m23:31:20.863446 [debug] [Thread-1 (]: Opening a new connection, currently in state closed
[0m23:31:20.863738 [debug] [Thread-1 (]: SQL status: OK in 0.000 seconds
[0m23:31:20.863863 [debug] [Thread-1 (]: Using duckdb connection "model.kalshi_pipeline.stg_citibike"
[0m23:31:20.864014 [debug] [Thread-1 (]: On model.kalshi_pipeline.stg_citibike: /* {"app": "dbt", "dbt_version": "1.10.4", "profile_name": "kalshi_pipeline", "target_name": "dev", "node_id": "model.kalshi_pipeline.stg_citibike"} */

  
    
    

    create  table
      "kalshi"."main"."stg_citibike__dbt_tmp"
  
    as (
      WITH raw_trips AS (
    SELECT
        date_trunc('hour', CAST(started_at AS TIMESTAMP)) AS trip_hour,
        rideable_type,
        member_casual,
        epoch(CAST(ended_at AS TIMESTAMP) - CAST(started_at AS TIMESTAMP)) / 60.0 AS duration_minutes
    FROM '../data/raw_citibike_202401.parquet'
    WHERE started_at IS NOT NULL
      AND ended_at IS NOT NULL
)

SELECT
    trip_hour,
    COUNT(*) AS total_rides,
    COUNT(CASE WHEN member_casual = 'member' THEN 1 END) AS member_rides,
    COUNT(CASE WHEN member_casual = 'casual' THEN 1 END) AS casual_rides,
    COUNT(CASE WHEN rideable_type = 'electric_bike' THEN 1 END) AS electric_rides,
    COUNT(CASE WHEN rideable_type = 'classic_bike' THEN 1 END) AS classic_rides,
    ROUND(AVG(duration_minutes), 2) AS avg_duration_minutes
FROM raw_trips
-- Filter out zero/negative durations or GPS glitches > 24 hours
WHERE duration_minutes > 1 AND duration_minutes < 1440
GROUP BY trip_hour
    );
  
  
[0m23:31:20.869778 [debug] [Thread-1 (]: DuckDB adapter: Error running SQL: /* {"app": "dbt", "dbt_version": "1.10.4", "profile_name": "kalshi_pipeline", "target_name": "dev", "node_id": "model.kalshi_pipeline.stg_citibike"} */

  
    
    

    create  table
      "kalshi"."main"."stg_citibike__dbt_tmp"
  
    as (
      WITH raw_trips AS (
    SELECT
        date_trunc('hour', CAST(started_at AS TIMESTAMP)) AS trip_hour,
        rideable_type,
        member_casual,
        epoch(CAST(ended_at AS TIMESTAMP) - CAST(started_at AS TIMESTAMP)) / 60.0 AS duration_minutes
    FROM '../data/raw_citibike_202401.parquet'
    WHERE started_at IS NOT NULL
      AND ended_at IS NOT NULL
)

SELECT
    trip_hour,
    COUNT(*) AS total_rides,
    COUNT(CASE WHEN member_casual = 'member' THEN 1 END) AS member_rides,
    COUNT(CASE WHEN member_casual = 'casual' THEN 1 END) AS casual_rides,
    COUNT(CASE WHEN rideable_type = 'electric_bike' THEN 1 END) AS electric_rides,
    COUNT(CASE WHEN rideable_type = 'classic_bike' THEN 1 END) AS classic_rides,
    ROUND(AVG(duration_minutes), 2) AS avg_duration_minutes
FROM raw_trips
-- Filter out zero/negative durations or GPS glitches > 24 hours
WHERE duration_minutes > 1 AND duration_minutes < 1440
GROUP BY trip_hour
    );
  
  
[0m23:31:20.869977 [debug] [Thread-1 (]: DuckDB adapter: Rolling back transaction.
[0m23:31:20.870185 [debug] [Thread-1 (]: On model.kalshi_pipeline.stg_citibike: ROLLBACK
[0m23:31:20.874848 [debug] [Thread-1 (]: Failed to rollback 'model.kalshi_pipeline.stg_citibike'
[0m23:31:20.875014 [debug] [Thread-1 (]: On model.kalshi_pipeline.stg_citibike: Close
[0m23:31:20.876108 [debug] [Thread-1 (]: Runtime Error in model stg_citibike (models/stg_citibike.sql)
  IO Error: No files found that match the pattern "../data/raw_citibike_202401.parquet"
[0m23:31:20.877041 [debug] [Thread-1 (]: Sending event: {'category': 'dbt', 'action': 'run_model', 'label': '9b8716c8-f87a-44a6-9aa0-7773d6aae331', 'context': [<snowplow_tracker.self_describing_json.SelfDescribingJson object at 0x116ef1220>]}
[0m23:31:20.877309 [error] [Thread-1 (]: 1 of 5 ERROR creating sql table model main.stg_citibike ........................ [[31mERROR[0m in 0.03s]
[0m23:31:20.877556 [debug] [Thread-1 (]: Finished running node model.kalshi_pipeline.stg_citibike
[0m23:31:20.877726 [debug] [Thread-1 (]: Began running node model.kalshi_pipeline.stg_forecast
[0m23:31:20.877920 [debug] [Thread-4 (]: Marking all children of 'model.kalshi_pipeline.stg_citibike' to be skipped because of status 'error'.  Reason: Runtime Error in model stg_citibike (models/stg_citibike.sql)
  IO Error: No files found that match the pattern "../data/raw_citibike_202401.parquet".
[0m23:31:20.878098 [info ] [Thread-1 (]: 2 of 5 START sql table model main.stg_forecast ................................. [RUN]
[0m23:31:20.878656 [debug] [Thread-1 (]: Re-using an available connection from the pool (formerly model.kalshi_pipeline.stg_citibike, now model.kalshi_pipeline.stg_forecast)
[0m23:31:20.878837 [debug] [Thread-1 (]: Began compiling node model.kalshi_pipeline.stg_forecast
[0m23:31:20.880024 [debug] [Thread-1 (]: Writing injected SQL for node "model.kalshi_pipeline.stg_forecast"
[0m23:31:20.880318 [debug] [Thread-1 (]: Began executing node model.kalshi_pipeline.stg_forecast
[0m23:31:20.882116 [debug] [Thread-1 (]: Writing runtime sql for node "model.kalshi_pipeline.stg_forecast"
[0m23:31:20.882381 [debug] [Thread-1 (]: Using duckdb connection "model.kalshi_pipeline.stg_forecast"
[0m23:31:20.882519 [debug] [Thread-1 (]: On model.kalshi_pipeline.stg_forecast: BEGIN
[0m23:31:20.882642 [debug] [Thread-1 (]: Opening a new connection, currently in state closed
[0m23:31:20.882914 [debug] [Thread-1 (]: SQL status: OK in 0.000 seconds
[0m23:31:20.883053 [debug] [Thread-1 (]: Using duckdb connection "model.kalshi_pipeline.stg_forecast"
[0m23:31:20.883200 [debug] [Thread-1 (]: On model.kalshi_pipeline.stg_forecast: /* {"app": "dbt", "dbt_version": "1.10.4", "profile_name": "kalshi_pipeline", "target_name": "dev", "node_id": "model.kalshi_pipeline.stg_forecast"} */

  
    
    

    create  table
      "kalshi"."main"."stg_forecast__dbt_tmp"
  
    as (
      SELECT
    CAST(time AS TIMESTAMP) AS forecast_timestamp,
    CAST(time AS DATE) AS forecast_date,
    temperature_2m_previous_day1 AS forecast_temp_previous_day1
FROM '../data/raw_forecast_previous_day1.parquet'
    );
  
  
[0m23:31:20.890605 [debug] [Thread-1 (]: SQL status: OK in 0.007 seconds
[0m23:31:20.892915 [debug] [Thread-1 (]: Using duckdb connection "model.kalshi_pipeline.stg_forecast"
[0m23:31:20.893085 [debug] [Thread-1 (]: On model.kalshi_pipeline.stg_forecast: /* {"app": "dbt", "dbt_version": "1.10.4", "profile_name": "kalshi_pipeline", "target_name": "dev", "node_id": "model.kalshi_pipeline.stg_forecast"} */

    SELECT index_name
    FROM duckdb_indexes()
    WHERE schema_name = 'main'
      AND table_name = 'stg_forecast'
  
[0m23:31:20.893512 [debug] [Thread-1 (]: SQL status: OK in 0.000 seconds
[0m23:31:20.894110 [debug] [Thread-1 (]: Using duckdb connection "model.kalshi_pipeline.stg_forecast"
[0m23:31:20.894249 [debug] [Thread-1 (]: On model.kalshi_pipeline.stg_forecast: /* {"app": "dbt", "dbt_version": "1.10.4", "profile_name": "kalshi_pipeline", "target_name": "dev", "node_id": "model.kalshi_pipeline.stg_forecast"} */

    SELECT COUNT(*) as remaining_indexes
    FROM duckdb_indexes()
    WHERE schema_name = 'main'
      AND table_name = 'stg_forecast'
  
[0m23:31:20.895439 [debug] [Thread-1 (]: SQL status: OK in 0.001 seconds
[0m23:31:20.898327 [debug] [Thread-1 (]: Using duckdb connection "model.kalshi_pipeline.stg_forecast"
[0m23:31:20.898492 [debug] [Thread-1 (]: On model.kalshi_pipeline.stg_forecast: /* {"app": "dbt", "dbt_version": "1.10.4", "profile_name": "kalshi_pipeline", "target_name": "dev", "node_id": "model.kalshi_pipeline.stg_forecast"} */
alter table "kalshi"."main"."stg_forecast" rename to "stg_forecast__dbt_backup"
[0m23:31:20.899637 [debug] [Thread-1 (]: SQL status: OK in 0.001 seconds
[0m23:31:20.900722 [debug] [Thread-1 (]: Using duckdb connection "model.kalshi_pipeline.stg_forecast"
[0m23:31:20.900857 [debug] [Thread-1 (]: On model.kalshi_pipeline.stg_forecast: /* {"app": "dbt", "dbt_version": "1.10.4", "profile_name": "kalshi_pipeline", "target_name": "dev", "node_id": "model.kalshi_pipeline.stg_forecast"} */
alter table "kalshi"."main"."stg_forecast__dbt_tmp" rename to "stg_forecast"
[0m23:31:20.901089 [debug] [Thread-1 (]: SQL status: OK in 0.000 seconds
[0m23:31:20.906736 [debug] [Thread-1 (]: On model.kalshi_pipeline.stg_forecast: COMMIT
[0m23:31:20.906899 [debug] [Thread-1 (]: Using duckdb connection "model.kalshi_pipeline.stg_forecast"
[0m23:31:20.907033 [debug] [Thread-1 (]: On model.kalshi_pipeline.stg_forecast: COMMIT
[0m23:31:20.908123 [debug] [Thread-1 (]: SQL status: OK in 0.001 seconds
[0m23:31:20.910169 [debug] [Thread-1 (]: Using duckdb connection "model.kalshi_pipeline.stg_forecast"
[0m23:31:20.910317 [debug] [Thread-1 (]: On model.kalshi_pipeline.stg_forecast: /* {"app": "dbt", "dbt_version": "1.10.4", "profile_name": "kalshi_pipeline", "target_name": "dev", "node_id": "model.kalshi_pipeline.stg_forecast"} */

      drop table if exists "kalshi"."main"."stg_forecast__dbt_backup" cascade
    
[0m23:31:20.910814 [debug] [Thread-1 (]: SQL status: OK in 0.000 seconds
[0m23:31:20.911708 [debug] [Thread-1 (]: On model.kalshi_pipeline.stg_forecast: Close
[0m23:31:20.911946 [debug] [Thread-1 (]: Sending event: {'category': 'dbt', 'action': 'run_model', 'label': '9b8716c8-f87a-44a6-9aa0-7773d6aae331', 'context': [<snowplow_tracker.self_describing_json.SelfDescribingJson object at 0x113006b10>]}
[0m23:31:20.912192 [info ] [Thread-1 (]: 2 of 5 OK created sql table model main.stg_forecast ............................ [[32mOK[0m in 0.03s]
[0m23:31:20.912426 [debug] [Thread-1 (]: Finished running node model.kalshi_pipeline.stg_forecast
[0m23:31:20.912590 [debug] [Thread-1 (]: Began running node model.kalshi_pipeline.stg_noaa
[0m23:31:20.912796 [info ] [Thread-1 (]: 3 of 5 START sql table model main.stg_noaa ..................................... [RUN]
[0m23:31:20.912978 [debug] [Thread-1 (]: Re-using an available connection from the pool (formerly model.kalshi_pipeline.stg_forecast, now model.kalshi_pipeline.stg_noaa)
[0m23:31:20.913125 [debug] [Thread-1 (]: Began compiling node model.kalshi_pipeline.stg_noaa
[0m23:31:20.914151 [debug] [Thread-1 (]: Writing injected SQL for node "model.kalshi_pipeline.stg_noaa"
[0m23:31:20.914637 [debug] [Thread-1 (]: Began executing node model.kalshi_pipeline.stg_noaa
[0m23:31:20.915931 [debug] [Thread-1 (]: Writing runtime sql for node "model.kalshi_pipeline.stg_noaa"
[0m23:31:20.916201 [debug] [Thread-1 (]: Using duckdb connection "model.kalshi_pipeline.stg_noaa"
[0m23:31:20.916333 [debug] [Thread-1 (]: On model.kalshi_pipeline.stg_noaa: BEGIN
[0m23:31:20.916455 [debug] [Thread-1 (]: Opening a new connection, currently in state closed
[0m23:31:20.916690 [debug] [Thread-1 (]: SQL status: OK in 0.000 seconds
[0m23:31:20.916829 [debug] [Thread-1 (]: Using duckdb connection "model.kalshi_pipeline.stg_noaa"
[0m23:31:20.916974 [debug] [Thread-1 (]: On model.kalshi_pipeline.stg_noaa: /* {"app": "dbt", "dbt_version": "1.10.4", "profile_name": "kalshi_pipeline", "target_name": "dev", "node_id": "model.kalshi_pipeline.stg_noaa"} */

  
    
    

    create  table
      "kalshi"."main"."stg_noaa__dbt_tmp"
  
    as (
      SELECT
    CAST(DATE AS DATE) AS weather_date,
    TMAX AS official_high_temp
FROM '../data/raw_noaa_daily_high.parquet'
    );
  
  
[0m23:31:20.917896 [debug] [Thread-1 (]: SQL status: OK in 0.001 seconds
[0m23:31:20.918299 [debug] [Thread-1 (]: Using duckdb connection "model.kalshi_pipeline.stg_noaa"
[0m23:31:20.918433 [debug] [Thread-1 (]: On model.kalshi_pipeline.stg_noaa: /* {"app": "dbt", "dbt_version": "1.10.4", "profile_name": "kalshi_pipeline", "target_name": "dev", "node_id": "model.kalshi_pipeline.stg_noaa"} */

    SELECT index_name
    FROM duckdb_indexes()
    WHERE schema_name = 'main'
      AND table_name = 'stg_noaa'
  
[0m23:31:20.918774 [debug] [Thread-1 (]: SQL status: OK in 0.000 seconds
[0m23:31:20.919258 [debug] [Thread-1 (]: Using duckdb connection "model.kalshi_pipeline.stg_noaa"
[0m23:31:20.919404 [debug] [Thread-1 (]: On model.kalshi_pipeline.stg_noaa: /* {"app": "dbt", "dbt_version": "1.10.4", "profile_name": "kalshi_pipeline", "target_name": "dev", "node_id": "model.kalshi_pipeline.stg_noaa"} */

    SELECT COUNT(*) as remaining_indexes
    FROM duckdb_indexes()
    WHERE schema_name = 'main'
      AND table_name = 'stg_noaa'
  
[0m23:31:20.919778 [debug] [Thread-1 (]: SQL status: OK in 0.000 seconds
[0m23:31:20.921035 [debug] [Thread-1 (]: Using duckdb connection "model.kalshi_pipeline.stg_noaa"
[0m23:31:20.921196 [debug] [Thread-1 (]: On model.kalshi_pipeline.stg_noaa: /* {"app": "dbt", "dbt_version": "1.10.4", "profile_name": "kalshi_pipeline", "target_name": "dev", "node_id": "model.kalshi_pipeline.stg_noaa"} */
alter table "kalshi"."main"."stg_noaa" rename to "stg_noaa__dbt_backup"
[0m23:31:20.921566 [debug] [Thread-1 (]: SQL status: OK in 0.000 seconds
[0m23:31:20.922825 [debug] [Thread-1 (]: Using duckdb connection "model.kalshi_pipeline.stg_noaa"
[0m23:31:20.922975 [debug] [Thread-1 (]: On model.kalshi_pipeline.stg_noaa: /* {"app": "dbt", "dbt_version": "1.10.4", "profile_name": "kalshi_pipeline", "target_name": "dev", "node_id": "model.kalshi_pipeline.stg_noaa"} */
alter table "kalshi"."main"."stg_noaa__dbt_tmp" rename to "stg_noaa"
[0m23:31:20.923212 [debug] [Thread-1 (]: SQL status: OK in 0.000 seconds
[0m23:31:20.923878 [debug] [Thread-1 (]: On model.kalshi_pipeline.stg_noaa: COMMIT
[0m23:31:20.924023 [debug] [Thread-1 (]: Using duckdb connection "model.kalshi_pipeline.stg_noaa"
[0m23:31:20.924148 [debug] [Thread-1 (]: On model.kalshi_pipeline.stg_noaa: COMMIT
[0m23:31:20.924547 [debug] [Thread-1 (]: SQL status: OK in 0.000 seconds
[0m23:31:20.925421 [debug] [Thread-1 (]: Using duckdb connection "model.kalshi_pipeline.stg_noaa"
[0m23:31:20.925569 [debug] [Thread-1 (]: On model.kalshi_pipeline.stg_noaa: /* {"app": "dbt", "dbt_version": "1.10.4", "profile_name": "kalshi_pipeline", "target_name": "dev", "node_id": "model.kalshi_pipeline.stg_noaa"} */

      drop table if exists "kalshi"."main"."stg_noaa__dbt_backup" cascade
    
[0m23:31:20.925861 [debug] [Thread-1 (]: SQL status: OK in 0.000 seconds
[0m23:31:20.926350 [debug] [Thread-1 (]: On model.kalshi_pipeline.stg_noaa: Close
[0m23:31:20.926592 [debug] [Thread-1 (]: Sending event: {'category': 'dbt', 'action': 'run_model', 'label': '9b8716c8-f87a-44a6-9aa0-7773d6aae331', 'context': [<snowplow_tracker.self_describing_json.SelfDescribingJson object at 0x11773ba70>]}
[0m23:31:20.926858 [info ] [Thread-1 (]: 3 of 5 OK created sql table model main.stg_noaa ................................ [[32mOK[0m in 0.01s]
[0m23:31:20.927092 [debug] [Thread-1 (]: Finished running node model.kalshi_pipeline.stg_noaa
[0m23:31:20.927252 [debug] [Thread-1 (]: Began running node model.kalshi_pipeline.stg_weather
[0m23:31:20.927448 [info ] [Thread-1 (]: 4 of 5 START sql table model main.stg_weather .................................. [RUN]
[0m23:31:20.927623 [debug] [Thread-1 (]: Re-using an available connection from the pool (formerly model.kalshi_pipeline.stg_noaa, now model.kalshi_pipeline.stg_weather)
[0m23:31:20.927766 [debug] [Thread-1 (]: Began compiling node model.kalshi_pipeline.stg_weather
[0m23:31:20.928812 [debug] [Thread-1 (]: Writing injected SQL for node "model.kalshi_pipeline.stg_weather"
[0m23:31:20.929128 [debug] [Thread-1 (]: Began executing node model.kalshi_pipeline.stg_weather
[0m23:31:20.931069 [debug] [Thread-1 (]: Writing runtime sql for node "model.kalshi_pipeline.stg_weather"
[0m23:31:20.931327 [debug] [Thread-1 (]: Using duckdb connection "model.kalshi_pipeline.stg_weather"
[0m23:31:20.931467 [debug] [Thread-1 (]: On model.kalshi_pipeline.stg_weather: BEGIN
[0m23:31:20.931594 [debug] [Thread-1 (]: Opening a new connection, currently in state closed
[0m23:31:20.931835 [debug] [Thread-1 (]: SQL status: OK in 0.000 seconds
[0m23:31:20.931974 [debug] [Thread-1 (]: Using duckdb connection "model.kalshi_pipeline.stg_weather"
[0m23:31:20.932130 [debug] [Thread-1 (]: On model.kalshi_pipeline.stg_weather: /* {"app": "dbt", "dbt_version": "1.10.4", "profile_name": "kalshi_pipeline", "target_name": "dev", "node_id": "model.kalshi_pipeline.stg_weather"} */

  
    
    

    create  table
      "kalshi"."main"."stg_weather__dbt_tmp"
  
    as (
      SELECT
    CAST(time AS TIMESTAMP) AS weather_timestamp,
    CAST(time AS DATE) AS weather_date,
    EXTRACT(HOUR FROM CAST(time AS TIMESTAMP)) AS hour_of_day,
    temperature_2m AS temp_f,
    relative_humidity_2m AS humidity,
    cloud_cover,
    precipitation
FROM '../data/raw_central_park_weather.parquet'
    );
  
  
[0m23:31:20.936948 [debug] [Thread-1 (]: SQL status: OK in 0.005 seconds
[0m23:31:20.937488 [debug] [Thread-1 (]: Using duckdb connection "model.kalshi_pipeline.stg_weather"
[0m23:31:20.937644 [debug] [Thread-1 (]: On model.kalshi_pipeline.stg_weather: /* {"app": "dbt", "dbt_version": "1.10.4", "profile_name": "kalshi_pipeline", "target_name": "dev", "node_id": "model.kalshi_pipeline.stg_weather"} */

    SELECT index_name
    FROM duckdb_indexes()
    WHERE schema_name = 'main'
      AND table_name = 'stg_weather'
  
[0m23:31:20.938033 [debug] [Thread-1 (]: SQL status: OK in 0.000 seconds
[0m23:31:20.938489 [debug] [Thread-1 (]: Using duckdb connection "model.kalshi_pipeline.stg_weather"
[0m23:31:20.938628 [debug] [Thread-1 (]: On model.kalshi_pipeline.stg_weather: /* {"app": "dbt", "dbt_version": "1.10.4", "profile_name": "kalshi_pipeline", "target_name": "dev", "node_id": "model.kalshi_pipeline.stg_weather"} */

    SELECT COUNT(*) as remaining_indexes
    FROM duckdb_indexes()
    WHERE schema_name = 'main'
      AND table_name = 'stg_weather'
  
[0m23:31:20.939020 [debug] [Thread-1 (]: SQL status: OK in 0.000 seconds
[0m23:31:20.964385 [debug] [Thread-1 (]: Using duckdb connection "model.kalshi_pipeline.stg_weather"
[0m23:31:20.964629 [debug] [Thread-1 (]: On model.kalshi_pipeline.stg_weather: /* {"app": "dbt", "dbt_version": "1.10.4", "profile_name": "kalshi_pipeline", "target_name": "dev", "node_id": "model.kalshi_pipeline.stg_weather"} */
alter table "kalshi"."main"."stg_weather" rename to "stg_weather__dbt_backup"
[0m23:31:20.965046 [debug] [Thread-1 (]: SQL status: OK in 0.000 seconds
[0m23:31:20.966170 [debug] [Thread-1 (]: Using duckdb connection "model.kalshi_pipeline.stg_weather"
[0m23:31:20.966329 [debug] [Thread-1 (]: On model.kalshi_pipeline.stg_weather: /* {"app": "dbt", "dbt_version": "1.10.4", "profile_name": "kalshi_pipeline", "target_name": "dev", "node_id": "model.kalshi_pipeline.stg_weather"} */
alter table "kalshi"."main"."stg_weather__dbt_tmp" rename to "stg_weather"
[0m23:31:20.966618 [debug] [Thread-1 (]: SQL status: OK in 0.000 seconds
[0m23:31:20.967313 [debug] [Thread-1 (]: On model.kalshi_pipeline.stg_weather: COMMIT
[0m23:31:20.967463 [debug] [Thread-1 (]: Using duckdb connection "model.kalshi_pipeline.stg_weather"
[0m23:31:20.967595 [debug] [Thread-1 (]: On model.kalshi_pipeline.stg_weather: COMMIT
[0m23:31:20.968630 [debug] [Thread-1 (]: SQL status: OK in 0.001 seconds
[0m23:31:20.969519 [debug] [Thread-1 (]: Using duckdb connection "model.kalshi_pipeline.stg_weather"
[0m23:31:20.969659 [debug] [Thread-1 (]: On model.kalshi_pipeline.stg_weather: /* {"app": "dbt", "dbt_version": "1.10.4", "profile_name": "kalshi_pipeline", "target_name": "dev", "node_id": "model.kalshi_pipeline.stg_weather"} */

      drop table if exists "kalshi"."main"."stg_weather__dbt_backup" cascade
    
[0m23:31:20.970036 [debug] [Thread-1 (]: SQL status: OK in 0.000 seconds
[0m23:31:20.970529 [debug] [Thread-1 (]: On model.kalshi_pipeline.stg_weather: Close
[0m23:31:20.970757 [debug] [Thread-1 (]: Sending event: {'category': 'dbt', 'action': 'run_model', 'label': '9b8716c8-f87a-44a6-9aa0-7773d6aae331', 'context': [<snowplow_tracker.self_describing_json.SelfDescribingJson object at 0x116d2dac0>]}
[0m23:31:20.971003 [info ] [Thread-1 (]: 4 of 5 OK created sql table model main.stg_weather ............................. [[32mOK[0m in 0.04s]
[0m23:31:20.971237 [debug] [Thread-1 (]: Finished running node model.kalshi_pipeline.stg_weather
[0m23:31:20.971538 [debug] [Thread-1 (]: Began running node model.kalshi_pipeline.fct_citibike_weather_impact
[0m23:31:20.971735 [info ] [Thread-1 (]: 5 of 5 SKIP relation main.fct_citibike_weather_impact .......................... [[33mSKIP[0m]
[0m23:31:20.971927 [debug] [Thread-1 (]: Finished running node model.kalshi_pipeline.fct_citibike_weather_impact
[0m23:31:20.972342 [debug] [MainThread]: Using duckdb connection "master"
[0m23:31:20.972477 [debug] [MainThread]: On master: BEGIN
[0m23:31:20.972595 [debug] [MainThread]: Opening a new connection, currently in state closed
[0m23:31:20.972810 [debug] [MainThread]: SQL status: OK in 0.000 seconds
[0m23:31:20.972929 [debug] [MainThread]: On master: COMMIT
[0m23:31:20.973044 [debug] [MainThread]: Using duckdb connection "master"
[0m23:31:20.973155 [debug] [MainThread]: On master: COMMIT
[0m23:31:20.973316 [debug] [MainThread]: SQL status: OK in 0.000 seconds
[0m23:31:20.973441 [debug] [MainThread]: On master: Close
[0m23:31:20.973593 [debug] [MainThread]: Connection 'master' was properly closed.
[0m23:31:20.973705 [debug] [MainThread]: Connection 'model.kalshi_pipeline.stg_weather' was properly closed.
[0m23:31:20.973842 [info ] [MainThread]: 
[0m23:31:20.973978 [info ] [MainThread]: Finished running 5 table models in 0 hours 0 minutes and 0.18 seconds (0.18s).
[0m23:31:20.974388 [debug] [MainThread]: Command end result
[0m23:31:20.982697 [debug] [MainThread]: Wrote artifact WritableManifest to /Users/allisonfung/weather/kalshi_pipeline/target/manifest.json
[0m23:31:20.983439 [debug] [MainThread]: Wrote artifact SemanticManifest to /Users/allisonfung/weather/kalshi_pipeline/target/semantic_manifest.json
[0m23:31:20.986311 [debug] [MainThread]: Wrote artifact RunExecutionResult to /Users/allisonfung/weather/kalshi_pipeline/target/run_results.json
[0m23:31:20.986468 [info ] [MainThread]: 
[0m23:31:20.986628 [info ] [MainThread]: [31mCompleted with 1 error, 0 partial successes, and 0 warnings:[0m
[0m23:31:20.986763 [info ] [MainThread]: 
[0m23:31:20.986926 [error] [MainThread]: [31mFailure in model stg_citibike (models/stg_citibike.sql)[0m
[0m23:31:20.987081 [error] [MainThread]:   Runtime Error in model stg_citibike (models/stg_citibike.sql)
  IO Error: No files found that match the pattern "../data/raw_citibike_202401.parquet"
[0m23:31:20.987199 [info ] [MainThread]: 
[0m23:31:20.987343 [info ] [MainThread]:   compiled code at target/compiled/kalshi_pipeline/models/stg_citibike.sql
[0m23:31:20.987467 [info ] [MainThread]: 
[0m23:31:20.987601 [info ] [MainThread]: Done. PASS=3 WARN=0 ERROR=1 SKIP=1 NO-OP=0 TOTAL=5
[0m23:31:20.989558 [debug] [MainThread]: Resource report: {"command_name": "run", "command_success": false, "command_wall_clock_time": 0.59291494, "process_in_blocks": "0", "process_kernel_time": 0.162311, "process_mem_max_rss": "162889728", "process_out_blocks": "0", "process_user_time": 0.995775}
[0m23:31:20.989753 [debug] [MainThread]: Command `dbt run` failed at 23:31:20.989721 after 0.59 seconds
[0m23:31:20.989915 [debug] [MainThread]: Sending event: {'category': 'dbt', 'action': 'invocation', 'label': 'end', 'context': [<snowplow_tracker.self_describing_json.SelfDescribingJson object at 0x1153a5340>, <snowplow_tracker.self_describing_json.SelfDescribingJson object at 0x1163c02c0>, <snowplow_tracker.self_describing_json.SelfDescribingJson object at 0x1164c5700>]}
[0m23:31:20.990060 [debug] [MainThread]: Flushing usage events
[0m23:31:21.251512 [debug] [MainThread]: An error was encountered while trying to flush usage events
[0m23:32:29.762544 [debug] [MainThread]: Sending event: {'category': 'dbt', 'action': 'invocation', 'label': 'start', 'context': [<snowplow_tracker.self_describing_json.SelfDescribingJson object at 0x102f0a510>, <snowplow_tracker.self_describing_json.SelfDescribingJson object at 0x1073c4980>, <snowplow_tracker.self_describing_json.SelfDescribingJson object at 0x1073c4590>]}


============================== 23:32:29.765906 | 0dc53664-5ba1-47b8-88b9-e4ca3e91bd70 ==============================
[0m23:32:29.765906 [info ] [MainThread]: Running with dbt=1.10.4
[0m23:32:29.766196 [debug] [MainThread]: running dbt with arguments {'printer_width': '80', 'indirect_selection': 'eager', 'write_json': 'True', 'log_cache_events': 'False', 'partial_parse': 'True', 'cache_selected_only': 'False', 'warn_error': 'None', 'version_check': 'True', 'debug': 'False', 'log_path': '/Users/allisonfung/weather/kalshi_pipeline/logs', 'profiles_dir': '/Users/allisonfung/weather/kalshi_pipeline', 'fail_fast': 'False', 'use_colors': 'True', 'use_experimental_parser': 'False', 'empty': 'False', 'quiet': 'False', 'no_print': 'None', 'warn_error_options': 'WarnErrorOptionsV2(error=[], warn=[], silence=[])', 'static_parser': 'True', 'introspect': 'True', 'invocation_command': 'dbt run', 'target_path': 'None', 'log_format': 'default', 'send_anonymous_usage_stats': 'True'}
[0m23:32:29.855341 [debug] [MainThread]: Sending event: {'category': 'dbt', 'action': 'project_id', 'label': '0dc53664-5ba1-47b8-88b9-e4ca3e91bd70', 'context': [<snowplow_tracker.self_describing_json.SelfDescribingJson object at 0x110935e20>]}
[0m23:32:29.877015 [debug] [MainThread]: Sending event: {'category': 'dbt', 'action': 'adapter_info', 'label': '0dc53664-5ba1-47b8-88b9-e4ca3e91bd70', 'context': [<snowplow_tracker.self_describing_json.SelfDescribingJson object at 0x106303230>]}
[0m23:32:29.878391 [info ] [MainThread]: Registered adapter: duckdb=1.10.0
[0m23:32:29.921906 [debug] [MainThread]: checksum: 073cb5a296270136b24f9c040fdebd0642ef9c263903ef463bfe7e190c538da2, vars: {}, profile: , target: , version: 1.10.4
[0m23:32:29.974843 [debug] [MainThread]: Partial parsing enabled: 0 files deleted, 0 files added, 2 files changed.
[0m23:32:29.975258 [debug] [MainThread]: Partial parsing: updated file: kalshi_pipeline://models/sources.yml
[0m23:32:29.975415 [debug] [MainThread]: Partial parsing: updated file: kalshi_pipeline://models/stg_citibike.sql
[0m23:32:30.091707 [error] [MainThread]: Encountered an error:
Compilation Error
  Model 'model.kalshi_pipeline.stg_citibike' (models/stg_citibike.sql) depends on a source named 'raw_data.citibike_trips' which was not found
[0m23:32:30.095518 [debug] [MainThread]: Resource report: {"command_name": "run", "command_success": false, "command_wall_clock_time": 0.3635803, "process_in_blocks": "0", "process_kernel_time": 0.137542, "process_mem_max_rss": "142327808", "process_out_blocks": "0", "process_user_time": 0.846272}
[0m23:32:30.095889 [debug] [MainThread]: Command `dbt run` failed at 23:32:30.095836 after 0.36 seconds
[0m23:32:30.096132 [debug] [MainThread]: Sending event: {'category': 'dbt', 'action': 'invocation', 'label': 'end', 'context': [<snowplow_tracker.self_describing_json.SelfDescribingJson object at 0x10733ee40>, <snowplow_tracker.self_describing_json.SelfDescribingJson object at 0x110f9c740>, <snowplow_tracker.self_describing_json.SelfDescribingJson object at 0x110a0c260>]}
[0m23:32:30.096312 [debug] [MainThread]: Flushing usage events
[0m23:32:30.209612 [debug] [MainThread]: An error was encountered while trying to flush usage events
[0m23:32:40.363089 [debug] [MainThread]: Sending event: {'category': 'dbt', 'action': 'invocation', 'label': 'start', 'context': [<snowplow_tracker.self_describing_json.SelfDescribingJson object at 0x103f8a000>, <snowplow_tracker.self_describing_json.SelfDescribingJson object at 0x1055c48c0>, <snowplow_tracker.self_describing_json.SelfDescribingJson object at 0x1055c44a0>]}


============================== 23:32:40.365780 | 4800472b-d8c3-4384-8a71-34fc19b6c1d6 ==============================
[0m23:32:40.365780 [info ] [MainThread]: Running with dbt=1.10.4
[0m23:32:40.366080 [debug] [MainThread]: running dbt with arguments {'printer_width': '80', 'indirect_selection': 'eager', 'log_cache_events': 'False', 'write_json': 'True', 'partial_parse': 'True', 'cache_selected_only': 'False', 'profiles_dir': '/Users/allisonfung/weather/kalshi_pipeline', 'debug': 'False', 'warn_error': 'None', 'log_path': '/Users/allisonfung/weather/kalshi_pipeline/logs', 'fail_fast': 'False', 'version_check': 'True', 'use_colors': 'True', 'use_experimental_parser': 'False', 'no_print': 'None', 'quiet': 'False', 'empty': 'False', 'warn_error_options': 'WarnErrorOptionsV2(error=[], warn=[], silence=[])', 'introspect': 'True', 'static_parser': 'True', 'log_format': 'default', 'target_path': 'None', 'invocation_command': 'dbt run', 'send_anonymous_usage_stats': 'True'}
[0m23:32:40.454354 [debug] [MainThread]: Sending event: {'category': 'dbt', 'action': 'project_id', 'label': '4800472b-d8c3-4384-8a71-34fc19b6c1d6', 'context': [<snowplow_tracker.self_describing_json.SelfDescribingJson object at 0x105935a90>]}
[0m23:32:40.477175 [debug] [MainThread]: Sending event: {'category': 'dbt', 'action': 'adapter_info', 'label': '4800472b-d8c3-4384-8a71-34fc19b6c1d6', 'context': [<snowplow_tracker.self_describing_json.SelfDescribingJson object at 0x10561dc70>]}
[0m23:32:40.478021 [info ] [MainThread]: Registered adapter: duckdb=1.10.0
[0m23:32:40.517975 [debug] [MainThread]: checksum: 073cb5a296270136b24f9c040fdebd0642ef9c263903ef463bfe7e190c538da2, vars: {}, profile: , target: , version: 1.10.4
[0m23:32:40.558591 [debug] [MainThread]: Partial parsing enabled: 0 files deleted, 0 files added, 2 files changed.
[0m23:32:40.559036 [debug] [MainThread]: Partial parsing: updated file: kalshi_pipeline://models/sources.yml
[0m23:32:40.559201 [debug] [MainThread]: Partial parsing: updated file: kalshi_pipeline://models/stg_citibike.sql
[0m23:32:40.699489 [debug] [MainThread]: Sending event: {'category': 'dbt', 'action': 'load_project', 'label': '4800472b-d8c3-4384-8a71-34fc19b6c1d6', 'context': [<snowplow_tracker.self_describing_json.SelfDescribingJson object at 0x105f5c4d0>]}
[0m23:32:40.726187 [debug] [MainThread]: Wrote artifact WritableManifest to /Users/allisonfung/weather/kalshi_pipeline/target/manifest.json
[0m23:32:40.727543 [debug] [MainThread]: Wrote artifact SemanticManifest to /Users/allisonfung/weather/kalshi_pipeline/target/semantic_manifest.json
[0m23:32:40.738011 [debug] [MainThread]: Sending event: {'category': 'dbt', 'action': 'resource_counts', 'label': '4800472b-d8c3-4384-8a71-34fc19b6c1d6', 'context': [<snowplow_tracker.self_describing_json.SelfDescribingJson object at 0x105f10890>]}
[0m23:32:40.738244 [info ] [MainThread]: Found 5 models, 4 sources, 443 macros
[0m23:32:40.738447 [debug] [MainThread]: Sending event: {'category': 'dbt', 'action': 'runnable_timing', 'label': '4800472b-d8c3-4384-8a71-34fc19b6c1d6', 'context': [<snowplow_tracker.self_describing_json.SelfDescribingJson object at 0x1069f6630>]}
[0m23:32:40.739368 [info ] [MainThread]: 
[0m23:32:40.739554 [info ] [MainThread]: Concurrency: 1 threads (target='dev')
[0m23:32:40.739689 [info ] [MainThread]: 
[0m23:32:40.739926 [debug] [MainThread]: Acquiring new duckdb connection 'master'
[0m23:32:40.741815 [debug] [ThreadPool]: Acquiring new duckdb connection 'list_kalshi'
[0m23:32:40.766759 [debug] [ThreadPool]: Using duckdb connection "list_kalshi"
[0m23:32:40.766973 [debug] [ThreadPool]: On list_kalshi: /* {"app": "dbt", "dbt_version": "1.10.4", "profile_name": "kalshi_pipeline", "target_name": "dev", "connection_name": "list_kalshi"} */

    
    select schema_name
    from system.information_schema.schemata
    
    where lower(catalog_name) = '"kalshi"'
    
  
  
[0m23:32:40.767111 [debug] [ThreadPool]: Opening a new connection, currently in state init
[0m23:32:40.774201 [debug] [ThreadPool]: SQL status: OK in 0.007 seconds
[0m23:32:40.774763 [debug] [ThreadPool]: On list_kalshi: Close
[0m23:32:40.775040 [debug] [ThreadPool]: Re-using an available connection from the pool (formerly list_kalshi, now create_kalshi_main)
[0m23:32:40.775236 [debug] [ThreadPool]: Creating schema "database: "kalshi"
schema: "main"
"
[0m23:32:40.777939 [debug] [ThreadPool]: Using duckdb connection "create_kalshi_main"
[0m23:32:40.778086 [debug] [ThreadPool]: On create_kalshi_main: /* {"app": "dbt", "dbt_version": "1.10.4", "profile_name": "kalshi_pipeline", "target_name": "dev", "connection_name": "create_kalshi_main"} */

    
        select type from duckdb_databases()
        where lower(database_name)='kalshi'
        and type='sqlite'
    
  
[0m23:32:40.778213 [debug] [ThreadPool]: Opening a new connection, currently in state closed
[0m23:32:40.778568 [debug] [ThreadPool]: SQL status: OK in 0.000 seconds
[0m23:32:40.779050 [debug] [ThreadPool]: Using duckdb connection "create_kalshi_main"
[0m23:32:40.779176 [debug] [ThreadPool]: On create_kalshi_main: BEGIN
[0m23:32:40.779360 [debug] [ThreadPool]: SQL status: OK in 0.000 seconds
[0m23:32:40.779486 [debug] [ThreadPool]: Using duckdb connection "create_kalshi_main"
[0m23:32:40.779613 [debug] [ThreadPool]: On create_kalshi_main: /* {"app": "dbt", "dbt_version": "1.10.4", "profile_name": "kalshi_pipeline", "target_name": "dev", "connection_name": "create_kalshi_main"} */

    
    
        create schema if not exists "kalshi"."main"
    
[0m23:32:40.779812 [debug] [ThreadPool]: SQL status: OK in 0.000 seconds
[0m23:32:40.780137 [debug] [ThreadPool]: On create_kalshi_main: COMMIT
[0m23:32:40.780258 [debug] [ThreadPool]: Using duckdb connection "create_kalshi_main"
[0m23:32:40.780367 [debug] [ThreadPool]: On create_kalshi_main: COMMIT
[0m23:32:40.780532 [debug] [ThreadPool]: SQL status: OK in 0.000 seconds
[0m23:32:40.780648 [debug] [ThreadPool]: On create_kalshi_main: Close
[0m23:32:40.781170 [debug] [ThreadPool]: Re-using an available connection from the pool (formerly create_kalshi_main, now list_kalshi_main)
[0m23:32:40.783335 [debug] [ThreadPool]: Using duckdb connection "list_kalshi_main"
[0m23:32:40.783464 [debug] [ThreadPool]: On list_kalshi_main: BEGIN
[0m23:32:40.783584 [debug] [ThreadPool]: Opening a new connection, currently in state closed
[0m23:32:40.783827 [debug] [ThreadPool]: SQL status: OK in 0.000 seconds
[0m23:32:40.783979 [debug] [ThreadPool]: Using duckdb connection "list_kalshi_main"
[0m23:32:40.784120 [debug] [ThreadPool]: On list_kalshi_main: /* {"app": "dbt", "dbt_version": "1.10.4", "profile_name": "kalshi_pipeline", "target_name": "dev", "connection_name": "list_kalshi_main"} */
select
      'kalshi' as database,
      table_name as name,
      table_schema as schema,
      CASE table_type
        WHEN 'BASE TABLE' THEN 'table'
        WHEN 'VIEW' THEN 'view'
        WHEN 'LOCAL TEMPORARY' THEN 'table'
        END as type
    from system.information_schema.tables
    where lower(table_schema) = 'main'
    and lower(table_catalog) = 'kalshi'
  
[0m23:32:40.785624 [debug] [ThreadPool]: SQL status: OK in 0.001 seconds
[0m23:32:40.786146 [debug] [ThreadPool]: On list_kalshi_main: ROLLBACK
[0m23:32:40.786986 [debug] [ThreadPool]: Failed to rollback 'list_kalshi_main'
[0m23:32:40.787116 [debug] [ThreadPool]: On list_kalshi_main: Close
[0m23:32:40.787619 [debug] [MainThread]: Sending event: {'category': 'dbt', 'action': 'runnable_timing', 'label': '4800472b-d8c3-4384-8a71-34fc19b6c1d6', 'context': [<snowplow_tracker.self_describing_json.SelfDescribingJson object at 0x1022f1940>]}
[0m23:32:40.787819 [debug] [MainThread]: Using duckdb connection "master"
[0m23:32:40.787933 [debug] [MainThread]: On master: BEGIN
[0m23:32:40.788041 [debug] [MainThread]: Opening a new connection, currently in state init
[0m23:32:40.788244 [debug] [MainThread]: SQL status: OK in 0.000 seconds
[0m23:32:40.788366 [debug] [MainThread]: On master: COMMIT
[0m23:32:40.788490 [debug] [MainThread]: Using duckdb connection "master"
[0m23:32:40.788592 [debug] [MainThread]: On master: COMMIT
[0m23:32:40.788749 [debug] [MainThread]: SQL status: OK in 0.000 seconds
[0m23:32:40.788869 [debug] [MainThread]: On master: Close
[0m23:32:40.790052 [debug] [Thread-1 (]: Began running node model.kalshi_pipeline.stg_citibike
[0m23:32:40.790265 [info ] [Thread-1 (]: 1 of 5 START sql table model main.stg_citibike ................................. [RUN]
[0m23:32:40.790459 [debug] [Thread-1 (]: Re-using an available connection from the pool (formerly list_kalshi_main, now model.kalshi_pipeline.stg_citibike)
[0m23:32:40.790607 [debug] [Thread-1 (]: Began compiling node model.kalshi_pipeline.stg_citibike
[0m23:32:40.793520 [debug] [Thread-1 (]: Writing injected SQL for node "model.kalshi_pipeline.stg_citibike"
[0m23:32:40.793843 [debug] [Thread-1 (]: Began executing node model.kalshi_pipeline.stg_citibike
[0m23:32:40.806795 [debug] [Thread-1 (]: Writing runtime sql for node "model.kalshi_pipeline.stg_citibike"
[0m23:32:40.807195 [debug] [Thread-1 (]: Using duckdb connection "model.kalshi_pipeline.stg_citibike"
[0m23:32:40.807351 [debug] [Thread-1 (]: On model.kalshi_pipeline.stg_citibike: BEGIN
[0m23:32:40.807490 [debug] [Thread-1 (]: Opening a new connection, currently in state closed
[0m23:32:40.807787 [debug] [Thread-1 (]: SQL status: OK in 0.000 seconds
[0m23:32:40.807923 [debug] [Thread-1 (]: Using duckdb connection "model.kalshi_pipeline.stg_citibike"
[0m23:32:40.808085 [debug] [Thread-1 (]: On model.kalshi_pipeline.stg_citibike: /* {"app": "dbt", "dbt_version": "1.10.4", "profile_name": "kalshi_pipeline", "target_name": "dev", "node_id": "model.kalshi_pipeline.stg_citibike"} */

  
    
    

    create  table
      "kalshi"."main"."stg_citibike__dbt_tmp"
  
    as (
      WITH raw_trips AS (
    SELECT
        date_trunc('hour', CAST(started_at AS TIMESTAMP)) AS trip_hour,
        rideable_type,
        member_casual,
        epoch(CAST(ended_at AS TIMESTAMP) - CAST(started_at AS TIMESTAMP)) / 60.0 AS duration_minutes
    FROM '../data/raw_citibike_*.parquet'
    WHERE started_at IS NOT NULL
      AND ended_at IS NOT NULL
)

SELECT
    trip_hour,
    COUNT(*) AS total_rides,
    COUNT(CASE WHEN member_casual = 'member' THEN 1 END) AS member_rides,
    COUNT(CASE WHEN member_casual = 'casual' THEN 1 END) AS casual_rides,
    COUNT(CASE WHEN rideable_type = 'electric_bike' THEN 1 END) AS electric_rides,
    COUNT(CASE WHEN rideable_type = 'classic_bike' THEN 1 END) AS classic_rides,
    ROUND(AVG(duration_minutes), 2) AS avg_duration_minutes
FROM raw_trips
-- Filter out zero/negative durations or GPS glitches > 24 hours
WHERE duration_minutes > 1 AND duration_minutes < 1440
GROUP BY trip_hour
    );
  
  
[0m23:32:40.906935 [debug] [Thread-1 (]: SQL status: OK in 0.099 seconds
[0m23:32:40.909277 [debug] [Thread-1 (]: Using duckdb connection "model.kalshi_pipeline.stg_citibike"
[0m23:32:40.909445 [debug] [Thread-1 (]: On model.kalshi_pipeline.stg_citibike: /* {"app": "dbt", "dbt_version": "1.10.4", "profile_name": "kalshi_pipeline", "target_name": "dev", "node_id": "model.kalshi_pipeline.stg_citibike"} */

    SELECT index_name
    FROM duckdb_indexes()
    WHERE schema_name = 'main'
      AND table_name = 'stg_citibike'
  
[0m23:32:40.909866 [debug] [Thread-1 (]: SQL status: OK in 0.000 seconds
[0m23:32:40.910363 [debug] [Thread-1 (]: Using duckdb connection "model.kalshi_pipeline.stg_citibike"
[0m23:32:40.910502 [debug] [Thread-1 (]: On model.kalshi_pipeline.stg_citibike: /* {"app": "dbt", "dbt_version": "1.10.4", "profile_name": "kalshi_pipeline", "target_name": "dev", "node_id": "model.kalshi_pipeline.stg_citibike"} */

    SELECT COUNT(*) as remaining_indexes
    FROM duckdb_indexes()
    WHERE schema_name = 'main'
      AND table_name = 'stg_citibike'
  
[0m23:32:40.910816 [debug] [Thread-1 (]: SQL status: OK in 0.000 seconds
[0m23:32:40.913274 [debug] [Thread-1 (]: Using duckdb connection "model.kalshi_pipeline.stg_citibike"
[0m23:32:40.913445 [debug] [Thread-1 (]: On model.kalshi_pipeline.stg_citibike: /* {"app": "dbt", "dbt_version": "1.10.4", "profile_name": "kalshi_pipeline", "target_name": "dev", "node_id": "model.kalshi_pipeline.stg_citibike"} */
alter table "kalshi"."main"."stg_citibike" rename to "stg_citibike__dbt_backup"
[0m23:32:40.913704 [debug] [Thread-1 (]: SQL status: OK in 0.000 seconds
[0m23:32:40.915340 [debug] [Thread-1 (]: Using duckdb connection "model.kalshi_pipeline.stg_citibike"
[0m23:32:40.915493 [debug] [Thread-1 (]: On model.kalshi_pipeline.stg_citibike: /* {"app": "dbt", "dbt_version": "1.10.4", "profile_name": "kalshi_pipeline", "target_name": "dev", "node_id": "model.kalshi_pipeline.stg_citibike"} */
alter table "kalshi"."main"."stg_citibike__dbt_tmp" rename to "stg_citibike"
[0m23:32:40.915722 [debug] [Thread-1 (]: SQL status: OK in 0.000 seconds
[0m23:32:40.945247 [debug] [Thread-1 (]: On model.kalshi_pipeline.stg_citibike: COMMIT
[0m23:32:40.945480 [debug] [Thread-1 (]: Using duckdb connection "model.kalshi_pipeline.stg_citibike"
[0m23:32:40.945626 [debug] [Thread-1 (]: On model.kalshi_pipeline.stg_citibike: COMMIT
[0m23:32:40.946610 [debug] [Thread-1 (]: SQL status: OK in 0.001 seconds
[0m23:32:40.948840 [debug] [Thread-1 (]: Using duckdb connection "model.kalshi_pipeline.stg_citibike"
[0m23:32:40.948995 [debug] [Thread-1 (]: On model.kalshi_pipeline.stg_citibike: /* {"app": "dbt", "dbt_version": "1.10.4", "profile_name": "kalshi_pipeline", "target_name": "dev", "node_id": "model.kalshi_pipeline.stg_citibike"} */

      drop table if exists "kalshi"."main"."stg_citibike__dbt_backup" cascade
    
[0m23:32:40.949390 [debug] [Thread-1 (]: SQL status: OK in 0.000 seconds
[0m23:32:40.950420 [debug] [Thread-1 (]: On model.kalshi_pipeline.stg_citibike: Close
[0m23:32:40.951316 [debug] [Thread-1 (]: Sending event: {'category': 'dbt', 'action': 'run_model', 'label': '4800472b-d8c3-4384-8a71-34fc19b6c1d6', 'context': [<snowplow_tracker.self_describing_json.SelfDescribingJson object at 0x1055d5700>]}
[0m23:32:40.951601 [info ] [Thread-1 (]: 1 of 5 OK created sql table model main.stg_citibike ............................ [[32mOK[0m in 0.16s]
[0m23:32:40.951846 [debug] [Thread-1 (]: Finished running node model.kalshi_pipeline.stg_citibike
[0m23:32:40.952010 [debug] [Thread-1 (]: Began running node model.kalshi_pipeline.stg_forecast
[0m23:32:40.952218 [info ] [Thread-1 (]: 2 of 5 START sql table model main.stg_forecast ................................. [RUN]
[0m23:32:40.952395 [debug] [Thread-1 (]: Re-using an available connection from the pool (formerly model.kalshi_pipeline.stg_citibike, now model.kalshi_pipeline.stg_forecast)
[0m23:32:40.952541 [debug] [Thread-1 (]: Began compiling node model.kalshi_pipeline.stg_forecast
[0m23:32:40.953568 [debug] [Thread-1 (]: Writing injected SQL for node "model.kalshi_pipeline.stg_forecast"
[0m23:32:40.953844 [debug] [Thread-1 (]: Began executing node model.kalshi_pipeline.stg_forecast
[0m23:32:40.955083 [debug] [Thread-1 (]: Writing runtime sql for node "model.kalshi_pipeline.stg_forecast"
[0m23:32:40.955352 [debug] [Thread-1 (]: Using duckdb connection "model.kalshi_pipeline.stg_forecast"
[0m23:32:40.955490 [debug] [Thread-1 (]: On model.kalshi_pipeline.stg_forecast: BEGIN
[0m23:32:40.955614 [debug] [Thread-1 (]: Opening a new connection, currently in state closed
[0m23:32:40.955859 [debug] [Thread-1 (]: SQL status: OK in 0.000 seconds
[0m23:32:40.955994 [debug] [Thread-1 (]: Using duckdb connection "model.kalshi_pipeline.stg_forecast"
[0m23:32:40.956146 [debug] [Thread-1 (]: On model.kalshi_pipeline.stg_forecast: /* {"app": "dbt", "dbt_version": "1.10.4", "profile_name": "kalshi_pipeline", "target_name": "dev", "node_id": "model.kalshi_pipeline.stg_forecast"} */

  
    
    

    create  table
      "kalshi"."main"."stg_forecast__dbt_tmp"
  
    as (
      SELECT
    CAST(time AS TIMESTAMP) AS forecast_timestamp,
    CAST(time AS DATE) AS forecast_date,
    temperature_2m_previous_day1 AS forecast_temp_previous_day1
FROM '../data/raw_forecast_previous_day1.parquet'
    );
  
  
[0m23:32:40.958920 [debug] [Thread-1 (]: SQL status: OK in 0.003 seconds
[0m23:32:40.959393 [debug] [Thread-1 (]: Using duckdb connection "model.kalshi_pipeline.stg_forecast"
[0m23:32:40.959537 [debug] [Thread-1 (]: On model.kalshi_pipeline.stg_forecast: /* {"app": "dbt", "dbt_version": "1.10.4", "profile_name": "kalshi_pipeline", "target_name": "dev", "node_id": "model.kalshi_pipeline.stg_forecast"} */

    SELECT index_name
    FROM duckdb_indexes()
    WHERE schema_name = 'main'
      AND table_name = 'stg_forecast'
  
[0m23:32:40.959909 [debug] [Thread-1 (]: SQL status: OK in 0.000 seconds
[0m23:32:40.960554 [debug] [Thread-1 (]: Using duckdb connection "model.kalshi_pipeline.stg_forecast"
[0m23:32:40.960762 [debug] [Thread-1 (]: On model.kalshi_pipeline.stg_forecast: /* {"app": "dbt", "dbt_version": "1.10.4", "profile_name": "kalshi_pipeline", "target_name": "dev", "node_id": "model.kalshi_pipeline.stg_forecast"} */

    SELECT COUNT(*) as remaining_indexes
    FROM duckdb_indexes()
    WHERE schema_name = 'main'
      AND table_name = 'stg_forecast'
  
[0m23:32:40.961159 [debug] [Thread-1 (]: SQL status: OK in 0.000 seconds
[0m23:32:40.962387 [debug] [Thread-1 (]: Using duckdb connection "model.kalshi_pipeline.stg_forecast"
[0m23:32:40.962534 [debug] [Thread-1 (]: On model.kalshi_pipeline.stg_forecast: /* {"app": "dbt", "dbt_version": "1.10.4", "profile_name": "kalshi_pipeline", "target_name": "dev", "node_id": "model.kalshi_pipeline.stg_forecast"} */
alter table "kalshi"."main"."stg_forecast" rename to "stg_forecast__dbt_backup"
[0m23:32:40.962778 [debug] [Thread-1 (]: SQL status: OK in 0.000 seconds
[0m23:32:40.963766 [debug] [Thread-1 (]: Using duckdb connection "model.kalshi_pipeline.stg_forecast"
[0m23:32:40.963901 [debug] [Thread-1 (]: On model.kalshi_pipeline.stg_forecast: /* {"app": "dbt", "dbt_version": "1.10.4", "profile_name": "kalshi_pipeline", "target_name": "dev", "node_id": "model.kalshi_pipeline.stg_forecast"} */
alter table "kalshi"."main"."stg_forecast__dbt_tmp" rename to "stg_forecast"
[0m23:32:40.964110 [debug] [Thread-1 (]: SQL status: OK in 0.000 seconds
[0m23:32:40.964721 [debug] [Thread-1 (]: On model.kalshi_pipeline.stg_forecast: COMMIT
[0m23:32:40.964856 [debug] [Thread-1 (]: Using duckdb connection "model.kalshi_pipeline.stg_forecast"
[0m23:32:40.964979 [debug] [Thread-1 (]: On model.kalshi_pipeline.stg_forecast: COMMIT
[0m23:32:40.965633 [debug] [Thread-1 (]: SQL status: OK in 0.001 seconds
[0m23:32:40.966838 [debug] [Thread-1 (]: Using duckdb connection "model.kalshi_pipeline.stg_forecast"
[0m23:32:40.967044 [debug] [Thread-1 (]: On model.kalshi_pipeline.stg_forecast: /* {"app": "dbt", "dbt_version": "1.10.4", "profile_name": "kalshi_pipeline", "target_name": "dev", "node_id": "model.kalshi_pipeline.stg_forecast"} */

      drop table if exists "kalshi"."main"."stg_forecast__dbt_backup" cascade
    
[0m23:32:40.967512 [debug] [Thread-1 (]: SQL status: OK in 0.000 seconds
[0m23:32:40.968142 [debug] [Thread-1 (]: On model.kalshi_pipeline.stg_forecast: Close
[0m23:32:40.968392 [debug] [Thread-1 (]: Sending event: {'category': 'dbt', 'action': 'run_model', 'label': '4800472b-d8c3-4384-8a71-34fc19b6c1d6', 'context': [<snowplow_tracker.self_describing_json.SelfDescribingJson object at 0x1068b2870>]}
[0m23:32:40.968650 [info ] [Thread-1 (]: 2 of 5 OK created sql table model main.stg_forecast ............................ [[32mOK[0m in 0.02s]
[0m23:32:40.968890 [debug] [Thread-1 (]: Finished running node model.kalshi_pipeline.stg_forecast
[0m23:32:40.969061 [debug] [Thread-1 (]: Began running node model.kalshi_pipeline.stg_noaa
[0m23:32:40.969283 [info ] [Thread-1 (]: 3 of 5 START sql table model main.stg_noaa ..................................... [RUN]
[0m23:32:40.969460 [debug] [Thread-1 (]: Re-using an available connection from the pool (formerly model.kalshi_pipeline.stg_forecast, now model.kalshi_pipeline.stg_noaa)
[0m23:32:40.969611 [debug] [Thread-1 (]: Began compiling node model.kalshi_pipeline.stg_noaa
[0m23:32:40.970796 [debug] [Thread-1 (]: Writing injected SQL for node "model.kalshi_pipeline.stg_noaa"
[0m23:32:40.971160 [debug] [Thread-1 (]: Began executing node model.kalshi_pipeline.stg_noaa
[0m23:32:40.972414 [debug] [Thread-1 (]: Writing runtime sql for node "model.kalshi_pipeline.stg_noaa"
[0m23:32:40.972666 [debug] [Thread-1 (]: Using duckdb connection "model.kalshi_pipeline.stg_noaa"
[0m23:32:40.972799 [debug] [Thread-1 (]: On model.kalshi_pipeline.stg_noaa: BEGIN
[0m23:32:40.972936 [debug] [Thread-1 (]: Opening a new connection, currently in state closed
[0m23:32:40.973211 [debug] [Thread-1 (]: SQL status: OK in 0.000 seconds
[0m23:32:40.973345 [debug] [Thread-1 (]: Using duckdb connection "model.kalshi_pipeline.stg_noaa"
[0m23:32:40.973486 [debug] [Thread-1 (]: On model.kalshi_pipeline.stg_noaa: /* {"app": "dbt", "dbt_version": "1.10.4", "profile_name": "kalshi_pipeline", "target_name": "dev", "node_id": "model.kalshi_pipeline.stg_noaa"} */

  
    
    

    create  table
      "kalshi"."main"."stg_noaa__dbt_tmp"
  
    as (
      SELECT
    CAST(DATE AS DATE) AS weather_date,
    TMAX AS official_high_temp
FROM '../data/raw_noaa_daily_high.parquet'
    );
  
  
[0m23:32:40.974437 [debug] [Thread-1 (]: SQL status: OK in 0.001 seconds
[0m23:32:40.974970 [debug] [Thread-1 (]: Using duckdb connection "model.kalshi_pipeline.stg_noaa"
[0m23:32:40.975144 [debug] [Thread-1 (]: On model.kalshi_pipeline.stg_noaa: /* {"app": "dbt", "dbt_version": "1.10.4", "profile_name": "kalshi_pipeline", "target_name": "dev", "node_id": "model.kalshi_pipeline.stg_noaa"} */

    SELECT index_name
    FROM duckdb_indexes()
    WHERE schema_name = 'main'
      AND table_name = 'stg_noaa'
  
[0m23:32:40.975552 [debug] [Thread-1 (]: SQL status: OK in 0.000 seconds
[0m23:32:40.976091 [debug] [Thread-1 (]: Using duckdb connection "model.kalshi_pipeline.stg_noaa"
[0m23:32:40.976234 [debug] [Thread-1 (]: On model.kalshi_pipeline.stg_noaa: /* {"app": "dbt", "dbt_version": "1.10.4", "profile_name": "kalshi_pipeline", "target_name": "dev", "node_id": "model.kalshi_pipeline.stg_noaa"} */

    SELECT COUNT(*) as remaining_indexes
    FROM duckdb_indexes()
    WHERE schema_name = 'main'
      AND table_name = 'stg_noaa'
  
[0m23:32:40.976570 [debug] [Thread-1 (]: SQL status: OK in 0.000 seconds
[0m23:32:40.977801 [debug] [Thread-1 (]: Using duckdb connection "model.kalshi_pipeline.stg_noaa"
[0m23:32:40.977944 [debug] [Thread-1 (]: On model.kalshi_pipeline.stg_noaa: /* {"app": "dbt", "dbt_version": "1.10.4", "profile_name": "kalshi_pipeline", "target_name": "dev", "node_id": "model.kalshi_pipeline.stg_noaa"} */
alter table "kalshi"."main"."stg_noaa" rename to "stg_noaa__dbt_backup"
[0m23:32:40.978156 [debug] [Thread-1 (]: SQL status: OK in 0.000 seconds
[0m23:32:40.979103 [debug] [Thread-1 (]: Using duckdb connection "model.kalshi_pipeline.stg_noaa"
[0m23:32:40.979232 [debug] [Thread-1 (]: On model.kalshi_pipeline.stg_noaa: /* {"app": "dbt", "dbt_version": "1.10.4", "profile_name": "kalshi_pipeline", "target_name": "dev", "node_id": "model.kalshi_pipeline.stg_noaa"} */
alter table "kalshi"."main"."stg_noaa__dbt_tmp" rename to "stg_noaa"
[0m23:32:40.979431 [debug] [Thread-1 (]: SQL status: OK in 0.000 seconds
[0m23:32:40.980012 [debug] [Thread-1 (]: On model.kalshi_pipeline.stg_noaa: COMMIT
[0m23:32:40.980142 [debug] [Thread-1 (]: Using duckdb connection "model.kalshi_pipeline.stg_noaa"
[0m23:32:40.980262 [debug] [Thread-1 (]: On model.kalshi_pipeline.stg_noaa: COMMIT
[0m23:32:40.980679 [debug] [Thread-1 (]: SQL status: OK in 0.000 seconds
[0m23:32:40.982858 [debug] [Thread-1 (]: Using duckdb connection "model.kalshi_pipeline.stg_noaa"
[0m23:32:40.983020 [debug] [Thread-1 (]: On model.kalshi_pipeline.stg_noaa: /* {"app": "dbt", "dbt_version": "1.10.4", "profile_name": "kalshi_pipeline", "target_name": "dev", "node_id": "model.kalshi_pipeline.stg_noaa"} */

      drop table if exists "kalshi"."main"."stg_noaa__dbt_backup" cascade
    
[0m23:32:40.983457 [debug] [Thread-1 (]: SQL status: OK in 0.000 seconds
[0m23:32:40.984038 [debug] [Thread-1 (]: On model.kalshi_pipeline.stg_noaa: Close
[0m23:32:40.984267 [debug] [Thread-1 (]: Sending event: {'category': 'dbt', 'action': 'run_model', 'label': '4800472b-d8c3-4384-8a71-34fc19b6c1d6', 'context': [<snowplow_tracker.self_describing_json.SelfDescribingJson object at 0x105f5c080>]}
[0m23:32:40.984507 [info ] [Thread-1 (]: 3 of 5 OK created sql table model main.stg_noaa ................................ [[32mOK[0m in 0.01s]
[0m23:32:40.984742 [debug] [Thread-1 (]: Finished running node model.kalshi_pipeline.stg_noaa
[0m23:32:40.984906 [debug] [Thread-1 (]: Began running node model.kalshi_pipeline.stg_weather
[0m23:32:40.985102 [info ] [Thread-1 (]: 4 of 5 START sql table model main.stg_weather .................................. [RUN]
[0m23:32:40.985276 [debug] [Thread-1 (]: Re-using an available connection from the pool (formerly model.kalshi_pipeline.stg_noaa, now model.kalshi_pipeline.stg_weather)
[0m23:32:40.985428 [debug] [Thread-1 (]: Began compiling node model.kalshi_pipeline.stg_weather
[0m23:32:40.986529 [debug] [Thread-1 (]: Writing injected SQL for node "model.kalshi_pipeline.stg_weather"
[0m23:32:40.986876 [debug] [Thread-1 (]: Began executing node model.kalshi_pipeline.stg_weather
[0m23:32:40.988086 [debug] [Thread-1 (]: Writing runtime sql for node "model.kalshi_pipeline.stg_weather"
[0m23:32:40.988351 [debug] [Thread-1 (]: Using duckdb connection "model.kalshi_pipeline.stg_weather"
[0m23:32:40.988503 [debug] [Thread-1 (]: On model.kalshi_pipeline.stg_weather: BEGIN
[0m23:32:40.988643 [debug] [Thread-1 (]: Opening a new connection, currently in state closed
[0m23:32:40.988893 [debug] [Thread-1 (]: SQL status: OK in 0.000 seconds
[0m23:32:40.989030 [debug] [Thread-1 (]: Using duckdb connection "model.kalshi_pipeline.stg_weather"
[0m23:32:40.989186 [debug] [Thread-1 (]: On model.kalshi_pipeline.stg_weather: /* {"app": "dbt", "dbt_version": "1.10.4", "profile_name": "kalshi_pipeline", "target_name": "dev", "node_id": "model.kalshi_pipeline.stg_weather"} */

  
    
    

    create  table
      "kalshi"."main"."stg_weather__dbt_tmp"
  
    as (
      SELECT
    CAST(time AS TIMESTAMP) AS weather_timestamp,
    CAST(time AS DATE) AS weather_date,
    EXTRACT(HOUR FROM CAST(time AS TIMESTAMP)) AS hour_of_day,
    temperature_2m AS temp_f,
    relative_humidity_2m AS humidity,
    cloud_cover,
    precipitation
FROM '../data/raw_central_park_weather.parquet'
    );
  
  
[0m23:32:40.994782 [debug] [Thread-1 (]: SQL status: OK in 0.005 seconds
[0m23:32:40.995647 [debug] [Thread-1 (]: Using duckdb connection "model.kalshi_pipeline.stg_weather"
[0m23:32:40.995841 [debug] [Thread-1 (]: On model.kalshi_pipeline.stg_weather: /* {"app": "dbt", "dbt_version": "1.10.4", "profile_name": "kalshi_pipeline", "target_name": "dev", "node_id": "model.kalshi_pipeline.stg_weather"} */

    SELECT index_name
    FROM duckdb_indexes()
    WHERE schema_name = 'main'
      AND table_name = 'stg_weather'
  
[0m23:32:40.996298 [debug] [Thread-1 (]: SQL status: OK in 0.000 seconds
[0m23:32:40.996840 [debug] [Thread-1 (]: Using duckdb connection "model.kalshi_pipeline.stg_weather"
[0m23:32:40.997002 [debug] [Thread-1 (]: On model.kalshi_pipeline.stg_weather: /* {"app": "dbt", "dbt_version": "1.10.4", "profile_name": "kalshi_pipeline", "target_name": "dev", "node_id": "model.kalshi_pipeline.stg_weather"} */

    SELECT COUNT(*) as remaining_indexes
    FROM duckdb_indexes()
    WHERE schema_name = 'main'
      AND table_name = 'stg_weather'
  
[0m23:32:40.997367 [debug] [Thread-1 (]: SQL status: OK in 0.000 seconds
[0m23:32:40.998697 [debug] [Thread-1 (]: Using duckdb connection "model.kalshi_pipeline.stg_weather"
[0m23:32:40.998839 [debug] [Thread-1 (]: On model.kalshi_pipeline.stg_weather: /* {"app": "dbt", "dbt_version": "1.10.4", "profile_name": "kalshi_pipeline", "target_name": "dev", "node_id": "model.kalshi_pipeline.stg_weather"} */
alter table "kalshi"."main"."stg_weather" rename to "stg_weather__dbt_backup"
[0m23:32:40.999096 [debug] [Thread-1 (]: SQL status: OK in 0.000 seconds
[0m23:32:41.000118 [debug] [Thread-1 (]: Using duckdb connection "model.kalshi_pipeline.stg_weather"
[0m23:32:41.000256 [debug] [Thread-1 (]: On model.kalshi_pipeline.stg_weather: /* {"app": "dbt", "dbt_version": "1.10.4", "profile_name": "kalshi_pipeline", "target_name": "dev", "node_id": "model.kalshi_pipeline.stg_weather"} */
alter table "kalshi"."main"."stg_weather__dbt_tmp" rename to "stg_weather"
[0m23:32:41.000480 [debug] [Thread-1 (]: SQL status: OK in 0.000 seconds
[0m23:32:41.001179 [debug] [Thread-1 (]: On model.kalshi_pipeline.stg_weather: COMMIT
[0m23:32:41.001310 [debug] [Thread-1 (]: Using duckdb connection "model.kalshi_pipeline.stg_weather"
[0m23:32:41.001443 [debug] [Thread-1 (]: On model.kalshi_pipeline.stg_weather: COMMIT
[0m23:32:41.002451 [debug] [Thread-1 (]: SQL status: OK in 0.001 seconds
[0m23:32:41.003278 [debug] [Thread-1 (]: Using duckdb connection "model.kalshi_pipeline.stg_weather"
[0m23:32:41.003418 [debug] [Thread-1 (]: On model.kalshi_pipeline.stg_weather: /* {"app": "dbt", "dbt_version": "1.10.4", "profile_name": "kalshi_pipeline", "target_name": "dev", "node_id": "model.kalshi_pipeline.stg_weather"} */

      drop table if exists "kalshi"."main"."stg_weather__dbt_backup" cascade
    
[0m23:32:41.003735 [debug] [Thread-1 (]: SQL status: OK in 0.000 seconds
[0m23:32:41.004218 [debug] [Thread-1 (]: On model.kalshi_pipeline.stg_weather: Close
[0m23:32:41.004467 [debug] [Thread-1 (]: Sending event: {'category': 'dbt', 'action': 'run_model', 'label': '4800472b-d8c3-4384-8a71-34fc19b6c1d6', 'context': [<snowplow_tracker.self_describing_json.SelfDescribingJson object at 0x105543ef0>]}
[0m23:32:41.004736 [info ] [Thread-1 (]: 4 of 5 OK created sql table model main.stg_weather ............................. [[32mOK[0m in 0.02s]
[0m23:32:41.004974 [debug] [Thread-1 (]: Finished running node model.kalshi_pipeline.stg_weather
[0m23:32:41.005295 [debug] [Thread-1 (]: Began running node model.kalshi_pipeline.fct_citibike_weather_impact
[0m23:32:41.005509 [info ] [Thread-1 (]: 5 of 5 START sql table model main.fct_citibike_weather_impact .................. [RUN]
[0m23:32:41.005707 [debug] [Thread-1 (]: Re-using an available connection from the pool (formerly model.kalshi_pipeline.stg_weather, now model.kalshi_pipeline.fct_citibike_weather_impact)
[0m23:32:41.005859 [debug] [Thread-1 (]: Began compiling node model.kalshi_pipeline.fct_citibike_weather_impact
[0m23:32:41.007055 [debug] [Thread-1 (]: Writing injected SQL for node "model.kalshi_pipeline.fct_citibike_weather_impact"
[0m23:32:41.007379 [debug] [Thread-1 (]: Began executing node model.kalshi_pipeline.fct_citibike_weather_impact
[0m23:32:41.008638 [debug] [Thread-1 (]: Writing runtime sql for node "model.kalshi_pipeline.fct_citibike_weather_impact"
[0m23:32:41.008903 [debug] [Thread-1 (]: Using duckdb connection "model.kalshi_pipeline.fct_citibike_weather_impact"
[0m23:32:41.009046 [debug] [Thread-1 (]: On model.kalshi_pipeline.fct_citibike_weather_impact: BEGIN
[0m23:32:41.009184 [debug] [Thread-1 (]: Opening a new connection, currently in state closed
[0m23:32:41.009415 [debug] [Thread-1 (]: SQL status: OK in 0.000 seconds
[0m23:32:41.009553 [debug] [Thread-1 (]: Using duckdb connection "model.kalshi_pipeline.fct_citibike_weather_impact"
[0m23:32:41.009719 [debug] [Thread-1 (]: On model.kalshi_pipeline.fct_citibike_weather_impact: /* {"app": "dbt", "dbt_version": "1.10.4", "profile_name": "kalshi_pipeline", "target_name": "dev", "node_id": "model.kalshi_pipeline.fct_citibike_weather_impact"} */

  
    
    

    create  table
      "kalshi"."main"."fct_citibike_weather_impact__dbt_tmp"
  
    as (
      WITH citibike AS (
    SELECT * FROM "kalshi"."main"."stg_citibike"
),

weather AS (
    SELECT * FROM "kalshi"."main"."stg_weather"
)

SELECT
    w.weather_timestamp AS hour_timestamp,
    w.weather_date,
    w.hour_of_day,
    w.temp_f,
    w.humidity,
    w.cloud_cover,
    w.precipitation,
    CASE WHEN w.precipitation > 0.05 THEN TRUE ELSE FALSE END AS is_raining,
    CASE WHEN w.temp_f < 32.0 THEN TRUE ELSE FALSE END AS is_freezing,
    COALESCE(c.total_rides, 0) AS total_rides,
    COALESCE(c.member_rides, 0) AS member_rides,
    COALESCE(c.casual_rides, 0) AS casual_rides,
    COALESCE(c.electric_rides, 0) AS electric_rides,
    COALESCE(c.classic_rides, 0) AS classic_rides,
    c.avg_duration_minutes
FROM weather w
LEFT JOIN citibike c
    ON w.weather_timestamp = c.trip_hour
-- Replaced the old January filter to allow both 2024 and 2026 data through
WHERE EXTRACT(YEAR FROM w.weather_date) IN (2024, 2026)
ORDER BY hour_timestamp ASC
    );
  
  
[0m23:32:41.018430 [debug] [Thread-1 (]: SQL status: OK in 0.009 seconds
[0m23:32:41.018965 [debug] [Thread-1 (]: Using duckdb connection "model.kalshi_pipeline.fct_citibike_weather_impact"
[0m23:32:41.019128 [debug] [Thread-1 (]: On model.kalshi_pipeline.fct_citibike_weather_impact: /* {"app": "dbt", "dbt_version": "1.10.4", "profile_name": "kalshi_pipeline", "target_name": "dev", "node_id": "model.kalshi_pipeline.fct_citibike_weather_impact"} */

    SELECT index_name
    FROM duckdb_indexes()
    WHERE schema_name = 'main'
      AND table_name = 'fct_citibike_weather_impact'
  
[0m23:32:41.019511 [debug] [Thread-1 (]: SQL status: OK in 0.000 seconds
[0m23:32:41.019997 [debug] [Thread-1 (]: Using duckdb connection "model.kalshi_pipeline.fct_citibike_weather_impact"
[0m23:32:41.020144 [debug] [Thread-1 (]: On model.kalshi_pipeline.fct_citibike_weather_impact: /* {"app": "dbt", "dbt_version": "1.10.4", "profile_name": "kalshi_pipeline", "target_name": "dev", "node_id": "model.kalshi_pipeline.fct_citibike_weather_impact"} */

    SELECT COUNT(*) as remaining_indexes
    FROM duckdb_indexes()
    WHERE schema_name = 'main'
      AND table_name = 'fct_citibike_weather_impact'
  
[0m23:32:41.020485 [debug] [Thread-1 (]: SQL status: OK in 0.000 seconds
[0m23:32:41.021717 [debug] [Thread-1 (]: Using duckdb connection "model.kalshi_pipeline.fct_citibike_weather_impact"
[0m23:32:41.021878 [debug] [Thread-1 (]: On model.kalshi_pipeline.fct_citibike_weather_impact: /* {"app": "dbt", "dbt_version": "1.10.4", "profile_name": "kalshi_pipeline", "target_name": "dev", "node_id": "model.kalshi_pipeline.fct_citibike_weather_impact"} */
alter table "kalshi"."main"."fct_citibike_weather_impact" rename to "fct_citibike_weather_impact__dbt_backup"
[0m23:32:41.022140 [debug] [Thread-1 (]: SQL status: OK in 0.000 seconds
[0m23:32:41.023150 [debug] [Thread-1 (]: Using duckdb connection "model.kalshi_pipeline.fct_citibike_weather_impact"
[0m23:32:41.023284 [debug] [Thread-1 (]: On model.kalshi_pipeline.fct_citibike_weather_impact: /* {"app": "dbt", "dbt_version": "1.10.4", "profile_name": "kalshi_pipeline", "target_name": "dev", "node_id": "model.kalshi_pipeline.fct_citibike_weather_impact"} */
alter table "kalshi"."main"."fct_citibike_weather_impact__dbt_tmp" rename to "fct_citibike_weather_impact"
[0m23:32:41.023503 [debug] [Thread-1 (]: SQL status: OK in 0.000 seconds
[0m23:32:41.024174 [debug] [Thread-1 (]: On model.kalshi_pipeline.fct_citibike_weather_impact: COMMIT
[0m23:32:41.024307 [debug] [Thread-1 (]: Using duckdb connection "model.kalshi_pipeline.fct_citibike_weather_impact"
[0m23:32:41.024434 [debug] [Thread-1 (]: On model.kalshi_pipeline.fct_citibike_weather_impact: COMMIT
[0m23:32:41.025344 [debug] [Thread-1 (]: SQL status: OK in 0.001 seconds
[0m23:32:41.026164 [debug] [Thread-1 (]: Using duckdb connection "model.kalshi_pipeline.fct_citibike_weather_impact"
[0m23:32:41.026295 [debug] [Thread-1 (]: On model.kalshi_pipeline.fct_citibike_weather_impact: /* {"app": "dbt", "dbt_version": "1.10.4", "profile_name": "kalshi_pipeline", "target_name": "dev", "node_id": "model.kalshi_pipeline.fct_citibike_weather_impact"} */

      drop table if exists "kalshi"."main"."fct_citibike_weather_impact__dbt_backup" cascade
    
[0m23:32:41.026617 [debug] [Thread-1 (]: SQL status: OK in 0.000 seconds
[0m23:32:41.027065 [debug] [Thread-1 (]: On model.kalshi_pipeline.fct_citibike_weather_impact: Close
[0m23:32:41.027302 [debug] [Thread-1 (]: Sending event: {'category': 'dbt', 'action': 'run_model', 'label': '4800472b-d8c3-4384-8a71-34fc19b6c1d6', 'context': [<snowplow_tracker.self_describing_json.SelfDescribingJson object at 0x1068b84d0>]}
[0m23:32:41.027554 [info ] [Thread-1 (]: 5 of 5 OK created sql table model main.fct_citibike_weather_impact ............. [[32mOK[0m in 0.02s]
[0m23:32:41.027797 [debug] [Thread-1 (]: Finished running node model.kalshi_pipeline.fct_citibike_weather_impact
[0m23:32:41.028292 [debug] [MainThread]: Using duckdb connection "master"
[0m23:32:41.028451 [debug] [MainThread]: On master: BEGIN
[0m23:32:41.028569 [debug] [MainThread]: Opening a new connection, currently in state closed
[0m23:32:41.028773 [debug] [MainThread]: SQL status: OK in 0.000 seconds
[0m23:32:41.028899 [debug] [MainThread]: On master: COMMIT
[0m23:32:41.029019 [debug] [MainThread]: Using duckdb connection "master"
[0m23:32:41.029136 [debug] [MainThread]: On master: COMMIT
[0m23:32:41.029301 [debug] [MainThread]: SQL status: OK in 0.000 seconds
[0m23:32:41.029426 [debug] [MainThread]: On master: Close
[0m23:32:41.029582 [debug] [MainThread]: Connection 'master' was properly closed.
[0m23:32:41.029697 [debug] [MainThread]: Connection 'model.kalshi_pipeline.fct_citibike_weather_impact' was properly closed.
[0m23:32:41.029846 [info ] [MainThread]: 
[0m23:32:41.029989 [info ] [MainThread]: Finished running 5 table models in 0 hours 0 minutes and 0.29 seconds (0.29s).
[0m23:32:41.030449 [debug] [MainThread]: Command end result
[0m23:32:41.040647 [debug] [MainThread]: Wrote artifact WritableManifest to /Users/allisonfung/weather/kalshi_pipeline/target/manifest.json
[0m23:32:41.041516 [debug] [MainThread]: Wrote artifact SemanticManifest to /Users/allisonfung/weather/kalshi_pipeline/target/semantic_manifest.json
[0m23:32:41.043799 [debug] [MainThread]: Wrote artifact RunExecutionResult to /Users/allisonfung/weather/kalshi_pipeline/target/run_results.json
[0m23:32:41.043943 [info ] [MainThread]: 
[0m23:32:41.044108 [info ] [MainThread]: [32mCompleted successfully[0m
[0m23:32:41.044235 [info ] [MainThread]: 
[0m23:32:41.044374 [info ] [MainThread]: Done. PASS=5 WARN=0 ERROR=0 SKIP=0 NO-OP=0 TOTAL=5
[0m23:32:41.046404 [debug] [MainThread]: Resource report: {"command_name": "run", "command_success": true, "command_wall_clock_time": 0.7107133, "process_in_blocks": "0", "process_kernel_time": 0.153949, "process_mem_max_rss": "197148672", "process_out_blocks": "0", "process_user_time": 1.287818}
[0m23:32:41.046676 [debug] [MainThread]: Command `dbt run` succeeded at 23:32:41.046623 after 0.71 seconds
[0m23:32:41.046872 [debug] [MainThread]: Sending event: {'category': 'dbt', 'action': 'invocation', 'label': 'end', 'context': [<snowplow_tracker.self_describing_json.SelfDescribingJson object at 0x1034ad370>, <snowplow_tracker.self_describing_json.SelfDescribingJson object at 0x106d065d0>, <snowplow_tracker.self_describing_json.SelfDescribingJson object at 0x106d27aa0>]}
[0m23:32:41.047045 [debug] [MainThread]: Flushing usage events
[0m23:32:41.277425 [debug] [MainThread]: An error was encountered while trying to flush usage events
[0m00:18:38.386562 [debug] [MainThread]: Sending event: {'category': 'dbt', 'action': 'invocation', 'label': 'start', 'context': [<snowplow_tracker.self_describing_json.SelfDescribingJson object at 0x106cae4e0>, <snowplow_tracker.self_describing_json.SelfDescribingJson object at 0x1101198b0>, <snowplow_tracker.self_describing_json.SelfDescribingJson object at 0x1133c04a0>]}


============================== 00:18:38.389304 | 08c20b1c-93c9-473c-9483-228f879da086 ==============================
[0m00:18:38.389304 [info ] [MainThread]: Running with dbt=1.10.4
[0m00:18:38.389596 [debug] [MainThread]: running dbt with arguments {'printer_width': '80', 'indirect_selection': 'eager', 'log_cache_events': 'False', 'write_json': 'True', 'partial_parse': 'True', 'cache_selected_only': 'False', 'warn_error': 'None', 'debug': 'False', 'version_check': 'True', 'log_path': '/Users/allisonfung/weather/bike_project/logs', 'fail_fast': 'False', 'profiles_dir': '/Users/allisonfung/weather/bike_project', 'use_colors': 'True', 'use_experimental_parser': 'False', 'no_print': 'None', 'quiet': 'False', 'empty': 'False', 'log_format': 'default', 'invocation_command': 'dbt run', 'static_parser': 'True', 'introspect': 'True', 'target_path': 'None', 'warn_error_options': 'WarnErrorOptionsV2(error=[], warn=[], silence=[])', 'send_anonymous_usage_stats': 'True'}
[0m00:18:38.390886 [error] [MainThread]: Encountered an error:
Runtime Error
  Could not find profile named 'bike_project'
[0m00:18:38.392718 [debug] [MainThread]: Resource report: {"command_name": "run", "command_success": false, "command_wall_clock_time": 0.037982628, "process_in_blocks": "0", "process_kernel_time": 0.125425, "process_mem_max_rss": "108888064", "process_out_blocks": "0", "process_user_time": 0.592764}
[0m00:18:38.392954 [debug] [MainThread]: Command `dbt run` failed at 00:18:38.392910 after 0.04 seconds
[0m00:18:38.393109 [debug] [MainThread]: Sending event: {'category': 'dbt', 'action': 'invocation', 'label': 'end', 'context': [<snowplow_tracker.self_describing_json.SelfDescribingJson object at 0x11338bef0>, <snowplow_tracker.self_describing_json.SelfDescribingJson object at 0x1111fdd60>, <snowplow_tracker.self_describing_json.SelfDescribingJson object at 0x111410bf0>]}
[0m00:18:38.393251 [debug] [MainThread]: Flushing usage events
[0m00:18:38.660521 [debug] [MainThread]: An error was encountered while trying to flush usage events
[0m00:19:02.144626 [debug] [MainThread]: Sending event: {'category': 'dbt', 'action': 'invocation', 'label': 'start', 'context': [<snowplow_tracker.self_describing_json.SelfDescribingJson object at 0x112defbc0>, <snowplow_tracker.self_describing_json.SelfDescribingJson object at 0x1140c08c0>, <snowplow_tracker.self_describing_json.SelfDescribingJson object at 0x1140c0530>]}


============================== 00:19:02.149068 | c5624763-2147-49d8-aac5-242753052cb0 ==============================
[0m00:19:02.149068 [info ] [MainThread]: Running with dbt=1.10.4
[0m00:19:02.149562 [debug] [MainThread]: running dbt with arguments {'printer_width': '80', 'indirect_selection': 'eager', 'write_json': 'True', 'log_cache_events': 'False', 'partial_parse': 'True', 'cache_selected_only': 'False', 'warn_error': 'None', 'debug': 'False', 'version_check': 'True', 'log_path': '/Users/allisonfung/weather/bike_project/logs', 'fail_fast': 'False', 'profiles_dir': '/Users/allisonfung/weather/bike_project', 'use_colors': 'True', 'use_experimental_parser': 'False', 'no_print': 'None', 'quiet': 'False', 'empty': 'False', 'warn_error_options': 'WarnErrorOptionsV2(error=[], warn=[], silence=[])', 'invocation_command': 'dbt run', 'log_format': 'default', 'static_parser': 'True', 'target_path': 'None', 'introspect': 'True', 'send_anonymous_usage_stats': 'True'}
[0m00:19:02.324101 [debug] [MainThread]: Sending event: {'category': 'dbt', 'action': 'project_id', 'label': 'c5624763-2147-49d8-aac5-242753052cb0', 'context': [<snowplow_tracker.self_describing_json.SelfDescribingJson object at 0x11411d970>]}
[0m00:19:02.346772 [debug] [MainThread]: Sending event: {'category': 'dbt', 'action': 'adapter_info', 'label': 'c5624763-2147-49d8-aac5-242753052cb0', 'context': [<snowplow_tracker.self_describing_json.SelfDescribingJson object at 0x114042930>]}
[0m00:19:02.347997 [info ] [MainThread]: Registered adapter: duckdb=1.10.0
[0m00:19:02.392384 [debug] [MainThread]: checksum: 073cb5a296270136b24f9c040fdebd0642ef9c263903ef463bfe7e190c538da2, vars: {}, profile: , target: , version: 1.10.4
[0m00:19:02.392816 [info ] [MainThread]: Unable to do partial parsing because saved manifest not found. Starting full parse.
[0m00:19:02.393007 [debug] [MainThread]: Sending event: {'category': 'dbt', 'action': 'partial_parser', 'label': 'c5624763-2147-49d8-aac5-242753052cb0', 'context': [<snowplow_tracker.self_describing_json.SelfDescribingJson object at 0x114041e50>]}
[0m00:19:02.847556 [debug] [MainThread]: Sending event: {'category': 'dbt', 'action': 'load_project', 'label': 'c5624763-2147-49d8-aac5-242753052cb0', 'context': [<snowplow_tracker.self_describing_json.SelfDescribingJson object at 0x115b646e0>]}
[0m00:19:02.873143 [debug] [MainThread]: Wrote artifact WritableManifest to /Users/allisonfung/weather/bike_project/target/manifest.json
[0m00:19:02.874316 [debug] [MainThread]: Wrote artifact SemanticManifest to /Users/allisonfung/weather/bike_project/target/semantic_manifest.json
[0m00:19:02.887862 [debug] [MainThread]: Sending event: {'category': 'dbt', 'action': 'resource_counts', 'label': 'c5624763-2147-49d8-aac5-242753052cb0', 'context': [<snowplow_tracker.self_describing_json.SelfDescribingJson object at 0x1158c48c0>]}
[0m00:19:02.888068 [info ] [MainThread]: Found 5 models, 4 sources, 443 macros
[0m00:19:02.888208 [debug] [MainThread]: Sending event: {'category': 'dbt', 'action': 'runnable_timing', 'label': 'c5624763-2147-49d8-aac5-242753052cb0', 'context': [<snowplow_tracker.self_describing_json.SelfDescribingJson object at 0x1144a9a60>]}
[0m00:19:02.888966 [info ] [MainThread]: 
[0m00:19:02.889113 [info ] [MainThread]: Concurrency: 1 threads (target='dev')
[0m00:19:02.889238 [info ] [MainThread]: 
[0m00:19:02.889447 [debug] [MainThread]: Acquiring new duckdb connection 'master'
[0m00:19:02.891378 [debug] [ThreadPool]: Acquiring new duckdb connection 'list_bike'
[0m00:19:02.918368 [debug] [ThreadPool]: Using duckdb connection "list_bike"
[0m00:19:02.918628 [debug] [ThreadPool]: On list_bike: /* {"app": "dbt", "dbt_version": "1.10.4", "profile_name": "bike_project", "target_name": "dev", "connection_name": "list_bike"} */

    
    select schema_name
    from system.information_schema.schemata
    
    where lower(catalog_name) = '"bike"'
    
  
  
[0m00:19:02.918771 [debug] [ThreadPool]: Opening a new connection, currently in state init
[0m00:19:02.932271 [debug] [ThreadPool]: SQL status: OK in 0.013 seconds
[0m00:19:02.933095 [debug] [ThreadPool]: On list_bike: Close
[0m00:19:02.933592 [debug] [ThreadPool]: Re-using an available connection from the pool (formerly list_bike, now create_bike_main)
[0m00:19:02.933975 [debug] [ThreadPool]: Creating schema "database: "bike"
schema: "main"
"
[0m00:19:02.937356 [debug] [ThreadPool]: Using duckdb connection "create_bike_main"
[0m00:19:02.937630 [debug] [ThreadPool]: On create_bike_main: /* {"app": "dbt", "dbt_version": "1.10.4", "profile_name": "bike_project", "target_name": "dev", "connection_name": "create_bike_main"} */

    
        select type from duckdb_databases()
        where lower(database_name)='bike'
        and type='sqlite'
    
  
[0m00:19:02.937782 [debug] [ThreadPool]: Opening a new connection, currently in state closed
[0m00:19:02.938666 [debug] [ThreadPool]: SQL status: OK in 0.001 seconds
[0m00:19:02.939381 [debug] [ThreadPool]: Using duckdb connection "create_bike_main"
[0m00:19:02.939538 [debug] [ThreadPool]: On create_bike_main: BEGIN
[0m00:19:02.939770 [debug] [ThreadPool]: SQL status: OK in 0.000 seconds
[0m00:19:02.939897 [debug] [ThreadPool]: Using duckdb connection "create_bike_main"
[0m00:19:02.940020 [debug] [ThreadPool]: On create_bike_main: /* {"app": "dbt", "dbt_version": "1.10.4", "profile_name": "bike_project", "target_name": "dev", "connection_name": "create_bike_main"} */

    
    
        create schema if not exists "bike"."main"
    
[0m00:19:02.940344 [debug] [ThreadPool]: SQL status: OK in 0.000 seconds
[0m00:19:02.940718 [debug] [ThreadPool]: On create_bike_main: COMMIT
[0m00:19:02.940850 [debug] [ThreadPool]: Using duckdb connection "create_bike_main"
[0m00:19:02.940965 [debug] [ThreadPool]: On create_bike_main: COMMIT
[0m00:19:02.941147 [debug] [ThreadPool]: SQL status: OK in 0.000 seconds
[0m00:19:02.941257 [debug] [ThreadPool]: On create_bike_main: Close
[0m00:19:02.941970 [debug] [ThreadPool]: Re-using an available connection from the pool (formerly create_bike_main, now list_bike_main)
[0m00:19:02.944365 [debug] [ThreadPool]: Using duckdb connection "list_bike_main"
[0m00:19:02.944501 [debug] [ThreadPool]: On list_bike_main: BEGIN
[0m00:19:02.944605 [debug] [ThreadPool]: Opening a new connection, currently in state closed
[0m00:19:02.944792 [debug] [ThreadPool]: SQL status: OK in 0.000 seconds
[0m00:19:02.944899 [debug] [ThreadPool]: Using duckdb connection "list_bike_main"
[0m00:19:02.945010 [debug] [ThreadPool]: On list_bike_main: /* {"app": "dbt", "dbt_version": "1.10.4", "profile_name": "bike_project", "target_name": "dev", "connection_name": "list_bike_main"} */
select
      'bike' as database,
      table_name as name,
      table_schema as schema,
      CASE table_type
        WHEN 'BASE TABLE' THEN 'table'
        WHEN 'VIEW' THEN 'view'
        WHEN 'LOCAL TEMPORARY' THEN 'table'
        END as type
    from system.information_schema.tables
    where lower(table_schema) = 'main'
    and lower(table_catalog) = 'bike'
  
[0m00:19:02.948072 [debug] [ThreadPool]: SQL status: OK in 0.003 seconds
[0m00:19:02.948757 [debug] [ThreadPool]: On list_bike_main: ROLLBACK
[0m00:19:02.949742 [debug] [ThreadPool]: Failed to rollback 'list_bike_main'
[0m00:19:02.949899 [debug] [ThreadPool]: On list_bike_main: Close
[0m00:19:02.950255 [debug] [MainThread]: Sending event: {'category': 'dbt', 'action': 'runnable_timing', 'label': 'c5624763-2147-49d8-aac5-242753052cb0', 'context': [<snowplow_tracker.self_describing_json.SelfDescribingJson object at 0x105ed56d0>]}
[0m00:19:02.950535 [debug] [MainThread]: Using duckdb connection "master"
[0m00:19:02.950695 [debug] [MainThread]: On master: BEGIN
[0m00:19:02.950845 [debug] [MainThread]: Opening a new connection, currently in state init
[0m00:19:02.951181 [debug] [MainThread]: SQL status: OK in 0.000 seconds
[0m00:19:02.951344 [debug] [MainThread]: On master: COMMIT
[0m00:19:02.951479 [debug] [MainThread]: Using duckdb connection "master"
[0m00:19:02.951604 [debug] [MainThread]: On master: COMMIT
[0m00:19:02.951807 [debug] [MainThread]: SQL status: OK in 0.000 seconds
[0m00:19:02.951934 [debug] [MainThread]: On master: Close
[0m00:19:02.954364 [debug] [Thread-1 (]: Began running node model.bike_project.stg_citibike
[0m00:19:02.954651 [info ] [Thread-1 (]: 1 of 5 START sql table model main.stg_citibike ................................. [RUN]
[0m00:19:02.954871 [debug] [Thread-1 (]: Re-using an available connection from the pool (formerly list_bike_main, now model.bike_project.stg_citibike)
[0m00:19:02.955040 [debug] [Thread-1 (]: Began compiling node model.bike_project.stg_citibike
[0m00:19:02.958661 [debug] [Thread-1 (]: Writing injected SQL for node "model.bike_project.stg_citibike"
[0m00:19:02.959278 [debug] [Thread-1 (]: Began executing node model.bike_project.stg_citibike
[0m00:19:02.972393 [debug] [Thread-1 (]: Writing runtime sql for node "model.bike_project.stg_citibike"
[0m00:19:02.972929 [debug] [Thread-1 (]: Using duckdb connection "model.bike_project.stg_citibike"
[0m00:19:02.973069 [debug] [Thread-1 (]: On model.bike_project.stg_citibike: BEGIN
[0m00:19:02.973191 [debug] [Thread-1 (]: Opening a new connection, currently in state closed
[0m00:19:02.973493 [debug] [Thread-1 (]: SQL status: OK in 0.000 seconds
[0m00:19:02.973615 [debug] [Thread-1 (]: Using duckdb connection "model.bike_project.stg_citibike"
[0m00:19:02.973762 [debug] [Thread-1 (]: On model.bike_project.stg_citibike: /* {"app": "dbt", "dbt_version": "1.10.4", "profile_name": "bike_project", "target_name": "dev", "node_id": "model.bike_project.stg_citibike"} */

  
    
    

    create  table
      "bike"."main"."stg_citibike__dbt_tmp"
  
    as (
      WITH raw_trips AS (
    SELECT
        date_trunc('hour', CAST(started_at AS TIMESTAMP)) AS trip_hour,
        rideable_type,
        member_casual,
        epoch(CAST(ended_at AS TIMESTAMP) - CAST(started_at AS TIMESTAMP)) / 60.0 AS duration_minutes
    FROM '../data/raw_citibike_*.parquet'
    WHERE started_at IS NOT NULL
      AND ended_at IS NOT NULL
)

SELECT
    trip_hour,
    COUNT(*) AS total_rides,
    COUNT(CASE WHEN member_casual = 'member' THEN 1 END) AS member_rides,
    COUNT(CASE WHEN member_casual = 'casual' THEN 1 END) AS casual_rides,
    COUNT(CASE WHEN rideable_type = 'electric_bike' THEN 1 END) AS electric_rides,
    COUNT(CASE WHEN rideable_type = 'classic_bike' THEN 1 END) AS classic_rides,
    ROUND(AVG(duration_minutes), 2) AS avg_duration_minutes
FROM raw_trips
-- Filter out zero/negative durations or GPS glitches > 24 hours
WHERE duration_minutes > 1 AND duration_minutes < 1440
GROUP BY trip_hour
    );
  
  
[0m00:19:03.082812 [debug] [Thread-1 (]: SQL status: OK in 0.109 seconds
[0m00:19:03.085796 [debug] [Thread-1 (]: Using duckdb connection "model.bike_project.stg_citibike"
[0m00:19:03.085969 [debug] [Thread-1 (]: On model.bike_project.stg_citibike: /* {"app": "dbt", "dbt_version": "1.10.4", "profile_name": "bike_project", "target_name": "dev", "node_id": "model.bike_project.stg_citibike"} */
alter table "bike"."main"."stg_citibike__dbt_tmp" rename to "stg_citibike"
[0m00:19:03.087156 [debug] [Thread-1 (]: SQL status: OK in 0.001 seconds
[0m00:19:03.092190 [debug] [Thread-1 (]: On model.bike_project.stg_citibike: COMMIT
[0m00:19:03.092360 [debug] [Thread-1 (]: Using duckdb connection "model.bike_project.stg_citibike"
[0m00:19:03.092498 [debug] [Thread-1 (]: On model.bike_project.stg_citibike: COMMIT
[0m00:19:03.093474 [debug] [Thread-1 (]: SQL status: OK in 0.001 seconds
[0m00:19:03.096508 [debug] [Thread-1 (]: Using duckdb connection "model.bike_project.stg_citibike"
[0m00:19:03.096698 [debug] [Thread-1 (]: On model.bike_project.stg_citibike: /* {"app": "dbt", "dbt_version": "1.10.4", "profile_name": "bike_project", "target_name": "dev", "node_id": "model.bike_project.stg_citibike"} */

      drop table if exists "bike"."main"."stg_citibike__dbt_backup" cascade
    
[0m00:19:03.097067 [debug] [Thread-1 (]: SQL status: OK in 0.000 seconds
[0m00:19:03.098219 [debug] [Thread-1 (]: On model.bike_project.stg_citibike: Close
[0m00:19:03.099128 [debug] [Thread-1 (]: Sending event: {'category': 'dbt', 'action': 'run_model', 'label': 'c5624763-2147-49d8-aac5-242753052cb0', 'context': [<snowplow_tracker.self_describing_json.SelfDescribingJson object at 0x105e06ba0>]}
[0m00:19:03.099432 [info ] [Thread-1 (]: 1 of 5 OK created sql table model main.stg_citibike ............................ [[32mOK[0m in 0.14s]
[0m00:19:03.099691 [debug] [Thread-1 (]: Finished running node model.bike_project.stg_citibike
[0m00:19:03.099876 [debug] [Thread-1 (]: Began running node model.bike_project.stg_forecast
[0m00:19:03.100119 [info ] [Thread-1 (]: 2 of 5 START sql table model main.stg_forecast ................................. [RUN]
[0m00:19:03.100312 [debug] [Thread-1 (]: Re-using an available connection from the pool (formerly model.bike_project.stg_citibike, now model.bike_project.stg_forecast)
[0m00:19:03.100464 [debug] [Thread-1 (]: Began compiling node model.bike_project.stg_forecast
[0m00:19:03.101596 [debug] [Thread-1 (]: Writing injected SQL for node "model.bike_project.stg_forecast"
[0m00:19:03.101892 [debug] [Thread-1 (]: Began executing node model.bike_project.stg_forecast
[0m00:19:03.103162 [debug] [Thread-1 (]: Writing runtime sql for node "model.bike_project.stg_forecast"
[0m00:19:03.103456 [debug] [Thread-1 (]: Using duckdb connection "model.bike_project.stg_forecast"
[0m00:19:03.103601 [debug] [Thread-1 (]: On model.bike_project.stg_forecast: BEGIN
[0m00:19:03.103743 [debug] [Thread-1 (]: Opening a new connection, currently in state closed
[0m00:19:03.104054 [debug] [Thread-1 (]: SQL status: OK in 0.000 seconds
[0m00:19:03.104259 [debug] [Thread-1 (]: Using duckdb connection "model.bike_project.stg_forecast"
[0m00:19:03.104427 [debug] [Thread-1 (]: On model.bike_project.stg_forecast: /* {"app": "dbt", "dbt_version": "1.10.4", "profile_name": "bike_project", "target_name": "dev", "node_id": "model.bike_project.stg_forecast"} */

  
    
    

    create  table
      "bike"."main"."stg_forecast__dbt_tmp"
  
    as (
      SELECT
    CAST(time AS TIMESTAMP) AS forecast_timestamp,
    CAST(time AS DATE) AS forecast_date,
    temperature_2m_previous_day1 AS forecast_temp_previous_day1
FROM '../data/raw_forecast_previous_day1.parquet'
    );
  
  
[0m00:19:03.108197 [debug] [Thread-1 (]: SQL status: OK in 0.004 seconds
[0m00:19:03.109639 [debug] [Thread-1 (]: Using duckdb connection "model.bike_project.stg_forecast"
[0m00:19:03.109829 [debug] [Thread-1 (]: On model.bike_project.stg_forecast: /* {"app": "dbt", "dbt_version": "1.10.4", "profile_name": "bike_project", "target_name": "dev", "node_id": "model.bike_project.stg_forecast"} */
alter table "bike"."main"."stg_forecast__dbt_tmp" rename to "stg_forecast"
[0m00:19:03.110209 [debug] [Thread-1 (]: SQL status: OK in 0.000 seconds
[0m00:19:03.111111 [debug] [Thread-1 (]: On model.bike_project.stg_forecast: COMMIT
[0m00:19:03.111301 [debug] [Thread-1 (]: Using duckdb connection "model.bike_project.stg_forecast"
[0m00:19:03.111450 [debug] [Thread-1 (]: On model.bike_project.stg_forecast: COMMIT
[0m00:19:03.112425 [debug] [Thread-1 (]: SQL status: OK in 0.001 seconds
[0m00:19:03.113486 [debug] [Thread-1 (]: Using duckdb connection "model.bike_project.stg_forecast"
[0m00:19:03.113661 [debug] [Thread-1 (]: On model.bike_project.stg_forecast: /* {"app": "dbt", "dbt_version": "1.10.4", "profile_name": "bike_project", "target_name": "dev", "node_id": "model.bike_project.stg_forecast"} */

      drop table if exists "bike"."main"."stg_forecast__dbt_backup" cascade
    
[0m00:19:03.113897 [debug] [Thread-1 (]: SQL status: OK in 0.000 seconds
[0m00:19:03.114397 [debug] [Thread-1 (]: On model.bike_project.stg_forecast: Close
[0m00:19:03.114623 [debug] [Thread-1 (]: Sending event: {'category': 'dbt', 'action': 'run_model', 'label': 'c5624763-2147-49d8-aac5-242753052cb0', 'context': [<snowplow_tracker.self_describing_json.SelfDescribingJson object at 0x1160d1910>]}
[0m00:19:03.114866 [info ] [Thread-1 (]: 2 of 5 OK created sql table model main.stg_forecast ............................ [[32mOK[0m in 0.01s]
[0m00:19:03.115080 [debug] [Thread-1 (]: Finished running node model.bike_project.stg_forecast
[0m00:19:03.115232 [debug] [Thread-1 (]: Began running node model.bike_project.stg_noaa
[0m00:19:03.115516 [info ] [Thread-1 (]: 3 of 5 START sql table model main.stg_noaa ..................................... [RUN]
[0m00:19:03.115782 [debug] [Thread-1 (]: Re-using an available connection from the pool (formerly model.bike_project.stg_forecast, now model.bike_project.stg_noaa)
[0m00:19:03.115948 [debug] [Thread-1 (]: Began compiling node model.bike_project.stg_noaa
[0m00:19:03.117374 [debug] [Thread-1 (]: Writing injected SQL for node "model.bike_project.stg_noaa"
[0m00:19:03.117715 [debug] [Thread-1 (]: Began executing node model.bike_project.stg_noaa
[0m00:19:03.119946 [debug] [Thread-1 (]: Writing runtime sql for node "model.bike_project.stg_noaa"
[0m00:19:03.120263 [debug] [Thread-1 (]: Using duckdb connection "model.bike_project.stg_noaa"
[0m00:19:03.120474 [debug] [Thread-1 (]: On model.bike_project.stg_noaa: BEGIN
[0m00:19:03.120606 [debug] [Thread-1 (]: Opening a new connection, currently in state closed
[0m00:19:03.120897 [debug] [Thread-1 (]: SQL status: OK in 0.000 seconds
[0m00:19:03.121028 [debug] [Thread-1 (]: Using duckdb connection "model.bike_project.stg_noaa"
[0m00:19:03.121159 [debug] [Thread-1 (]: On model.bike_project.stg_noaa: /* {"app": "dbt", "dbt_version": "1.10.4", "profile_name": "bike_project", "target_name": "dev", "node_id": "model.bike_project.stg_noaa"} */

  
    
    

    create  table
      "bike"."main"."stg_noaa__dbt_tmp"
  
    as (
      SELECT
    CAST(DATE AS DATE) AS weather_date,
    TMAX AS official_high_temp
FROM '../data/raw_noaa_daily_high.parquet'
    );
  
  
[0m00:19:03.122290 [debug] [Thread-1 (]: SQL status: OK in 0.001 seconds
[0m00:19:03.123933 [debug] [Thread-1 (]: Using duckdb connection "model.bike_project.stg_noaa"
[0m00:19:03.124120 [debug] [Thread-1 (]: On model.bike_project.stg_noaa: /* {"app": "dbt", "dbt_version": "1.10.4", "profile_name": "bike_project", "target_name": "dev", "node_id": "model.bike_project.stg_noaa"} */
alter table "bike"."main"."stg_noaa__dbt_tmp" rename to "stg_noaa"
[0m00:19:03.124456 [debug] [Thread-1 (]: SQL status: OK in 0.000 seconds
[0m00:19:03.125186 [debug] [Thread-1 (]: On model.bike_project.stg_noaa: COMMIT
[0m00:19:03.125327 [debug] [Thread-1 (]: Using duckdb connection "model.bike_project.stg_noaa"
[0m00:19:03.125471 [debug] [Thread-1 (]: On model.bike_project.stg_noaa: COMMIT
[0m00:19:03.125877 [debug] [Thread-1 (]: SQL status: OK in 0.000 seconds
[0m00:19:03.126800 [debug] [Thread-1 (]: Using duckdb connection "model.bike_project.stg_noaa"
[0m00:19:03.126962 [debug] [Thread-1 (]: On model.bike_project.stg_noaa: /* {"app": "dbt", "dbt_version": "1.10.4", "profile_name": "bike_project", "target_name": "dev", "node_id": "model.bike_project.stg_noaa"} */

      drop table if exists "bike"."main"."stg_noaa__dbt_backup" cascade
    
[0m00:19:03.127236 [debug] [Thread-1 (]: SQL status: OK in 0.000 seconds
[0m00:19:03.127705 [debug] [Thread-1 (]: On model.bike_project.stg_noaa: Close
[0m00:19:03.127889 [debug] [Thread-1 (]: Sending event: {'category': 'dbt', 'action': 'run_model', 'label': 'c5624763-2147-49d8-aac5-242753052cb0', 'context': [<snowplow_tracker.self_describing_json.SelfDescribingJson object at 0x1160dc9b0>]}
[0m00:19:03.128101 [info ] [Thread-1 (]: 3 of 5 OK created sql table model main.stg_noaa ................................ [[32mOK[0m in 0.01s]
[0m00:19:03.128297 [debug] [Thread-1 (]: Finished running node model.bike_project.stg_noaa
[0m00:19:03.128434 [debug] [Thread-1 (]: Began running node model.bike_project.stg_weather
[0m00:19:03.128751 [info ] [Thread-1 (]: 4 of 5 START sql table model main.stg_weather .................................. [RUN]
[0m00:19:03.129120 [debug] [Thread-1 (]: Re-using an available connection from the pool (formerly model.bike_project.stg_noaa, now model.bike_project.stg_weather)
[0m00:19:03.129339 [debug] [Thread-1 (]: Began compiling node model.bike_project.stg_weather
[0m00:19:03.130772 [debug] [Thread-1 (]: Writing injected SQL for node "model.bike_project.stg_weather"
[0m00:19:03.131164 [debug] [Thread-1 (]: Began executing node model.bike_project.stg_weather
[0m00:19:03.132599 [debug] [Thread-1 (]: Writing runtime sql for node "model.bike_project.stg_weather"
[0m00:19:03.132899 [debug] [Thread-1 (]: Using duckdb connection "model.bike_project.stg_weather"
[0m00:19:03.133028 [debug] [Thread-1 (]: On model.bike_project.stg_weather: BEGIN
[0m00:19:03.133149 [debug] [Thread-1 (]: Opening a new connection, currently in state closed
[0m00:19:03.133377 [debug] [Thread-1 (]: SQL status: OK in 0.000 seconds
[0m00:19:03.133501 [debug] [Thread-1 (]: Using duckdb connection "model.bike_project.stg_weather"
[0m00:19:03.133634 [debug] [Thread-1 (]: On model.bike_project.stg_weather: /* {"app": "dbt", "dbt_version": "1.10.4", "profile_name": "bike_project", "target_name": "dev", "node_id": "model.bike_project.stg_weather"} */

  
    
    

    create  table
      "bike"."main"."stg_weather__dbt_tmp"
  
    as (
      SELECT
    CAST(time AS TIMESTAMP) AS weather_timestamp,
    CAST(time AS DATE) AS weather_date,
    EXTRACT(HOUR FROM CAST(time AS TIMESTAMP)) AS hour_of_day,
    temperature_2m AS temp_f,
    relative_humidity_2m AS humidity,
    cloud_cover,
    precipitation
FROM '../data/raw_central_park_weather.parquet'
    );
  
  
[0m00:19:03.138393 [debug] [Thread-1 (]: SQL status: OK in 0.005 seconds
[0m00:19:03.140126 [debug] [Thread-1 (]: Using duckdb connection "model.bike_project.stg_weather"
[0m00:19:03.140289 [debug] [Thread-1 (]: On model.bike_project.stg_weather: /* {"app": "dbt", "dbt_version": "1.10.4", "profile_name": "bike_project", "target_name": "dev", "node_id": "model.bike_project.stg_weather"} */
alter table "bike"."main"."stg_weather__dbt_tmp" rename to "stg_weather"
[0m00:19:03.140534 [debug] [Thread-1 (]: SQL status: OK in 0.000 seconds
[0m00:19:03.141141 [debug] [Thread-1 (]: On model.bike_project.stg_weather: COMMIT
[0m00:19:03.141283 [debug] [Thread-1 (]: Using duckdb connection "model.bike_project.stg_weather"
[0m00:19:03.141411 [debug] [Thread-1 (]: On model.bike_project.stg_weather: COMMIT
[0m00:19:03.142801 [debug] [Thread-1 (]: SQL status: OK in 0.001 seconds
[0m00:19:03.144057 [debug] [Thread-1 (]: Using duckdb connection "model.bike_project.stg_weather"
[0m00:19:03.144220 [debug] [Thread-1 (]: On model.bike_project.stg_weather: /* {"app": "dbt", "dbt_version": "1.10.4", "profile_name": "bike_project", "target_name": "dev", "node_id": "model.bike_project.stg_weather"} */

      drop table if exists "bike"."main"."stg_weather__dbt_backup" cascade
    
[0m00:19:03.144536 [debug] [Thread-1 (]: SQL status: OK in 0.000 seconds
[0m00:19:03.145155 [debug] [Thread-1 (]: On model.bike_project.stg_weather: Close
[0m00:19:03.145460 [debug] [Thread-1 (]: Sending event: {'category': 'dbt', 'action': 'run_model', 'label': 'c5624763-2147-49d8-aac5-242753052cb0', 'context': [<snowplow_tracker.self_describing_json.SelfDescribingJson object at 0x1160c4830>]}
[0m00:19:03.145796 [info ] [Thread-1 (]: 4 of 5 OK created sql table model main.stg_weather ............................. [[32mOK[0m in 0.02s]
[0m00:19:03.146056 [debug] [Thread-1 (]: Finished running node model.bike_project.stg_weather
[0m00:19:03.146454 [debug] [Thread-1 (]: Began running node model.bike_project.fct_citibike_weather_impact
[0m00:19:03.146667 [info ] [Thread-1 (]: 5 of 5 START sql table model main.fct_citibike_weather_impact .................. [RUN]
[0m00:19:03.146867 [debug] [Thread-1 (]: Re-using an available connection from the pool (formerly model.bike_project.stg_weather, now model.bike_project.fct_citibike_weather_impact)
[0m00:19:03.147021 [debug] [Thread-1 (]: Began compiling node model.bike_project.fct_citibike_weather_impact
[0m00:19:03.148451 [debug] [Thread-1 (]: Writing injected SQL for node "model.bike_project.fct_citibike_weather_impact"
[0m00:19:03.148882 [debug] [Thread-1 (]: Began executing node model.bike_project.fct_citibike_weather_impact
[0m00:19:03.150214 [debug] [Thread-1 (]: Writing runtime sql for node "model.bike_project.fct_citibike_weather_impact"
[0m00:19:03.150558 [debug] [Thread-1 (]: Using duckdb connection "model.bike_project.fct_citibike_weather_impact"
[0m00:19:03.150715 [debug] [Thread-1 (]: On model.bike_project.fct_citibike_weather_impact: BEGIN
[0m00:19:03.150858 [debug] [Thread-1 (]: Opening a new connection, currently in state closed
[0m00:19:03.151175 [debug] [Thread-1 (]: SQL status: OK in 0.000 seconds
[0m00:19:03.151315 [debug] [Thread-1 (]: Using duckdb connection "model.bike_project.fct_citibike_weather_impact"
[0m00:19:03.151484 [debug] [Thread-1 (]: On model.bike_project.fct_citibike_weather_impact: /* {"app": "dbt", "dbt_version": "1.10.4", "profile_name": "bike_project", "target_name": "dev", "node_id": "model.bike_project.fct_citibike_weather_impact"} */

  
    
    

    create  table
      "bike"."main"."fct_citibike_weather_impact__dbt_tmp"
  
    as (
      WITH citibike AS (
    SELECT * FROM "bike"."main"."stg_citibike"
),

weather AS (
    SELECT * FROM "bike"."main"."stg_weather"
)

SELECT
    w.weather_timestamp AS hour_timestamp,
    w.weather_date,
    w.hour_of_day,
    w.temp_f,
    w.humidity,
    w.cloud_cover,
    w.precipitation,
    CASE WHEN w.precipitation > 0.05 THEN TRUE ELSE FALSE END AS is_raining,
    CASE WHEN w.temp_f < 32.0 THEN TRUE ELSE FALSE END AS is_freezing,
    COALESCE(c.total_rides, 0) AS total_rides,
    COALESCE(c.member_rides, 0) AS member_rides,
    COALESCE(c.casual_rides, 0) AS casual_rides,
    COALESCE(c.electric_rides, 0) AS electric_rides,
    COALESCE(c.classic_rides, 0) AS classic_rides,
    c.avg_duration_minutes
FROM weather w
LEFT JOIN citibike c
    ON w.weather_timestamp = c.trip_hour
-- Replaced the old January filter to allow both 2024 and 2026 data through
WHERE EXTRACT(YEAR FROM w.weather_date) IN (2024, 2026)
ORDER BY hour_timestamp ASC
    );
  
  
[0m00:19:03.159941 [debug] [Thread-1 (]: SQL status: OK in 0.008 seconds
[0m00:19:03.161401 [debug] [Thread-1 (]: Using duckdb connection "model.bike_project.fct_citibike_weather_impact"
[0m00:19:03.161553 [debug] [Thread-1 (]: On model.bike_project.fct_citibike_weather_impact: /* {"app": "dbt", "dbt_version": "1.10.4", "profile_name": "bike_project", "target_name": "dev", "node_id": "model.bike_project.fct_citibike_weather_impact"} */
alter table "bike"."main"."fct_citibike_weather_impact__dbt_tmp" rename to "fct_citibike_weather_impact"
[0m00:19:03.161882 [debug] [Thread-1 (]: SQL status: OK in 0.000 seconds
[0m00:19:03.162557 [debug] [Thread-1 (]: On model.bike_project.fct_citibike_weather_impact: COMMIT
[0m00:19:03.162720 [debug] [Thread-1 (]: Using duckdb connection "model.bike_project.fct_citibike_weather_impact"
[0m00:19:03.162901 [debug] [Thread-1 (]: On model.bike_project.fct_citibike_weather_impact: COMMIT
[0m00:19:03.164273 [debug] [Thread-1 (]: SQL status: OK in 0.001 seconds
[0m00:19:03.165570 [debug] [Thread-1 (]: Using duckdb connection "model.bike_project.fct_citibike_weather_impact"
[0m00:19:03.165758 [debug] [Thread-1 (]: On model.bike_project.fct_citibike_weather_impact: /* {"app": "dbt", "dbt_version": "1.10.4", "profile_name": "bike_project", "target_name": "dev", "node_id": "model.bike_project.fct_citibike_weather_impact"} */

      drop table if exists "bike"."main"."fct_citibike_weather_impact__dbt_backup" cascade
    
[0m00:19:03.166061 [debug] [Thread-1 (]: SQL status: OK in 0.000 seconds
[0m00:19:03.166660 [debug] [Thread-1 (]: On model.bike_project.fct_citibike_weather_impact: Close
[0m00:19:03.166900 [debug] [Thread-1 (]: Sending event: {'category': 'dbt', 'action': 'run_model', 'label': 'c5624763-2147-49d8-aac5-242753052cb0', 'context': [<snowplow_tracker.self_describing_json.SelfDescribingJson object at 0x115fbf8c0>]}
[0m00:19:03.167157 [info ] [Thread-1 (]: 5 of 5 OK created sql table model main.fct_citibike_weather_impact ............. [[32mOK[0m in 0.02s]
[0m00:19:03.167403 [debug] [Thread-1 (]: Finished running node model.bike_project.fct_citibike_weather_impact
[0m00:19:03.167961 [debug] [MainThread]: Using duckdb connection "master"
[0m00:19:03.168153 [debug] [MainThread]: On master: BEGIN
[0m00:19:03.168289 [debug] [MainThread]: Opening a new connection, currently in state closed
[0m00:19:03.168544 [debug] [MainThread]: SQL status: OK in 0.000 seconds
[0m00:19:03.168679 [debug] [MainThread]: On master: COMMIT
[0m00:19:03.168806 [debug] [MainThread]: Using duckdb connection "master"
[0m00:19:03.168925 [debug] [MainThread]: On master: COMMIT
[0m00:19:03.169112 [debug] [MainThread]: SQL status: OK in 0.000 seconds
[0m00:19:03.169238 [debug] [MainThread]: On master: Close
[0m00:19:03.169395 [debug] [MainThread]: Connection 'master' was properly closed.
[0m00:19:03.169520 [debug] [MainThread]: Connection 'model.bike_project.fct_citibike_weather_impact' was properly closed.
[0m00:19:03.169689 [info ] [MainThread]: 
[0m00:19:03.169842 [info ] [MainThread]: Finished running 5 table models in 0 hours 0 minutes and 0.28 seconds (0.28s).
[0m00:19:03.170316 [debug] [MainThread]: Command end result
[0m00:19:03.180071 [debug] [MainThread]: Wrote artifact WritableManifest to /Users/allisonfung/weather/bike_project/target/manifest.json
[0m00:19:03.180983 [debug] [MainThread]: Wrote artifact SemanticManifest to /Users/allisonfung/weather/bike_project/target/semantic_manifest.json
[0m00:19:03.183308 [debug] [MainThread]: Wrote artifact RunExecutionResult to /Users/allisonfung/weather/bike_project/target/run_results.json
[0m00:19:03.183438 [info ] [MainThread]: 
[0m00:19:03.183584 [info ] [MainThread]: [32mCompleted successfully[0m
[0m00:19:03.183699 [info ] [MainThread]: 
[0m00:19:03.183821 [info ] [MainThread]: Done. PASS=5 WARN=0 ERROR=0 SKIP=0 NO-OP=0 TOTAL=5
[0m00:19:03.185967 [debug] [MainThread]: Resource report: {"command_name": "run", "command_success": true, "command_wall_clock_time": 1.0740178, "process_in_blocks": "0", "process_kernel_time": 0.218893, "process_mem_max_rss": "193724416", "process_out_blocks": "0", "process_user_time": 1.569068}
[0m00:19:03.186376 [debug] [MainThread]: Command `dbt run` succeeded at 00:19:03.186326 after 1.07 seconds
[0m00:19:03.186585 [debug] [MainThread]: Sending event: {'category': 'dbt', 'action': 'invocation', 'label': 'end', 'context': [<snowplow_tracker.self_describing_json.SelfDescribingJson object at 0x115b29730>, <snowplow_tracker.self_describing_json.SelfDescribingJson object at 0x1139671a0>, <snowplow_tracker.self_describing_json.SelfDescribingJson object at 0x1160bc200>]}
[0m00:19:03.186784 [debug] [MainThread]: Flushing usage events
[0m00:19:03.329808 [debug] [MainThread]: An error was encountered while trying to flush usage events
[0m22:33:36.260993 [debug] [MainThread]: Sending event: {'category': 'dbt', 'action': 'invocation', 'label': 'start', 'context': [<snowplow_tracker.self_describing_json.SelfDescribingJson object at 0x10bd22960>, <snowplow_tracker.self_describing_json.SelfDescribingJson object at 0x10edc06b0>, <snowplow_tracker.self_describing_json.SelfDescribingJson object at 0x10edc02c0>]}


============================== 22:33:36.263706 | 19d79256-259f-438e-bbf2-e896f34b1fbc ==============================
[0m22:33:36.263706 [info ] [MainThread]: Running with dbt=1.10.4
[0m22:33:36.264012 [debug] [MainThread]: running dbt with arguments {'printer_width': '80', 'indirect_selection': 'eager', 'write_json': 'True', 'log_cache_events': 'False', 'partial_parse': 'True', 'cache_selected_only': 'False', 'warn_error': 'None', 'version_check': 'True', 'debug': 'False', 'log_path': '/Users/allisonfung/weather/bike_project/logs', 'profiles_dir': '/Users/allisonfung/weather/bike_project', 'fail_fast': 'False', 'use_colors': 'True', 'use_experimental_parser': 'False', 'no_print': 'None', 'quiet': 'False', 'empty': 'False', 'log_format': 'default', 'introspect': 'True', 'invocation_command': 'dbt run', 'warn_error_options': 'WarnErrorOptionsV2(error=[], warn=[], silence=[])', 'target_path': 'None', 'static_parser': 'True', 'send_anonymous_usage_stats': 'True'}
[0m22:33:36.437465 [debug] [MainThread]: Sending event: {'category': 'dbt', 'action': 'project_id', 'label': '19d79256-259f-438e-bbf2-e896f34b1fbc', 'context': [<snowplow_tracker.self_describing_json.SelfDescribingJson object at 0x10b107920>]}
[0m22:33:36.461343 [debug] [MainThread]: Sending event: {'category': 'dbt', 'action': 'adapter_info', 'label': '19d79256-259f-438e-bbf2-e896f34b1fbc', 'context': [<snowplow_tracker.self_describing_json.SelfDescribingJson object at 0x10dd009b0>]}
[0m22:33:36.462781 [info ] [MainThread]: Registered adapter: duckdb=1.10.0
[0m22:33:36.521358 [debug] [MainThread]: checksum: 073cb5a296270136b24f9c040fdebd0642ef9c263903ef463bfe7e190c538da2, vars: {}, profile: , target: , version: 1.10.4
[0m22:33:36.575699 [debug] [MainThread]: Partial parsing enabled: 0 files deleted, 0 files added, 0 files changed.
[0m22:33:36.575913 [debug] [MainThread]: Partial parsing enabled, no changes found, skipping parsing
[0m22:33:36.589673 [debug] [MainThread]: Sending event: {'category': 'dbt', 'action': 'load_project', 'label': '19d79256-259f-438e-bbf2-e896f34b1fbc', 'context': [<snowplow_tracker.self_describing_json.SelfDescribingJson object at 0x10f70fd10>]}
[0m22:33:36.616855 [debug] [MainThread]: Wrote artifact WritableManifest to /Users/allisonfung/weather/bike_project/target/manifest.json
[0m22:33:36.618097 [debug] [MainThread]: Wrote artifact SemanticManifest to /Users/allisonfung/weather/bike_project/target/semantic_manifest.json
[0m22:33:36.629603 [debug] [MainThread]: Sending event: {'category': 'dbt', 'action': 'resource_counts', 'label': '19d79256-259f-438e-bbf2-e896f34b1fbc', 'context': [<snowplow_tracker.self_describing_json.SelfDescribingJson object at 0x10f467620>]}
[0m22:33:36.629824 [info ] [MainThread]: Found 5 models, 4 sources, 443 macros
[0m22:33:36.629995 [debug] [MainThread]: Sending event: {'category': 'dbt', 'action': 'runnable_timing', 'label': '19d79256-259f-438e-bbf2-e896f34b1fbc', 'context': [<snowplow_tracker.self_describing_json.SelfDescribingJson object at 0x10f722f90>]}
[0m22:33:36.630797 [info ] [MainThread]: 
[0m22:33:36.630961 [info ] [MainThread]: Concurrency: 1 threads (target='dev')
[0m22:33:36.631086 [info ] [MainThread]: 
[0m22:33:36.631294 [debug] [MainThread]: Acquiring new duckdb connection 'master'
[0m22:33:36.633171 [debug] [ThreadPool]: Acquiring new duckdb connection 'list_bike'
[0m22:33:36.665406 [debug] [ThreadPool]: Using duckdb connection "list_bike"
[0m22:33:36.665629 [debug] [ThreadPool]: On list_bike: /* {"app": "dbt", "dbt_version": "1.10.4", "profile_name": "bike_project", "target_name": "dev", "connection_name": "list_bike"} */

    
    select schema_name
    from system.information_schema.schemata
    
    where lower(catalog_name) = '"bike"'
    
  
  
[0m22:33:36.665760 [debug] [ThreadPool]: Opening a new connection, currently in state init
[0m22:33:36.678714 [debug] [ThreadPool]: SQL status: OK in 0.013 seconds
[0m22:33:36.679299 [debug] [ThreadPool]: On list_bike: Close
[0m22:33:36.679581 [debug] [ThreadPool]: Re-using an available connection from the pool (formerly list_bike, now create_bike_main)
[0m22:33:36.679939 [debug] [ThreadPool]: Creating schema "database: "bike"
schema: "main"
"
[0m22:33:36.682633 [debug] [ThreadPool]: Using duckdb connection "create_bike_main"
[0m22:33:36.682785 [debug] [ThreadPool]: On create_bike_main: /* {"app": "dbt", "dbt_version": "1.10.4", "profile_name": "bike_project", "target_name": "dev", "connection_name": "create_bike_main"} */

    
        select type from duckdb_databases()
        where lower(database_name)='bike'
        and type='sqlite'
    
  
[0m22:33:36.682910 [debug] [ThreadPool]: Opening a new connection, currently in state closed
[0m22:33:36.683486 [debug] [ThreadPool]: SQL status: OK in 0.001 seconds
[0m22:33:36.684036 [debug] [ThreadPool]: Using duckdb connection "create_bike_main"
[0m22:33:36.684162 [debug] [ThreadPool]: On create_bike_main: BEGIN
[0m22:33:36.684366 [debug] [ThreadPool]: SQL status: OK in 0.000 seconds
[0m22:33:36.684485 [debug] [ThreadPool]: Using duckdb connection "create_bike_main"
[0m22:33:36.684605 [debug] [ThreadPool]: On create_bike_main: /* {"app": "dbt", "dbt_version": "1.10.4", "profile_name": "bike_project", "target_name": "dev", "connection_name": "create_bike_main"} */

    
    
        create schema if not exists "bike"."main"
    
[0m22:33:36.684808 [debug] [ThreadPool]: SQL status: OK in 0.000 seconds
[0m22:33:36.685132 [debug] [ThreadPool]: On create_bike_main: COMMIT
[0m22:33:36.685251 [debug] [ThreadPool]: Using duckdb connection "create_bike_main"
[0m22:33:36.685358 [debug] [ThreadPool]: On create_bike_main: COMMIT
[0m22:33:36.685522 [debug] [ThreadPool]: SQL status: OK in 0.000 seconds
[0m22:33:36.685648 [debug] [ThreadPool]: On create_bike_main: Close
[0m22:33:36.686196 [debug] [ThreadPool]: Re-using an available connection from the pool (formerly create_bike_main, now list_bike_main)
[0m22:33:36.688325 [debug] [ThreadPool]: Using duckdb connection "list_bike_main"
[0m22:33:36.688462 [debug] [ThreadPool]: On list_bike_main: BEGIN
[0m22:33:36.688569 [debug] [ThreadPool]: Opening a new connection, currently in state closed
[0m22:33:36.688815 [debug] [ThreadPool]: SQL status: OK in 0.000 seconds
[0m22:33:36.688937 [debug] [ThreadPool]: Using duckdb connection "list_bike_main"
[0m22:33:36.689059 [debug] [ThreadPool]: On list_bike_main: /* {"app": "dbt", "dbt_version": "1.10.4", "profile_name": "bike_project", "target_name": "dev", "connection_name": "list_bike_main"} */
select
      'bike' as database,
      table_name as name,
      table_schema as schema,
      CASE table_type
        WHEN 'BASE TABLE' THEN 'table'
        WHEN 'VIEW' THEN 'view'
        WHEN 'LOCAL TEMPORARY' THEN 'table'
        END as type
    from system.information_schema.tables
    where lower(table_schema) = 'main'
    and lower(table_catalog) = 'bike'
  
[0m22:33:36.691179 [debug] [ThreadPool]: SQL status: OK in 0.002 seconds
[0m22:33:36.691689 [debug] [ThreadPool]: On list_bike_main: ROLLBACK
[0m22:33:36.692473 [debug] [ThreadPool]: Failed to rollback 'list_bike_main'
[0m22:33:36.692593 [debug] [ThreadPool]: On list_bike_main: Close
[0m22:33:36.693091 [debug] [MainThread]: Sending event: {'category': 'dbt', 'action': 'runnable_timing', 'label': '19d79256-259f-438e-bbf2-e896f34b1fbc', 'context': [<snowplow_tracker.self_describing_json.SelfDescribingJson object at 0x10b1cd6d0>]}
[0m22:33:36.693310 [debug] [MainThread]: Using duckdb connection "master"
[0m22:33:36.693448 [debug] [MainThread]: On master: BEGIN
[0m22:33:36.693584 [debug] [MainThread]: Opening a new connection, currently in state init
[0m22:33:36.693823 [debug] [MainThread]: SQL status: OK in 0.000 seconds
[0m22:33:36.693950 [debug] [MainThread]: On master: COMMIT
[0m22:33:36.694074 [debug] [MainThread]: Using duckdb connection "master"
[0m22:33:36.694191 [debug] [MainThread]: On master: COMMIT
[0m22:33:36.694353 [debug] [MainThread]: SQL status: OK in 0.000 seconds
[0m22:33:36.694472 [debug] [MainThread]: On master: Close
[0m22:33:36.695908 [debug] [Thread-1 (]: Began running node model.bike_project.stg_citibike
[0m22:33:36.696135 [info ] [Thread-1 (]: 1 of 5 START sql table model main.stg_citibike ................................. [RUN]
[0m22:33:36.696330 [debug] [Thread-1 (]: Re-using an available connection from the pool (formerly list_bike_main, now model.bike_project.stg_citibike)
[0m22:33:36.696477 [debug] [Thread-1 (]: Began compiling node model.bike_project.stg_citibike
[0m22:33:36.699491 [debug] [Thread-1 (]: Writing injected SQL for node "model.bike_project.stg_citibike"
[0m22:33:36.699814 [debug] [Thread-1 (]: Began executing node model.bike_project.stg_citibike
[0m22:33:36.712822 [debug] [Thread-1 (]: Writing runtime sql for node "model.bike_project.stg_citibike"
[0m22:33:36.713335 [debug] [Thread-1 (]: Using duckdb connection "model.bike_project.stg_citibike"
[0m22:33:36.713480 [debug] [Thread-1 (]: On model.bike_project.stg_citibike: BEGIN
[0m22:33:36.713608 [debug] [Thread-1 (]: Opening a new connection, currently in state closed
[0m22:33:36.713917 [debug] [Thread-1 (]: SQL status: OK in 0.000 seconds
[0m22:33:36.714041 [debug] [Thread-1 (]: Using duckdb connection "model.bike_project.stg_citibike"
[0m22:33:36.714186 [debug] [Thread-1 (]: On model.bike_project.stg_citibike: /* {"app": "dbt", "dbt_version": "1.10.4", "profile_name": "bike_project", "target_name": "dev", "node_id": "model.bike_project.stg_citibike"} */

  
    
    

    create  table
      "bike"."main"."stg_citibike__dbt_tmp"
  
    as (
      WITH raw_trips AS (
    SELECT
        date_trunc('hour', CAST(started_at AS TIMESTAMP)) AS trip_hour,
        rideable_type,
        member_casual,
        epoch(CAST(ended_at AS TIMESTAMP) - CAST(started_at AS TIMESTAMP)) / 60.0 AS duration_minutes
    FROM '../data/raw_citibike_*.parquet'
    WHERE started_at IS NOT NULL
      AND ended_at IS NOT NULL
)

SELECT
    trip_hour,
    COUNT(*) AS total_rides,
    COUNT(CASE WHEN member_casual = 'member' THEN 1 END) AS member_rides,
    COUNT(CASE WHEN member_casual = 'casual' THEN 1 END) AS casual_rides,
    COUNT(CASE WHEN rideable_type = 'electric_bike' THEN 1 END) AS electric_rides,
    COUNT(CASE WHEN rideable_type = 'classic_bike' THEN 1 END) AS classic_rides,
    ROUND(AVG(duration_minutes), 2) AS avg_duration_minutes
FROM raw_trips
-- Filter out zero/negative durations or GPS glitches > 24 hours
WHERE duration_minutes > 1 AND duration_minutes < 1440
GROUP BY trip_hour
    );
  
  
[0m22:33:36.829594 [debug] [Thread-1 (]: SQL status: OK in 0.115 seconds
[0m22:33:36.832332 [debug] [Thread-1 (]: Using duckdb connection "model.bike_project.stg_citibike"
[0m22:33:36.832593 [debug] [Thread-1 (]: On model.bike_project.stg_citibike: /* {"app": "dbt", "dbt_version": "1.10.4", "profile_name": "bike_project", "target_name": "dev", "node_id": "model.bike_project.stg_citibike"} */

    SELECT index_name
    FROM duckdb_indexes()
    WHERE schema_name = 'main'
      AND table_name = 'stg_citibike'
  
[0m22:33:36.833347 [debug] [Thread-1 (]: SQL status: OK in 0.000 seconds
[0m22:33:36.834062 [debug] [Thread-1 (]: Using duckdb connection "model.bike_project.stg_citibike"
[0m22:33:36.834264 [debug] [Thread-1 (]: On model.bike_project.stg_citibike: /* {"app": "dbt", "dbt_version": "1.10.4", "profile_name": "bike_project", "target_name": "dev", "node_id": "model.bike_project.stg_citibike"} */

    SELECT COUNT(*) as remaining_indexes
    FROM duckdb_indexes()
    WHERE schema_name = 'main'
      AND table_name = 'stg_citibike'
  
[0m22:33:36.834812 [debug] [Thread-1 (]: SQL status: OK in 0.000 seconds
[0m22:33:36.838554 [debug] [Thread-1 (]: Using duckdb connection "model.bike_project.stg_citibike"
[0m22:33:36.838749 [debug] [Thread-1 (]: On model.bike_project.stg_citibike: /* {"app": "dbt", "dbt_version": "1.10.4", "profile_name": "bike_project", "target_name": "dev", "node_id": "model.bike_project.stg_citibike"} */
alter table "bike"."main"."stg_citibike" rename to "stg_citibike__dbt_backup"
[0m22:33:36.839655 [debug] [Thread-1 (]: SQL status: OK in 0.001 seconds
[0m22:33:36.840789 [debug] [Thread-1 (]: Using duckdb connection "model.bike_project.stg_citibike"
[0m22:33:36.840988 [debug] [Thread-1 (]: On model.bike_project.stg_citibike: /* {"app": "dbt", "dbt_version": "1.10.4", "profile_name": "bike_project", "target_name": "dev", "node_id": "model.bike_project.stg_citibike"} */
alter table "bike"."main"."stg_citibike__dbt_tmp" rename to "stg_citibike"
[0m22:33:36.841316 [debug] [Thread-1 (]: SQL status: OK in 0.000 seconds
[0m22:33:36.847276 [debug] [Thread-1 (]: On model.bike_project.stg_citibike: COMMIT
[0m22:33:36.847454 [debug] [Thread-1 (]: Using duckdb connection "model.bike_project.stg_citibike"
[0m22:33:36.847595 [debug] [Thread-1 (]: On model.bike_project.stg_citibike: COMMIT
[0m22:33:36.848694 [debug] [Thread-1 (]: SQL status: OK in 0.001 seconds
[0m22:33:36.850876 [debug] [Thread-1 (]: Using duckdb connection "model.bike_project.stg_citibike"
[0m22:33:36.851053 [debug] [Thread-1 (]: On model.bike_project.stg_citibike: /* {"app": "dbt", "dbt_version": "1.10.4", "profile_name": "bike_project", "target_name": "dev", "node_id": "model.bike_project.stg_citibike"} */

      drop table if exists "bike"."main"."stg_citibike__dbt_backup" cascade
    
[0m22:33:36.851433 [debug] [Thread-1 (]: SQL status: OK in 0.000 seconds
[0m22:33:36.852373 [debug] [Thread-1 (]: On model.bike_project.stg_citibike: Close
[0m22:33:36.853222 [debug] [Thread-1 (]: Sending event: {'category': 'dbt', 'action': 'run_model', 'label': '19d79256-259f-438e-bbf2-e896f34b1fbc', 'context': [<snowplow_tracker.self_describing_json.SelfDescribingJson object at 0x10b106ae0>]}
[0m22:33:36.853485 [info ] [Thread-1 (]: 1 of 5 OK created sql table model main.stg_citibike ............................ [[32mOK[0m in 0.16s]
[0m22:33:36.853725 [debug] [Thread-1 (]: Finished running node model.bike_project.stg_citibike
[0m22:33:36.853896 [debug] [Thread-1 (]: Began running node model.bike_project.stg_forecast
[0m22:33:36.854102 [info ] [Thread-1 (]: 2 of 5 START sql table model main.stg_forecast ................................. [RUN]
[0m22:33:36.854294 [debug] [Thread-1 (]: Re-using an available connection from the pool (formerly model.bike_project.stg_citibike, now model.bike_project.stg_forecast)
[0m22:33:36.854443 [debug] [Thread-1 (]: Began compiling node model.bike_project.stg_forecast
[0m22:33:36.855484 [debug] [Thread-1 (]: Writing injected SQL for node "model.bike_project.stg_forecast"
[0m22:33:36.855774 [debug] [Thread-1 (]: Began executing node model.bike_project.stg_forecast
[0m22:33:36.857059 [debug] [Thread-1 (]: Writing runtime sql for node "model.bike_project.stg_forecast"
[0m22:33:36.857358 [debug] [Thread-1 (]: Using duckdb connection "model.bike_project.stg_forecast"
[0m22:33:36.857497 [debug] [Thread-1 (]: On model.bike_project.stg_forecast: BEGIN
[0m22:33:36.857647 [debug] [Thread-1 (]: Opening a new connection, currently in state closed
[0m22:33:36.857918 [debug] [Thread-1 (]: SQL status: OK in 0.000 seconds
[0m22:33:36.858054 [debug] [Thread-1 (]: Using duckdb connection "model.bike_project.stg_forecast"
[0m22:33:36.858203 [debug] [Thread-1 (]: On model.bike_project.stg_forecast: /* {"app": "dbt", "dbt_version": "1.10.4", "profile_name": "bike_project", "target_name": "dev", "node_id": "model.bike_project.stg_forecast"} */

  
    
    

    create  table
      "bike"."main"."stg_forecast__dbt_tmp"
  
    as (
      SELECT
    CAST(time AS TIMESTAMP) AS forecast_timestamp,
    CAST(time AS DATE) AS forecast_date,
    temperature_2m_previous_day1 AS forecast_temp_previous_day1
FROM '../data/raw_forecast_previous_day1.parquet'
    );
  
  
[0m22:33:36.861158 [debug] [Thread-1 (]: SQL status: OK in 0.003 seconds
[0m22:33:36.861668 [debug] [Thread-1 (]: Using duckdb connection "model.bike_project.stg_forecast"
[0m22:33:36.861831 [debug] [Thread-1 (]: On model.bike_project.stg_forecast: /* {"app": "dbt", "dbt_version": "1.10.4", "profile_name": "bike_project", "target_name": "dev", "node_id": "model.bike_project.stg_forecast"} */

    SELECT index_name
    FROM duckdb_indexes()
    WHERE schema_name = 'main'
      AND table_name = 'stg_forecast'
  
[0m22:33:36.862232 [debug] [Thread-1 (]: SQL status: OK in 0.000 seconds
[0m22:33:36.862920 [debug] [Thread-1 (]: Using duckdb connection "model.bike_project.stg_forecast"
[0m22:33:36.863129 [debug] [Thread-1 (]: On model.bike_project.stg_forecast: /* {"app": "dbt", "dbt_version": "1.10.4", "profile_name": "bike_project", "target_name": "dev", "node_id": "model.bike_project.stg_forecast"} */

    SELECT COUNT(*) as remaining_indexes
    FROM duckdb_indexes()
    WHERE schema_name = 'main'
      AND table_name = 'stg_forecast'
  
[0m22:33:36.863660 [debug] [Thread-1 (]: SQL status: OK in 0.000 seconds
[0m22:33:36.865043 [debug] [Thread-1 (]: Using duckdb connection "model.bike_project.stg_forecast"
[0m22:33:36.865202 [debug] [Thread-1 (]: On model.bike_project.stg_forecast: /* {"app": "dbt", "dbt_version": "1.10.4", "profile_name": "bike_project", "target_name": "dev", "node_id": "model.bike_project.stg_forecast"} */
alter table "bike"."main"."stg_forecast" rename to "stg_forecast__dbt_backup"
[0m22:33:36.865457 [debug] [Thread-1 (]: SQL status: OK in 0.000 seconds
[0m22:33:36.866535 [debug] [Thread-1 (]: Using duckdb connection "model.bike_project.stg_forecast"
[0m22:33:36.866675 [debug] [Thread-1 (]: On model.bike_project.stg_forecast: /* {"app": "dbt", "dbt_version": "1.10.4", "profile_name": "bike_project", "target_name": "dev", "node_id": "model.bike_project.stg_forecast"} */
alter table "bike"."main"."stg_forecast__dbt_tmp" rename to "stg_forecast"
[0m22:33:36.866909 [debug] [Thread-1 (]: SQL status: OK in 0.000 seconds
[0m22:33:36.867556 [debug] [Thread-1 (]: On model.bike_project.stg_forecast: COMMIT
[0m22:33:36.867692 [debug] [Thread-1 (]: Using duckdb connection "model.bike_project.stg_forecast"
[0m22:33:36.867837 [debug] [Thread-1 (]: On model.bike_project.stg_forecast: COMMIT
[0m22:33:36.868518 [debug] [Thread-1 (]: SQL status: OK in 0.001 seconds
[0m22:33:36.869727 [debug] [Thread-1 (]: Using duckdb connection "model.bike_project.stg_forecast"
[0m22:33:36.869893 [debug] [Thread-1 (]: On model.bike_project.stg_forecast: /* {"app": "dbt", "dbt_version": "1.10.4", "profile_name": "bike_project", "target_name": "dev", "node_id": "model.bike_project.stg_forecast"} */

      drop table if exists "bike"."main"."stg_forecast__dbt_backup" cascade
    
[0m22:33:36.870329 [debug] [Thread-1 (]: SQL status: OK in 0.000 seconds
[0m22:33:36.870980 [debug] [Thread-1 (]: On model.bike_project.stg_forecast: Close
[0m22:33:36.871253 [debug] [Thread-1 (]: Sending event: {'category': 'dbt', 'action': 'run_model', 'label': '19d79256-259f-438e-bbf2-e896f34b1fbc', 'context': [<snowplow_tracker.self_describing_json.SelfDescribingJson object at 0x10faa43b0>]}
[0m22:33:36.871513 [info ] [Thread-1 (]: 2 of 5 OK created sql table model main.stg_forecast ............................ [[32mOK[0m in 0.02s]
[0m22:33:36.871759 [debug] [Thread-1 (]: Finished running node model.bike_project.stg_forecast
[0m22:33:36.871931 [debug] [Thread-1 (]: Began running node model.bike_project.stg_noaa
[0m22:33:36.872154 [info ] [Thread-1 (]: 3 of 5 START sql table model main.stg_noaa ..................................... [RUN]
[0m22:33:36.872340 [debug] [Thread-1 (]: Re-using an available connection from the pool (formerly model.bike_project.stg_forecast, now model.bike_project.stg_noaa)
[0m22:33:36.872493 [debug] [Thread-1 (]: Began compiling node model.bike_project.stg_noaa
[0m22:33:36.873641 [debug] [Thread-1 (]: Writing injected SQL for node "model.bike_project.stg_noaa"
[0m22:33:36.873990 [debug] [Thread-1 (]: Began executing node model.bike_project.stg_noaa
[0m22:33:36.875357 [debug] [Thread-1 (]: Writing runtime sql for node "model.bike_project.stg_noaa"
[0m22:33:36.875651 [debug] [Thread-1 (]: Using duckdb connection "model.bike_project.stg_noaa"
[0m22:33:36.875782 [debug] [Thread-1 (]: On model.bike_project.stg_noaa: BEGIN
[0m22:33:36.875911 [debug] [Thread-1 (]: Opening a new connection, currently in state closed
[0m22:33:36.876186 [debug] [Thread-1 (]: SQL status: OK in 0.000 seconds
[0m22:33:36.876323 [debug] [Thread-1 (]: Using duckdb connection "model.bike_project.stg_noaa"
[0m22:33:36.876470 [debug] [Thread-1 (]: On model.bike_project.stg_noaa: /* {"app": "dbt", "dbt_version": "1.10.4", "profile_name": "bike_project", "target_name": "dev", "node_id": "model.bike_project.stg_noaa"} */

  
    
    

    create  table
      "bike"."main"."stg_noaa__dbt_tmp"
  
    as (
      SELECT
    CAST(DATE AS DATE) AS weather_date,
    TMAX AS official_high_temp
FROM '../data/raw_noaa_daily_high.parquet'
    );
  
  
[0m22:33:36.877406 [debug] [Thread-1 (]: SQL status: OK in 0.001 seconds
[0m22:33:36.877811 [debug] [Thread-1 (]: Using duckdb connection "model.bike_project.stg_noaa"
[0m22:33:36.877960 [debug] [Thread-1 (]: On model.bike_project.stg_noaa: /* {"app": "dbt", "dbt_version": "1.10.4", "profile_name": "bike_project", "target_name": "dev", "node_id": "model.bike_project.stg_noaa"} */

    SELECT index_name
    FROM duckdb_indexes()
    WHERE schema_name = 'main'
      AND table_name = 'stg_noaa'
  
[0m22:33:36.878306 [debug] [Thread-1 (]: SQL status: OK in 0.000 seconds
[0m22:33:36.878779 [debug] [Thread-1 (]: Using duckdb connection "model.bike_project.stg_noaa"
[0m22:33:36.878920 [debug] [Thread-1 (]: On model.bike_project.stg_noaa: /* {"app": "dbt", "dbt_version": "1.10.4", "profile_name": "bike_project", "target_name": "dev", "node_id": "model.bike_project.stg_noaa"} */

    SELECT COUNT(*) as remaining_indexes
    FROM duckdb_indexes()
    WHERE schema_name = 'main'
      AND table_name = 'stg_noaa'
  
[0m22:33:36.879307 [debug] [Thread-1 (]: SQL status: OK in 0.000 seconds
[0m22:33:36.881366 [debug] [Thread-1 (]: Using duckdb connection "model.bike_project.stg_noaa"
[0m22:33:36.881536 [debug] [Thread-1 (]: On model.bike_project.stg_noaa: /* {"app": "dbt", "dbt_version": "1.10.4", "profile_name": "bike_project", "target_name": "dev", "node_id": "model.bike_project.stg_noaa"} */
alter table "bike"."main"."stg_noaa" rename to "stg_noaa__dbt_backup"
[0m22:33:36.881776 [debug] [Thread-1 (]: SQL status: OK in 0.000 seconds
[0m22:33:36.882855 [debug] [Thread-1 (]: Using duckdb connection "model.bike_project.stg_noaa"
[0m22:33:36.882990 [debug] [Thread-1 (]: On model.bike_project.stg_noaa: /* {"app": "dbt", "dbt_version": "1.10.4", "profile_name": "bike_project", "target_name": "dev", "node_id": "model.bike_project.stg_noaa"} */
alter table "bike"."main"."stg_noaa__dbt_tmp" rename to "stg_noaa"
[0m22:33:36.883193 [debug] [Thread-1 (]: SQL status: OK in 0.000 seconds
[0m22:33:36.883801 [debug] [Thread-1 (]: On model.bike_project.stg_noaa: COMMIT
[0m22:33:36.883931 [debug] [Thread-1 (]: Using duckdb connection "model.bike_project.stg_noaa"
[0m22:33:36.884053 [debug] [Thread-1 (]: On model.bike_project.stg_noaa: COMMIT
[0m22:33:36.884507 [debug] [Thread-1 (]: SQL status: OK in 0.000 seconds
[0m22:33:36.885731 [debug] [Thread-1 (]: Using duckdb connection "model.bike_project.stg_noaa"
[0m22:33:36.885886 [debug] [Thread-1 (]: On model.bike_project.stg_noaa: /* {"app": "dbt", "dbt_version": "1.10.4", "profile_name": "bike_project", "target_name": "dev", "node_id": "model.bike_project.stg_noaa"} */

      drop table if exists "bike"."main"."stg_noaa__dbt_backup" cascade
    
[0m22:33:36.886283 [debug] [Thread-1 (]: SQL status: OK in 0.000 seconds
[0m22:33:36.886873 [debug] [Thread-1 (]: On model.bike_project.stg_noaa: Close
[0m22:33:36.887119 [debug] [Thread-1 (]: Sending event: {'category': 'dbt', 'action': 'run_model', 'label': '19d79256-259f-438e-bbf2-e896f34b1fbc', 'context': [<snowplow_tracker.self_describing_json.SelfDescribingJson object at 0x10fbdbf80>]}
[0m22:33:36.887377 [info ] [Thread-1 (]: 3 of 5 OK created sql table model main.stg_noaa ................................ [[32mOK[0m in 0.01s]
[0m22:33:36.887620 [debug] [Thread-1 (]: Finished running node model.bike_project.stg_noaa
[0m22:33:36.887792 [debug] [Thread-1 (]: Began running node model.bike_project.stg_weather
[0m22:33:36.887990 [info ] [Thread-1 (]: 4 of 5 START sql table model main.stg_weather .................................. [RUN]
[0m22:33:36.888161 [debug] [Thread-1 (]: Re-using an available connection from the pool (formerly model.bike_project.stg_noaa, now model.bike_project.stg_weather)
[0m22:33:36.888309 [debug] [Thread-1 (]: Began compiling node model.bike_project.stg_weather
[0m22:33:36.889510 [debug] [Thread-1 (]: Writing injected SQL for node "model.bike_project.stg_weather"
[0m22:33:36.889841 [debug] [Thread-1 (]: Began executing node model.bike_project.stg_weather
[0m22:33:36.891204 [debug] [Thread-1 (]: Writing runtime sql for node "model.bike_project.stg_weather"
[0m22:33:36.891614 [debug] [Thread-1 (]: Using duckdb connection "model.bike_project.stg_weather"
[0m22:33:36.891762 [debug] [Thread-1 (]: On model.bike_project.stg_weather: BEGIN
[0m22:33:36.891888 [debug] [Thread-1 (]: Opening a new connection, currently in state closed
[0m22:33:36.892132 [debug] [Thread-1 (]: SQL status: OK in 0.000 seconds
[0m22:33:36.892264 [debug] [Thread-1 (]: Using duckdb connection "model.bike_project.stg_weather"
[0m22:33:36.892399 [debug] [Thread-1 (]: On model.bike_project.stg_weather: /* {"app": "dbt", "dbt_version": "1.10.4", "profile_name": "bike_project", "target_name": "dev", "node_id": "model.bike_project.stg_weather"} */

  
    
    

    create  table
      "bike"."main"."stg_weather__dbt_tmp"
  
    as (
      SELECT
    CAST(time AS TIMESTAMP) AS weather_timestamp,
    CAST(time AS DATE) AS weather_date,
    EXTRACT(HOUR FROM CAST(time AS TIMESTAMP)) AS hour_of_day,
    temperature_2m AS temp_f,
    relative_humidity_2m AS humidity,
    cloud_cover,
    precipitation
FROM '../data/raw_central_park_weather.parquet'
    );
  
  
[0m22:33:36.897295 [debug] [Thread-1 (]: SQL status: OK in 0.005 seconds
[0m22:33:36.897907 [debug] [Thread-1 (]: Using duckdb connection "model.bike_project.stg_weather"
[0m22:33:36.898069 [debug] [Thread-1 (]: On model.bike_project.stg_weather: /* {"app": "dbt", "dbt_version": "1.10.4", "profile_name": "bike_project", "target_name": "dev", "node_id": "model.bike_project.stg_weather"} */

    SELECT index_name
    FROM duckdb_indexes()
    WHERE schema_name = 'main'
      AND table_name = 'stg_weather'
  
[0m22:33:36.898448 [debug] [Thread-1 (]: SQL status: OK in 0.000 seconds
[0m22:33:36.898938 [debug] [Thread-1 (]: Using duckdb connection "model.bike_project.stg_weather"
[0m22:33:36.899089 [debug] [Thread-1 (]: On model.bike_project.stg_weather: /* {"app": "dbt", "dbt_version": "1.10.4", "profile_name": "bike_project", "target_name": "dev", "node_id": "model.bike_project.stg_weather"} */

    SELECT COUNT(*) as remaining_indexes
    FROM duckdb_indexes()
    WHERE schema_name = 'main'
      AND table_name = 'stg_weather'
  
[0m22:33:36.899529 [debug] [Thread-1 (]: SQL status: OK in 0.000 seconds
[0m22:33:36.900807 [debug] [Thread-1 (]: Using duckdb connection "model.bike_project.stg_weather"
[0m22:33:36.900952 [debug] [Thread-1 (]: On model.bike_project.stg_weather: /* {"app": "dbt", "dbt_version": "1.10.4", "profile_name": "bike_project", "target_name": "dev", "node_id": "model.bike_project.stg_weather"} */
alter table "bike"."main"."stg_weather" rename to "stg_weather__dbt_backup"
[0m22:33:36.901188 [debug] [Thread-1 (]: SQL status: OK in 0.000 seconds
[0m22:33:36.902179 [debug] [Thread-1 (]: Using duckdb connection "model.bike_project.stg_weather"
[0m22:33:36.902313 [debug] [Thread-1 (]: On model.bike_project.stg_weather: /* {"app": "dbt", "dbt_version": "1.10.4", "profile_name": "bike_project", "target_name": "dev", "node_id": "model.bike_project.stg_weather"} */
alter table "bike"."main"."stg_weather__dbt_tmp" rename to "stg_weather"
[0m22:33:36.902516 [debug] [Thread-1 (]: SQL status: OK in 0.000 seconds
[0m22:33:36.903111 [debug] [Thread-1 (]: On model.bike_project.stg_weather: COMMIT
[0m22:33:36.903263 [debug] [Thread-1 (]: Using duckdb connection "model.bike_project.stg_weather"
[0m22:33:36.903383 [debug] [Thread-1 (]: On model.bike_project.stg_weather: COMMIT
[0m22:33:36.904591 [debug] [Thread-1 (]: SQL status: OK in 0.001 seconds
[0m22:33:36.906036 [debug] [Thread-1 (]: Using duckdb connection "model.bike_project.stg_weather"
[0m22:33:36.906189 [debug] [Thread-1 (]: On model.bike_project.stg_weather: /* {"app": "dbt", "dbt_version": "1.10.4", "profile_name": "bike_project", "target_name": "dev", "node_id": "model.bike_project.stg_weather"} */

      drop table if exists "bike"."main"."stg_weather__dbt_backup" cascade
    
[0m22:33:36.906624 [debug] [Thread-1 (]: SQL status: OK in 0.000 seconds
[0m22:33:36.907233 [debug] [Thread-1 (]: On model.bike_project.stg_weather: Close
[0m22:33:36.907494 [debug] [Thread-1 (]: Sending event: {'category': 'dbt', 'action': 'run_model', 'label': '19d79256-259f-438e-bbf2-e896f34b1fbc', 'context': [<snowplow_tracker.self_describing_json.SelfDescribingJson object at 0x10fbc84d0>]}
[0m22:33:36.907830 [info ] [Thread-1 (]: 4 of 5 OK created sql table model main.stg_weather ............................. [[32mOK[0m in 0.02s]
[0m22:33:36.908060 [debug] [Thread-1 (]: Finished running node model.bike_project.stg_weather
[0m22:33:36.908409 [debug] [Thread-1 (]: Began running node model.bike_project.fct_citibike_weather_impact
[0m22:33:36.908743 [info ] [Thread-1 (]: 5 of 5 START sql table model main.fct_citibike_weather_impact .................. [RUN]
[0m22:33:36.908959 [debug] [Thread-1 (]: Re-using an available connection from the pool (formerly model.bike_project.stg_weather, now model.bike_project.fct_citibike_weather_impact)
[0m22:33:36.909126 [debug] [Thread-1 (]: Began compiling node model.bike_project.fct_citibike_weather_impact
[0m22:33:36.910470 [debug] [Thread-1 (]: Writing injected SQL for node "model.bike_project.fct_citibike_weather_impact"
[0m22:33:36.910887 [debug] [Thread-1 (]: Began executing node model.bike_project.fct_citibike_weather_impact
[0m22:33:36.912197 [debug] [Thread-1 (]: Writing runtime sql for node "model.bike_project.fct_citibike_weather_impact"
[0m22:33:36.912523 [debug] [Thread-1 (]: Using duckdb connection "model.bike_project.fct_citibike_weather_impact"
[0m22:33:36.912675 [debug] [Thread-1 (]: On model.bike_project.fct_citibike_weather_impact: BEGIN
[0m22:33:36.912819 [debug] [Thread-1 (]: Opening a new connection, currently in state closed
[0m22:33:36.913125 [debug] [Thread-1 (]: SQL status: OK in 0.000 seconds
[0m22:33:36.913270 [debug] [Thread-1 (]: Using duckdb connection "model.bike_project.fct_citibike_weather_impact"
[0m22:33:36.913439 [debug] [Thread-1 (]: On model.bike_project.fct_citibike_weather_impact: /* {"app": "dbt", "dbt_version": "1.10.4", "profile_name": "bike_project", "target_name": "dev", "node_id": "model.bike_project.fct_citibike_weather_impact"} */

  
    
    

    create  table
      "bike"."main"."fct_citibike_weather_impact__dbt_tmp"
  
    as (
      WITH citibike AS (
    SELECT * FROM "bike"."main"."stg_citibike"
),

weather AS (
    SELECT * FROM "bike"."main"."stg_weather"
)

SELECT
    w.weather_timestamp AS hour_timestamp,
    w.weather_date,
    w.hour_of_day,
    w.temp_f,
    w.humidity,
    w.cloud_cover,
    w.precipitation,
    CASE WHEN w.precipitation > 0.05 THEN TRUE ELSE FALSE END AS is_raining,
    CASE WHEN w.temp_f < 32.0 THEN TRUE ELSE FALSE END AS is_freezing,
    COALESCE(c.total_rides, 0) AS total_rides,
    COALESCE(c.member_rides, 0) AS member_rides,
    COALESCE(c.casual_rides, 0) AS casual_rides,
    COALESCE(c.electric_rides, 0) AS electric_rides,
    COALESCE(c.classic_rides, 0) AS classic_rides,
    c.avg_duration_minutes
FROM weather w
LEFT JOIN citibike c
    ON w.weather_timestamp = c.trip_hour
-- Replaced the old January filter to allow both 2024 and 2026 data through
WHERE EXTRACT(YEAR FROM w.weather_date) IN (2024, 2026)
ORDER BY hour_timestamp ASC
    );
  
  
[0m22:33:36.921034 [debug] [Thread-1 (]: SQL status: OK in 0.007 seconds
[0m22:33:36.921620 [debug] [Thread-1 (]: Using duckdb connection "model.bike_project.fct_citibike_weather_impact"
[0m22:33:36.921786 [debug] [Thread-1 (]: On model.bike_project.fct_citibike_weather_impact: /* {"app": "dbt", "dbt_version": "1.10.4", "profile_name": "bike_project", "target_name": "dev", "node_id": "model.bike_project.fct_citibike_weather_impact"} */

    SELECT index_name
    FROM duckdb_indexes()
    WHERE schema_name = 'main'
      AND table_name = 'fct_citibike_weather_impact'
  
[0m22:33:36.922251 [debug] [Thread-1 (]: SQL status: OK in 0.000 seconds
[0m22:33:36.922728 [debug] [Thread-1 (]: Using duckdb connection "model.bike_project.fct_citibike_weather_impact"
[0m22:33:36.922870 [debug] [Thread-1 (]: On model.bike_project.fct_citibike_weather_impact: /* {"app": "dbt", "dbt_version": "1.10.4", "profile_name": "bike_project", "target_name": "dev", "node_id": "model.bike_project.fct_citibike_weather_impact"} */

    SELECT COUNT(*) as remaining_indexes
    FROM duckdb_indexes()
    WHERE schema_name = 'main'
      AND table_name = 'fct_citibike_weather_impact'
  
[0m22:33:36.923193 [debug] [Thread-1 (]: SQL status: OK in 0.000 seconds
[0m22:33:36.924476 [debug] [Thread-1 (]: Using duckdb connection "model.bike_project.fct_citibike_weather_impact"
[0m22:33:36.924629 [debug] [Thread-1 (]: On model.bike_project.fct_citibike_weather_impact: /* {"app": "dbt", "dbt_version": "1.10.4", "profile_name": "bike_project", "target_name": "dev", "node_id": "model.bike_project.fct_citibike_weather_impact"} */
alter table "bike"."main"."fct_citibike_weather_impact" rename to "fct_citibike_weather_impact__dbt_backup"
[0m22:33:36.924862 [debug] [Thread-1 (]: SQL status: OK in 0.000 seconds
[0m22:33:36.926033 [debug] [Thread-1 (]: Using duckdb connection "model.bike_project.fct_citibike_weather_impact"
[0m22:33:36.926174 [debug] [Thread-1 (]: On model.bike_project.fct_citibike_weather_impact: /* {"app": "dbt", "dbt_version": "1.10.4", "profile_name": "bike_project", "target_name": "dev", "node_id": "model.bike_project.fct_citibike_weather_impact"} */
alter table "bike"."main"."fct_citibike_weather_impact__dbt_tmp" rename to "fct_citibike_weather_impact"
[0m22:33:36.926397 [debug] [Thread-1 (]: SQL status: OK in 0.000 seconds
[0m22:33:36.927813 [debug] [Thread-1 (]: On model.bike_project.fct_citibike_weather_impact: COMMIT
[0m22:33:36.927943 [debug] [Thread-1 (]: Using duckdb connection "model.bike_project.fct_citibike_weather_impact"
[0m22:33:36.928066 [debug] [Thread-1 (]: On model.bike_project.fct_citibike_weather_impact: COMMIT
[0m22:33:36.929106 [debug] [Thread-1 (]: SQL status: OK in 0.001 seconds
[0m22:33:36.930376 [debug] [Thread-1 (]: Using duckdb connection "model.bike_project.fct_citibike_weather_impact"
[0m22:33:36.930557 [debug] [Thread-1 (]: On model.bike_project.fct_citibike_weather_impact: /* {"app": "dbt", "dbt_version": "1.10.4", "profile_name": "bike_project", "target_name": "dev", "node_id": "model.bike_project.fct_citibike_weather_impact"} */

      drop table if exists "bike"."main"."fct_citibike_weather_impact__dbt_backup" cascade
    
[0m22:33:36.931003 [debug] [Thread-1 (]: SQL status: OK in 0.000 seconds
[0m22:33:36.931591 [debug] [Thread-1 (]: On model.bike_project.fct_citibike_weather_impact: Close
[0m22:33:36.931877 [debug] [Thread-1 (]: Sending event: {'category': 'dbt', 'action': 'run_model', 'label': '19d79256-259f-438e-bbf2-e896f34b1fbc', 'context': [<snowplow_tracker.self_describing_json.SelfDescribingJson object at 0x10fd1bef0>]}
[0m22:33:36.932157 [info ] [Thread-1 (]: 5 of 5 OK created sql table model main.fct_citibike_weather_impact ............. [[32mOK[0m in 0.02s]
[0m22:33:36.932419 [debug] [Thread-1 (]: Finished running node model.bike_project.fct_citibike_weather_impact
[0m22:33:36.933040 [debug] [MainThread]: Using duckdb connection "master"
[0m22:33:36.933182 [debug] [MainThread]: On master: BEGIN
[0m22:33:36.933298 [debug] [MainThread]: Opening a new connection, currently in state closed
[0m22:33:36.933547 [debug] [MainThread]: SQL status: OK in 0.000 seconds
[0m22:33:36.933678 [debug] [MainThread]: On master: COMMIT
[0m22:33:36.933798 [debug] [MainThread]: Using duckdb connection "master"
[0m22:33:36.933911 [debug] [MainThread]: On master: COMMIT
[0m22:33:36.934115 [debug] [MainThread]: SQL status: OK in 0.000 seconds
[0m22:33:36.934287 [debug] [MainThread]: On master: Close
[0m22:33:36.934448 [debug] [MainThread]: Connection 'master' was properly closed.
[0m22:33:36.934558 [debug] [MainThread]: Connection 'model.bike_project.fct_citibike_weather_impact' was properly closed.
[0m22:33:36.934716 [info ] [MainThread]: 
[0m22:33:36.934869 [info ] [MainThread]: Finished running 5 table models in 0 hours 0 minutes and 0.30 seconds (0.30s).
[0m22:33:36.935341 [debug] [MainThread]: Command end result
[0m22:33:36.943435 [debug] [MainThread]: Wrote artifact WritableManifest to /Users/allisonfung/weather/bike_project/target/manifest.json
[0m22:33:36.944213 [debug] [MainThread]: Wrote artifact SemanticManifest to /Users/allisonfung/weather/bike_project/target/semantic_manifest.json
[0m22:33:36.947047 [debug] [MainThread]: Wrote artifact RunExecutionResult to /Users/allisonfung/weather/bike_project/target/run_results.json
[0m22:33:36.947248 [info ] [MainThread]: 
[0m22:33:36.947432 [info ] [MainThread]: [32mCompleted successfully[0m
[0m22:33:36.947560 [info ] [MainThread]: 
[0m22:33:36.947700 [info ] [MainThread]: Done. PASS=5 WARN=0 ERROR=0 SKIP=0 NO-OP=0 TOTAL=5
[0m22:33:36.965317 [debug] [MainThread]: Resource report: {"command_name": "run", "command_success": true, "command_wall_clock_time": 0.73665416, "process_in_blocks": "0", "process_kernel_time": 0.189495, "process_mem_max_rss": "190726144", "process_out_blocks": "0", "process_user_time": 1.192246}
[0m22:33:36.965631 [debug] [MainThread]: Command `dbt run` succeeded at 22:33:36.965592 after 0.74 seconds
[0m22:33:36.965818 [debug] [MainThread]: Sending event: {'category': 'dbt', 'action': 'invocation', 'label': 'end', 'context': [<snowplow_tracker.self_describing_json.SelfDescribingJson object at 0x10dd00560>, <snowplow_tracker.self_describing_json.SelfDescribingJson object at 0x10eadd8e0>, <snowplow_tracker.self_describing_json.SelfDescribingJson object at 0x10dba54c0>]}
[0m22:33:36.966013 [debug] [MainThread]: Flushing usage events
[0m22:33:37.264668 [debug] [MainThread]: An error was encountered while trying to flush usage events
[0m00:10:13.928453 [debug] [MainThread]: Sending event: {'category': 'dbt', 'action': 'invocation', 'label': 'start', 'context': [<snowplow_tracker.self_describing_json.SelfDescribingJson object at 0x1044b5df0>, <snowplow_tracker.self_describing_json.SelfDescribingJson object at 0x105cbca40>, <snowplow_tracker.self_describing_json.SelfDescribingJson object at 0x105cbc590>]}


============================== 00:10:13.931164 | e3650008-e9e7-4b55-8a1e-725506d6e170 ==============================
[0m00:10:13.931164 [info ] [MainThread]: Running with dbt=1.10.4
[0m00:10:13.931444 [debug] [MainThread]: running dbt with arguments {'printer_width': '80', 'indirect_selection': 'eager', 'write_json': 'True', 'log_cache_events': 'False', 'partial_parse': 'True', 'cache_selected_only': 'False', 'profiles_dir': '/Users/allisonfung/weather/bike_project', 'debug': 'False', 'version_check': 'True', 'log_path': '/Users/allisonfung/weather/bike_project/logs', 'fail_fast': 'False', 'warn_error': 'None', 'use_colors': 'True', 'use_experimental_parser': 'False', 'empty': 'False', 'quiet': 'False', 'no_print': 'None', 'log_format': 'default', 'invocation_command': 'dbt run', 'static_parser': 'True', 'warn_error_options': 'WarnErrorOptionsV2(error=[], warn=[], silence=[])', 'target_path': 'None', 'introspect': 'True', 'send_anonymous_usage_stats': 'True'}
[0m00:10:14.040298 [debug] [MainThread]: Sending event: {'category': 'dbt', 'action': 'project_id', 'label': 'e3650008-e9e7-4b55-8a1e-725506d6e170', 'context': [<snowplow_tracker.self_describing_json.SelfDescribingJson object at 0x105c64170>]}
[0m00:10:14.062416 [debug] [MainThread]: Sending event: {'category': 'dbt', 'action': 'adapter_info', 'label': 'e3650008-e9e7-4b55-8a1e-725506d6e170', 'context': [<snowplow_tracker.self_describing_json.SelfDescribingJson object at 0x10604cfe0>]}
[0m00:10:14.063637 [info ] [MainThread]: Registered adapter: duckdb=1.10.0
[0m00:10:14.122572 [debug] [MainThread]: checksum: 073cb5a296270136b24f9c040fdebd0642ef9c263903ef463bfe7e190c538da2, vars: {}, profile: , target: , version: 1.10.4
[0m00:10:14.172331 [debug] [MainThread]: Partial parsing enabled: 0 files deleted, 0 files added, 2 files changed.
[0m00:10:14.172645 [debug] [MainThread]: Partial parsing: updated file: bike_project://models/marts/fct_citibike_weather_impact.sql
[0m00:10:14.172821 [debug] [MainThread]: Partial parsing: updated file: bike_project://models/staging/stg_citibike.sql
[0m00:10:14.266103 [debug] [MainThread]: Sending event: {'category': 'dbt', 'action': 'load_project', 'label': 'e3650008-e9e7-4b55-8a1e-725506d6e170', 'context': [<snowplow_tracker.self_describing_json.SelfDescribingJson object at 0x106516ba0>]}
[0m00:10:14.291568 [debug] [MainThread]: Wrote artifact WritableManifest to /Users/allisonfung/weather/bike_project/target/manifest.json
[0m00:10:14.292943 [debug] [MainThread]: Wrote artifact SemanticManifest to /Users/allisonfung/weather/bike_project/target/semantic_manifest.json
[0m00:10:14.305557 [debug] [MainThread]: Sending event: {'category': 'dbt', 'action': 'resource_counts', 'label': 'e3650008-e9e7-4b55-8a1e-725506d6e170', 'context': [<snowplow_tracker.self_describing_json.SelfDescribingJson object at 0x10667d040>]}
[0m00:10:14.305761 [info ] [MainThread]: Found 5 models, 4 sources, 443 macros
[0m00:10:14.305915 [debug] [MainThread]: Sending event: {'category': 'dbt', 'action': 'runnable_timing', 'label': 'e3650008-e9e7-4b55-8a1e-725506d6e170', 'context': [<snowplow_tracker.self_describing_json.SelfDescribingJson object at 0x1061352b0>]}
[0m00:10:14.306741 [info ] [MainThread]: 
[0m00:10:14.306919 [info ] [MainThread]: Concurrency: 1 threads (target='dev')
[0m00:10:14.307042 [info ] [MainThread]: 
[0m00:10:14.307250 [debug] [MainThread]: Acquiring new duckdb connection 'master'
[0m00:10:14.309085 [debug] [ThreadPool]: Acquiring new duckdb connection 'list_bike'
[0m00:10:14.345694 [debug] [ThreadPool]: Using duckdb connection "list_bike"
[0m00:10:14.345917 [debug] [ThreadPool]: On list_bike: /* {"app": "dbt", "dbt_version": "1.10.4", "profile_name": "bike_project", "target_name": "dev", "connection_name": "list_bike"} */

    
    select schema_name
    from system.information_schema.schemata
    
    where lower(catalog_name) = '"bike"'
    
  
  
[0m00:10:14.346054 [debug] [ThreadPool]: Opening a new connection, currently in state init
[0m00:10:14.354271 [debug] [ThreadPool]: SQL status: OK in 0.008 seconds
[0m00:10:14.354818 [debug] [ThreadPool]: On list_bike: Close
[0m00:10:14.355082 [debug] [ThreadPool]: Re-using an available connection from the pool (formerly list_bike, now create_bike_main)
[0m00:10:14.355264 [debug] [ThreadPool]: Creating schema "database: "bike"
schema: "main"
"
[0m00:10:14.357826 [debug] [ThreadPool]: Using duckdb connection "create_bike_main"
[0m00:10:14.357951 [debug] [ThreadPool]: On create_bike_main: /* {"app": "dbt", "dbt_version": "1.10.4", "profile_name": "bike_project", "target_name": "dev", "connection_name": "create_bike_main"} */

    
        select type from duckdb_databases()
        where lower(database_name)='bike'
        and type='sqlite'
    
  
[0m00:10:14.358058 [debug] [ThreadPool]: Opening a new connection, currently in state closed
[0m00:10:14.358682 [debug] [ThreadPool]: SQL status: OK in 0.001 seconds
[0m00:10:14.359303 [debug] [ThreadPool]: Using duckdb connection "create_bike_main"
[0m00:10:14.359415 [debug] [ThreadPool]: On create_bike_main: BEGIN
[0m00:10:14.359588 [debug] [ThreadPool]: SQL status: OK in 0.000 seconds
[0m00:10:14.359700 [debug] [ThreadPool]: Using duckdb connection "create_bike_main"
[0m00:10:14.359817 [debug] [ThreadPool]: On create_bike_main: /* {"app": "dbt", "dbt_version": "1.10.4", "profile_name": "bike_project", "target_name": "dev", "connection_name": "create_bike_main"} */

    
    
        create schema if not exists "bike"."main"
    
[0m00:10:14.360181 [debug] [ThreadPool]: SQL status: OK in 0.000 seconds
[0m00:10:14.360492 [debug] [ThreadPool]: On create_bike_main: COMMIT
[0m00:10:14.360608 [debug] [ThreadPool]: Using duckdb connection "create_bike_main"
[0m00:10:14.360709 [debug] [ThreadPool]: On create_bike_main: COMMIT
[0m00:10:14.360862 [debug] [ThreadPool]: SQL status: OK in 0.000 seconds
[0m00:10:14.360980 [debug] [ThreadPool]: On create_bike_main: Close
[0m00:10:14.361492 [debug] [ThreadPool]: Re-using an available connection from the pool (formerly create_bike_main, now list_bike_main)
[0m00:10:14.363580 [debug] [ThreadPool]: Using duckdb connection "list_bike_main"
[0m00:10:14.363708 [debug] [ThreadPool]: On list_bike_main: BEGIN
[0m00:10:14.363818 [debug] [ThreadPool]: Opening a new connection, currently in state closed
[0m00:10:14.363999 [debug] [ThreadPool]: SQL status: OK in 0.000 seconds
[0m00:10:14.364114 [debug] [ThreadPool]: Using duckdb connection "list_bike_main"
[0m00:10:14.364234 [debug] [ThreadPool]: On list_bike_main: /* {"app": "dbt", "dbt_version": "1.10.4", "profile_name": "bike_project", "target_name": "dev", "connection_name": "list_bike_main"} */
select
      'bike' as database,
      table_name as name,
      table_schema as schema,
      CASE table_type
        WHEN 'BASE TABLE' THEN 'table'
        WHEN 'VIEW' THEN 'view'
        WHEN 'LOCAL TEMPORARY' THEN 'table'
        END as type
    from system.information_schema.tables
    where lower(table_schema) = 'main'
    and lower(table_catalog) = 'bike'
  
[0m00:10:14.366865 [debug] [ThreadPool]: SQL status: OK in 0.002 seconds
[0m00:10:14.367640 [debug] [ThreadPool]: On list_bike_main: ROLLBACK
[0m00:10:14.368481 [debug] [ThreadPool]: Failed to rollback 'list_bike_main'
[0m00:10:14.368605 [debug] [ThreadPool]: On list_bike_main: Close
[0m00:10:14.369116 [debug] [MainThread]: Sending event: {'category': 'dbt', 'action': 'runnable_timing', 'label': 'e3650008-e9e7-4b55-8a1e-725506d6e170', 'context': [<snowplow_tracker.self_describing_json.SelfDescribingJson object at 0x102a17080>]}
[0m00:10:14.369351 [debug] [MainThread]: Using duckdb connection "master"
[0m00:10:14.369477 [debug] [MainThread]: On master: BEGIN
[0m00:10:14.369586 [debug] [MainThread]: Opening a new connection, currently in state init
[0m00:10:14.369790 [debug] [MainThread]: SQL status: OK in 0.000 seconds
[0m00:10:14.369913 [debug] [MainThread]: On master: COMMIT
[0m00:10:14.370028 [debug] [MainThread]: Using duckdb connection "master"
[0m00:10:14.370133 [debug] [MainThread]: On master: COMMIT
[0m00:10:14.370295 [debug] [MainThread]: SQL status: OK in 0.000 seconds
[0m00:10:14.370412 [debug] [MainThread]: On master: Close
[0m00:10:14.371621 [debug] [Thread-1 (]: Began running node model.bike_project.stg_citibike
[0m00:10:14.371826 [info ] [Thread-1 (]: 1 of 5 START sql table model main.stg_citibike ................................. [RUN]
[0m00:10:14.372007 [debug] [Thread-1 (]: Re-using an available connection from the pool (formerly list_bike_main, now model.bike_project.stg_citibike)
[0m00:10:14.372154 [debug] [Thread-1 (]: Began compiling node model.bike_project.stg_citibike
[0m00:10:14.375801 [debug] [Thread-1 (]: Writing injected SQL for node "model.bike_project.stg_citibike"
[0m00:10:14.376312 [debug] [Thread-1 (]: Began executing node model.bike_project.stg_citibike
[0m00:10:14.389042 [debug] [Thread-1 (]: Writing runtime sql for node "model.bike_project.stg_citibike"
[0m00:10:14.389473 [debug] [Thread-1 (]: Using duckdb connection "model.bike_project.stg_citibike"
[0m00:10:14.389628 [debug] [Thread-1 (]: On model.bike_project.stg_citibike: BEGIN
[0m00:10:14.389764 [debug] [Thread-1 (]: Opening a new connection, currently in state closed
[0m00:10:14.390097 [debug] [Thread-1 (]: SQL status: OK in 0.000 seconds
[0m00:10:14.390232 [debug] [Thread-1 (]: Using duckdb connection "model.bike_project.stg_citibike"
[0m00:10:14.390393 [debug] [Thread-1 (]: On model.bike_project.stg_citibike: /* {"app": "dbt", "dbt_version": "1.10.4", "profile_name": "bike_project", "target_name": "dev", "node_id": "model.bike_project.stg_citibike"} */

  
    
    

    create  table
      "bike"."main"."stg_citibike__dbt_tmp"
  
    as (
      SELECT
    CAST(started_at AS TIMESTAMP) AS started_at,
    CAST(ended_at AS TIMESTAMP) AS ended_at,
    date_trunc('hour', CAST(started_at AS TIMESTAMP)) AS trip_hour,
    
    rideable_type,
    member_casual,
    
    epoch(CAST(ended_at AS TIMESTAMP) - CAST(started_at AS TIMESTAMP)) / 60.0 AS duration_minutes

FROM '../data/raw_citibike_*.parquet'
WHERE started_at IS NOT NULL 
  AND ended_at IS NOT NULL
  AND (epoch(CAST(ended_at AS TIMESTAMP) - CAST(started_at AS TIMESTAMP)) / 60.0) > 1 
  AND (epoch(CAST(ended_at AS TIMESTAMP) - CAST(started_at AS TIMESTAMP)) / 60.0) < 1440
    );
  
  
[0m00:10:14.719435 [debug] [Thread-1 (]: SQL status: OK in 0.329 seconds
[0m00:10:14.722161 [debug] [Thread-1 (]: Using duckdb connection "model.bike_project.stg_citibike"
[0m00:10:14.722370 [debug] [Thread-1 (]: On model.bike_project.stg_citibike: /* {"app": "dbt", "dbt_version": "1.10.4", "profile_name": "bike_project", "target_name": "dev", "node_id": "model.bike_project.stg_citibike"} */

    SELECT index_name
    FROM duckdb_indexes()
    WHERE schema_name = 'main'
      AND table_name = 'stg_citibike'
  
[0m00:10:14.722874 [debug] [Thread-1 (]: SQL status: OK in 0.000 seconds
[0m00:10:14.723402 [debug] [Thread-1 (]: Using duckdb connection "model.bike_project.stg_citibike"
[0m00:10:14.723565 [debug] [Thread-1 (]: On model.bike_project.stg_citibike: /* {"app": "dbt", "dbt_version": "1.10.4", "profile_name": "bike_project", "target_name": "dev", "node_id": "model.bike_project.stg_citibike"} */

    SELECT COUNT(*) as remaining_indexes
    FROM duckdb_indexes()
    WHERE schema_name = 'main'
      AND table_name = 'stg_citibike'
  
[0m00:10:14.723920 [debug] [Thread-1 (]: SQL status: OK in 0.000 seconds
[0m00:10:14.727082 [debug] [Thread-1 (]: Using duckdb connection "model.bike_project.stg_citibike"
[0m00:10:14.727243 [debug] [Thread-1 (]: On model.bike_project.stg_citibike: /* {"app": "dbt", "dbt_version": "1.10.4", "profile_name": "bike_project", "target_name": "dev", "node_id": "model.bike_project.stg_citibike"} */
alter table "bike"."main"."stg_citibike" rename to "stg_citibike__dbt_backup"
[0m00:10:14.728431 [debug] [Thread-1 (]: SQL status: OK in 0.001 seconds
[0m00:10:14.729783 [debug] [Thread-1 (]: Using duckdb connection "model.bike_project.stg_citibike"
[0m00:10:14.729963 [debug] [Thread-1 (]: On model.bike_project.stg_citibike: /* {"app": "dbt", "dbt_version": "1.10.4", "profile_name": "bike_project", "target_name": "dev", "node_id": "model.bike_project.stg_citibike"} */
alter table "bike"."main"."stg_citibike__dbt_tmp" rename to "stg_citibike"
[0m00:10:14.730270 [debug] [Thread-1 (]: SQL status: OK in 0.000 seconds
[0m00:10:14.736076 [debug] [Thread-1 (]: On model.bike_project.stg_citibike: COMMIT
[0m00:10:14.736241 [debug] [Thread-1 (]: Using duckdb connection "model.bike_project.stg_citibike"
[0m00:10:14.736379 [debug] [Thread-1 (]: On model.bike_project.stg_citibike: COMMIT
[0m00:10:14.783516 [debug] [Thread-1 (]: SQL status: OK in 0.047 seconds
[0m00:10:14.785868 [debug] [Thread-1 (]: Using duckdb connection "model.bike_project.stg_citibike"
[0m00:10:14.786016 [debug] [Thread-1 (]: On model.bike_project.stg_citibike: /* {"app": "dbt", "dbt_version": "1.10.4", "profile_name": "bike_project", "target_name": "dev", "node_id": "model.bike_project.stg_citibike"} */

      drop table if exists "bike"."main"."stg_citibike__dbt_backup" cascade
    
[0m00:10:14.787142 [debug] [Thread-1 (]: SQL status: OK in 0.001 seconds
[0m00:10:14.788117 [debug] [Thread-1 (]: On model.bike_project.stg_citibike: Close
[0m00:10:14.788973 [debug] [Thread-1 (]: Sending event: {'category': 'dbt', 'action': 'run_model', 'label': 'e3650008-e9e7-4b55-8a1e-725506d6e170', 'context': [<snowplow_tracker.self_describing_json.SelfDescribingJson object at 0x102968980>]}
[0m00:10:14.789261 [info ] [Thread-1 (]: 1 of 5 OK created sql table model main.stg_citibike ............................ [[32mOK[0m in 0.42s]
[0m00:10:14.789510 [debug] [Thread-1 (]: Finished running node model.bike_project.stg_citibike
[0m00:10:14.789687 [debug] [Thread-1 (]: Began running node model.bike_project.stg_forecast
[0m00:10:14.789898 [info ] [Thread-1 (]: 2 of 5 START sql table model main.stg_forecast ................................. [RUN]
[0m00:10:14.790084 [debug] [Thread-1 (]: Re-using an available connection from the pool (formerly model.bike_project.stg_citibike, now model.bike_project.stg_forecast)
[0m00:10:14.790230 [debug] [Thread-1 (]: Began compiling node model.bike_project.stg_forecast
[0m00:10:14.791259 [debug] [Thread-1 (]: Writing injected SQL for node "model.bike_project.stg_forecast"
[0m00:10:14.791516 [debug] [Thread-1 (]: Began executing node model.bike_project.stg_forecast
[0m00:10:14.792716 [debug] [Thread-1 (]: Writing runtime sql for node "model.bike_project.stg_forecast"
[0m00:10:14.792974 [debug] [Thread-1 (]: Using duckdb connection "model.bike_project.stg_forecast"
[0m00:10:14.793113 [debug] [Thread-1 (]: On model.bike_project.stg_forecast: BEGIN
[0m00:10:14.793244 [debug] [Thread-1 (]: Opening a new connection, currently in state closed
[0m00:10:14.793491 [debug] [Thread-1 (]: SQL status: OK in 0.000 seconds
[0m00:10:14.793624 [debug] [Thread-1 (]: Using duckdb connection "model.bike_project.stg_forecast"
[0m00:10:14.793768 [debug] [Thread-1 (]: On model.bike_project.stg_forecast: /* {"app": "dbt", "dbt_version": "1.10.4", "profile_name": "bike_project", "target_name": "dev", "node_id": "model.bike_project.stg_forecast"} */

  
    
    

    create  table
      "bike"."main"."stg_forecast__dbt_tmp"
  
    as (
      SELECT
    CAST(time AS TIMESTAMP) AS forecast_timestamp,
    CAST(time AS DATE) AS forecast_date,
    temperature_2m_previous_day1 AS forecast_temp_previous_day1
FROM '../data/raw_forecast_previous_day1.parquet'
    );
  
  
[0m00:10:14.797191 [debug] [Thread-1 (]: SQL status: OK in 0.003 seconds
[0m00:10:14.797786 [debug] [Thread-1 (]: Using duckdb connection "model.bike_project.stg_forecast"
[0m00:10:14.797964 [debug] [Thread-1 (]: On model.bike_project.stg_forecast: /* {"app": "dbt", "dbt_version": "1.10.4", "profile_name": "bike_project", "target_name": "dev", "node_id": "model.bike_project.stg_forecast"} */

    SELECT index_name
    FROM duckdb_indexes()
    WHERE schema_name = 'main'
      AND table_name = 'stg_forecast'
  
[0m00:10:14.798408 [debug] [Thread-1 (]: SQL status: OK in 0.000 seconds
[0m00:10:14.798888 [debug] [Thread-1 (]: Using duckdb connection "model.bike_project.stg_forecast"
[0m00:10:14.799034 [debug] [Thread-1 (]: On model.bike_project.stg_forecast: /* {"app": "dbt", "dbt_version": "1.10.4", "profile_name": "bike_project", "target_name": "dev", "node_id": "model.bike_project.stg_forecast"} */

    SELECT COUNT(*) as remaining_indexes
    FROM duckdb_indexes()
    WHERE schema_name = 'main'
      AND table_name = 'stg_forecast'
  
[0m00:10:14.799371 [debug] [Thread-1 (]: SQL status: OK in 0.000 seconds
[0m00:10:14.800628 [debug] [Thread-1 (]: Using duckdb connection "model.bike_project.stg_forecast"
[0m00:10:14.800774 [debug] [Thread-1 (]: On model.bike_project.stg_forecast: /* {"app": "dbt", "dbt_version": "1.10.4", "profile_name": "bike_project", "target_name": "dev", "node_id": "model.bike_project.stg_forecast"} */
alter table "bike"."main"."stg_forecast" rename to "stg_forecast__dbt_backup"
[0m00:10:14.801016 [debug] [Thread-1 (]: SQL status: OK in 0.000 seconds
[0m00:10:14.802070 [debug] [Thread-1 (]: Using duckdb connection "model.bike_project.stg_forecast"
[0m00:10:14.802203 [debug] [Thread-1 (]: On model.bike_project.stg_forecast: /* {"app": "dbt", "dbt_version": "1.10.4", "profile_name": "bike_project", "target_name": "dev", "node_id": "model.bike_project.stg_forecast"} */
alter table "bike"."main"."stg_forecast__dbt_tmp" rename to "stg_forecast"
[0m00:10:14.802414 [debug] [Thread-1 (]: SQL status: OK in 0.000 seconds
[0m00:10:14.803090 [debug] [Thread-1 (]: On model.bike_project.stg_forecast: COMMIT
[0m00:10:14.803220 [debug] [Thread-1 (]: Using duckdb connection "model.bike_project.stg_forecast"
[0m00:10:14.803342 [debug] [Thread-1 (]: On model.bike_project.stg_forecast: COMMIT
[0m00:10:14.804010 [debug] [Thread-1 (]: SQL status: OK in 0.001 seconds
[0m00:10:14.804839 [debug] [Thread-1 (]: Using duckdb connection "model.bike_project.stg_forecast"
[0m00:10:14.804979 [debug] [Thread-1 (]: On model.bike_project.stg_forecast: /* {"app": "dbt", "dbt_version": "1.10.4", "profile_name": "bike_project", "target_name": "dev", "node_id": "model.bike_project.stg_forecast"} */

      drop table if exists "bike"."main"."stg_forecast__dbt_backup" cascade
    
[0m00:10:14.805272 [debug] [Thread-1 (]: SQL status: OK in 0.000 seconds
[0m00:10:14.806367 [debug] [Thread-1 (]: On model.bike_project.stg_forecast: Close
[0m00:10:14.806584 [debug] [Thread-1 (]: Sending event: {'category': 'dbt', 'action': 'run_model', 'label': 'e3650008-e9e7-4b55-8a1e-725506d6e170', 'context': [<snowplow_tracker.self_describing_json.SelfDescribingJson object at 0x106f36960>]}
[0m00:10:14.806821 [info ] [Thread-1 (]: 2 of 5 OK created sql table model main.stg_forecast ............................ [[32mOK[0m in 0.02s]
[0m00:10:14.807045 [debug] [Thread-1 (]: Finished running node model.bike_project.stg_forecast
[0m00:10:14.807204 [debug] [Thread-1 (]: Began running node model.bike_project.stg_noaa
[0m00:10:14.807399 [info ] [Thread-1 (]: 3 of 5 START sql table model main.stg_noaa ..................................... [RUN]
[0m00:10:14.807569 [debug] [Thread-1 (]: Re-using an available connection from the pool (formerly model.bike_project.stg_forecast, now model.bike_project.stg_noaa)
[0m00:10:14.807709 [debug] [Thread-1 (]: Began compiling node model.bike_project.stg_noaa
[0m00:10:14.808715 [debug] [Thread-1 (]: Writing injected SQL for node "model.bike_project.stg_noaa"
[0m00:10:14.809186 [debug] [Thread-1 (]: Began executing node model.bike_project.stg_noaa
[0m00:10:14.834969 [debug] [Thread-1 (]: Writing runtime sql for node "model.bike_project.stg_noaa"
[0m00:10:14.835448 [debug] [Thread-1 (]: Using duckdb connection "model.bike_project.stg_noaa"
[0m00:10:14.835592 [debug] [Thread-1 (]: On model.bike_project.stg_noaa: BEGIN
[0m00:10:14.835717 [debug] [Thread-1 (]: Opening a new connection, currently in state closed
[0m00:10:14.836043 [debug] [Thread-1 (]: SQL status: OK in 0.000 seconds
[0m00:10:14.836169 [debug] [Thread-1 (]: Using duckdb connection "model.bike_project.stg_noaa"
[0m00:10:14.836295 [debug] [Thread-1 (]: On model.bike_project.stg_noaa: /* {"app": "dbt", "dbt_version": "1.10.4", "profile_name": "bike_project", "target_name": "dev", "node_id": "model.bike_project.stg_noaa"} */

  
    
    

    create  table
      "bike"."main"."stg_noaa__dbt_tmp"
  
    as (
      SELECT
    CAST(DATE AS DATE) AS weather_date,
    TMAX AS official_high_temp
FROM '../data/raw_noaa_daily_high.parquet'
    );
  
  
[0m00:10:14.837312 [debug] [Thread-1 (]: SQL status: OK in 0.001 seconds
[0m00:10:14.837800 [debug] [Thread-1 (]: Using duckdb connection "model.bike_project.stg_noaa"
[0m00:10:14.837957 [debug] [Thread-1 (]: On model.bike_project.stg_noaa: /* {"app": "dbt", "dbt_version": "1.10.4", "profile_name": "bike_project", "target_name": "dev", "node_id": "model.bike_project.stg_noaa"} */

    SELECT index_name
    FROM duckdb_indexes()
    WHERE schema_name = 'main'
      AND table_name = 'stg_noaa'
  
[0m00:10:14.838303 [debug] [Thread-1 (]: SQL status: OK in 0.000 seconds
[0m00:10:14.838745 [debug] [Thread-1 (]: Using duckdb connection "model.bike_project.stg_noaa"
[0m00:10:14.838884 [debug] [Thread-1 (]: On model.bike_project.stg_noaa: /* {"app": "dbt", "dbt_version": "1.10.4", "profile_name": "bike_project", "target_name": "dev", "node_id": "model.bike_project.stg_noaa"} */

    SELECT COUNT(*) as remaining_indexes
    FROM duckdb_indexes()
    WHERE schema_name = 'main'
      AND table_name = 'stg_noaa'
  
[0m00:10:14.839209 [debug] [Thread-1 (]: SQL status: OK in 0.000 seconds
[0m00:10:14.840367 [debug] [Thread-1 (]: Using duckdb connection "model.bike_project.stg_noaa"
[0m00:10:14.840503 [debug] [Thread-1 (]: On model.bike_project.stg_noaa: /* {"app": "dbt", "dbt_version": "1.10.4", "profile_name": "bike_project", "target_name": "dev", "node_id": "model.bike_project.stg_noaa"} */
alter table "bike"."main"."stg_noaa" rename to "stg_noaa__dbt_backup"
[0m00:10:14.840755 [debug] [Thread-1 (]: SQL status: OK in 0.000 seconds
[0m00:10:14.841761 [debug] [Thread-1 (]: Using duckdb connection "model.bike_project.stg_noaa"
[0m00:10:14.841894 [debug] [Thread-1 (]: On model.bike_project.stg_noaa: /* {"app": "dbt", "dbt_version": "1.10.4", "profile_name": "bike_project", "target_name": "dev", "node_id": "model.bike_project.stg_noaa"} */
alter table "bike"."main"."stg_noaa__dbt_tmp" rename to "stg_noaa"
[0m00:10:14.842108 [debug] [Thread-1 (]: SQL status: OK in 0.000 seconds
[0m00:10:14.842765 [debug] [Thread-1 (]: On model.bike_project.stg_noaa: COMMIT
[0m00:10:14.842905 [debug] [Thread-1 (]: Using duckdb connection "model.bike_project.stg_noaa"
[0m00:10:14.843031 [debug] [Thread-1 (]: On model.bike_project.stg_noaa: COMMIT
[0m00:10:14.843395 [debug] [Thread-1 (]: SQL status: OK in 0.000 seconds
[0m00:10:14.844250 [debug] [Thread-1 (]: Using duckdb connection "model.bike_project.stg_noaa"
[0m00:10:14.844386 [debug] [Thread-1 (]: On model.bike_project.stg_noaa: /* {"app": "dbt", "dbt_version": "1.10.4", "profile_name": "bike_project", "target_name": "dev", "node_id": "model.bike_project.stg_noaa"} */

      drop table if exists "bike"."main"."stg_noaa__dbt_backup" cascade
    
[0m00:10:14.844659 [debug] [Thread-1 (]: SQL status: OK in 0.000 seconds
[0m00:10:14.845110 [debug] [Thread-1 (]: On model.bike_project.stg_noaa: Close
[0m00:10:14.845331 [debug] [Thread-1 (]: Sending event: {'category': 'dbt', 'action': 'run_model', 'label': 'e3650008-e9e7-4b55-8a1e-725506d6e170', 'context': [<snowplow_tracker.self_describing_json.SelfDescribingJson object at 0x106f3d340>]}
[0m00:10:14.845593 [info ] [Thread-1 (]: 3 of 5 OK created sql table model main.stg_noaa ................................ [[32mOK[0m in 0.04s]
[0m00:10:14.845825 [debug] [Thread-1 (]: Finished running node model.bike_project.stg_noaa
[0m00:10:14.845985 [debug] [Thread-1 (]: Began running node model.bike_project.stg_weather
[0m00:10:14.846177 [info ] [Thread-1 (]: 4 of 5 START sql table model main.stg_weather .................................. [RUN]
[0m00:10:14.846345 [debug] [Thread-1 (]: Re-using an available connection from the pool (formerly model.bike_project.stg_noaa, now model.bike_project.stg_weather)
[0m00:10:14.846489 [debug] [Thread-1 (]: Began compiling node model.bike_project.stg_weather
[0m00:10:14.847574 [debug] [Thread-1 (]: Writing injected SQL for node "model.bike_project.stg_weather"
[0m00:10:14.847851 [debug] [Thread-1 (]: Began executing node model.bike_project.stg_weather
[0m00:10:14.849072 [debug] [Thread-1 (]: Writing runtime sql for node "model.bike_project.stg_weather"
[0m00:10:14.849312 [debug] [Thread-1 (]: Using duckdb connection "model.bike_project.stg_weather"
[0m00:10:14.849445 [debug] [Thread-1 (]: On model.bike_project.stg_weather: BEGIN
[0m00:10:14.849572 [debug] [Thread-1 (]: Opening a new connection, currently in state closed
[0m00:10:14.849796 [debug] [Thread-1 (]: SQL status: OK in 0.000 seconds
[0m00:10:14.849928 [debug] [Thread-1 (]: Using duckdb connection "model.bike_project.stg_weather"
[0m00:10:14.850073 [debug] [Thread-1 (]: On model.bike_project.stg_weather: /* {"app": "dbt", "dbt_version": "1.10.4", "profile_name": "bike_project", "target_name": "dev", "node_id": "model.bike_project.stg_weather"} */

  
    
    

    create  table
      "bike"."main"."stg_weather__dbt_tmp"
  
    as (
      SELECT
    CAST(time AS TIMESTAMP) AS weather_timestamp,
    CAST(time AS DATE) AS weather_date,
    EXTRACT(HOUR FROM CAST(time AS TIMESTAMP)) AS hour_of_day,
    temperature_2m AS temp_f,
    relative_humidity_2m AS humidity,
    cloud_cover,
    precipitation
FROM '../data/raw_central_park_weather.parquet'
    );
  
  
[0m00:10:14.854112 [debug] [Thread-1 (]: SQL status: OK in 0.004 seconds
[0m00:10:14.854758 [debug] [Thread-1 (]: Using duckdb connection "model.bike_project.stg_weather"
[0m00:10:14.854976 [debug] [Thread-1 (]: On model.bike_project.stg_weather: /* {"app": "dbt", "dbt_version": "1.10.4", "profile_name": "bike_project", "target_name": "dev", "node_id": "model.bike_project.stg_weather"} */

    SELECT index_name
    FROM duckdb_indexes()
    WHERE schema_name = 'main'
      AND table_name = 'stg_weather'
  
[0m00:10:14.855369 [debug] [Thread-1 (]: SQL status: OK in 0.000 seconds
[0m00:10:14.855845 [debug] [Thread-1 (]: Using duckdb connection "model.bike_project.stg_weather"
[0m00:10:14.855982 [debug] [Thread-1 (]: On model.bike_project.stg_weather: /* {"app": "dbt", "dbt_version": "1.10.4", "profile_name": "bike_project", "target_name": "dev", "node_id": "model.bike_project.stg_weather"} */

    SELECT COUNT(*) as remaining_indexes
    FROM duckdb_indexes()
    WHERE schema_name = 'main'
      AND table_name = 'stg_weather'
  
[0m00:10:14.856398 [debug] [Thread-1 (]: SQL status: OK in 0.000 seconds
[0m00:10:14.857982 [debug] [Thread-1 (]: Using duckdb connection "model.bike_project.stg_weather"
[0m00:10:14.858138 [debug] [Thread-1 (]: On model.bike_project.stg_weather: /* {"app": "dbt", "dbt_version": "1.10.4", "profile_name": "bike_project", "target_name": "dev", "node_id": "model.bike_project.stg_weather"} */
alter table "bike"."main"."stg_weather" rename to "stg_weather__dbt_backup"
[0m00:10:14.858450 [debug] [Thread-1 (]: SQL status: OK in 0.000 seconds
[0m00:10:14.859536 [debug] [Thread-1 (]: Using duckdb connection "model.bike_project.stg_weather"
[0m00:10:14.859704 [debug] [Thread-1 (]: On model.bike_project.stg_weather: /* {"app": "dbt", "dbt_version": "1.10.4", "profile_name": "bike_project", "target_name": "dev", "node_id": "model.bike_project.stg_weather"} */
alter table "bike"."main"."stg_weather__dbt_tmp" rename to "stg_weather"
[0m00:10:14.859952 [debug] [Thread-1 (]: SQL status: OK in 0.000 seconds
[0m00:10:14.860766 [debug] [Thread-1 (]: On model.bike_project.stg_weather: COMMIT
[0m00:10:14.861008 [debug] [Thread-1 (]: Using duckdb connection "model.bike_project.stg_weather"
[0m00:10:14.861150 [debug] [Thread-1 (]: On model.bike_project.stg_weather: COMMIT
[0m00:10:14.862339 [debug] [Thread-1 (]: SQL status: OK in 0.001 seconds
[0m00:10:14.863493 [debug] [Thread-1 (]: Using duckdb connection "model.bike_project.stg_weather"
[0m00:10:14.863644 [debug] [Thread-1 (]: On model.bike_project.stg_weather: /* {"app": "dbt", "dbt_version": "1.10.4", "profile_name": "bike_project", "target_name": "dev", "node_id": "model.bike_project.stg_weather"} */

      drop table if exists "bike"."main"."stg_weather__dbt_backup" cascade
    
[0m00:10:14.864024 [debug] [Thread-1 (]: SQL status: OK in 0.000 seconds
[0m00:10:14.864571 [debug] [Thread-1 (]: On model.bike_project.stg_weather: Close
[0m00:10:14.864810 [debug] [Thread-1 (]: Sending event: {'category': 'dbt', 'action': 'run_model', 'label': 'e3650008-e9e7-4b55-8a1e-725506d6e170', 'context': [<snowplow_tracker.self_describing_json.SelfDescribingJson object at 0x1056ee780>]}
[0m00:10:14.865086 [info ] [Thread-1 (]: 4 of 5 OK created sql table model main.stg_weather ............................. [[32mOK[0m in 0.02s]
[0m00:10:14.865325 [debug] [Thread-1 (]: Finished running node model.bike_project.stg_weather
[0m00:10:14.865652 [debug] [Thread-1 (]: Began running node model.bike_project.fct_citibike_weather_impact
[0m00:10:14.865877 [info ] [Thread-1 (]: 5 of 5 START sql table model main.fct_citibike_weather_impact .................. [RUN]
[0m00:10:14.866073 [debug] [Thread-1 (]: Re-using an available connection from the pool (formerly model.bike_project.stg_weather, now model.bike_project.fct_citibike_weather_impact)
[0m00:10:14.866225 [debug] [Thread-1 (]: Began compiling node model.bike_project.fct_citibike_weather_impact
[0m00:10:14.867531 [debug] [Thread-1 (]: Writing injected SQL for node "model.bike_project.fct_citibike_weather_impact"
[0m00:10:14.867849 [debug] [Thread-1 (]: Began executing node model.bike_project.fct_citibike_weather_impact
[0m00:10:14.869959 [debug] [Thread-1 (]: Writing runtime sql for node "model.bike_project.fct_citibike_weather_impact"
[0m00:10:14.870239 [debug] [Thread-1 (]: Using duckdb connection "model.bike_project.fct_citibike_weather_impact"
[0m00:10:14.870392 [debug] [Thread-1 (]: On model.bike_project.fct_citibike_weather_impact: BEGIN
[0m00:10:14.870538 [debug] [Thread-1 (]: Opening a new connection, currently in state closed
[0m00:10:14.870820 [debug] [Thread-1 (]: SQL status: OK in 0.000 seconds
[0m00:10:14.870969 [debug] [Thread-1 (]: Using duckdb connection "model.bike_project.fct_citibike_weather_impact"
[0m00:10:14.871140 [debug] [Thread-1 (]: On model.bike_project.fct_citibike_weather_impact: /* {"app": "dbt", "dbt_version": "1.10.4", "profile_name": "bike_project", "target_name": "dev", "node_id": "model.bike_project.fct_citibike_weather_impact"} */

  
    
    

    create  table
      "bike"."main"."fct_citibike_weather_impact__dbt_tmp"
  
    as (
      WITH raw_citibike AS (
    SELECT * FROM "bike"."main"."stg_citibike"
),
hourly_citibike AS (
    SELECT
        trip_hour,
        COUNT(*) AS total_rides,
        COUNT(CASE WHEN member_casual = 'member' THEN 1 END) AS member_rides,
        COUNT(CASE WHEN member_casual = 'casual' THEN 1 END) AS casual_rides,
        COUNT(CASE WHEN rideable_type = 'electric_bike' THEN 1 END) AS electric_rides,
        COUNT(CASE WHEN rideable_type = 'classic_bike' THEN 1 END) AS classic_rides,
        ROUND(AVG(duration_minutes), 2) AS avg_duration_minutes
    FROM raw_citibike
    GROUP BY trip_hour
),

weather AS (
    SELECT * FROM "bike"."main"."stg_weather"
)

SELECT
    w.weather_timestamp AS hour_timestamp,
    w.weather_date,
    w.hour_of_day,
    w.temp_f,
    w.humidity,
    w.cloud_cover,
    w.precipitation,
    (w.precipitation > 0.05) AS is_raining,
    (w.temp_f < 32.0) AS is_freezing,
    COALESCE(c.total_rides, 0) AS total_rides,
    COALESCE(c.member_rides, 0) AS member_rides,
    COALESCE(c.casual_rides, 0) AS casual_rides,
    COALESCE(c.electric_rides, 0) AS electric_rides,
    COALESCE(c.classic_rides, 0) AS classic_rides,
    c.avg_duration_minutes
FROM weather w
LEFT JOIN hourly_citibike c
    ON w.weather_timestamp = c.trip_hour
    );
  
  
[0m00:10:14.889703 [debug] [Thread-1 (]: SQL status: OK in 0.018 seconds
[0m00:10:14.890436 [debug] [Thread-1 (]: Using duckdb connection "model.bike_project.fct_citibike_weather_impact"
[0m00:10:14.890613 [debug] [Thread-1 (]: On model.bike_project.fct_citibike_weather_impact: /* {"app": "dbt", "dbt_version": "1.10.4", "profile_name": "bike_project", "target_name": "dev", "node_id": "model.bike_project.fct_citibike_weather_impact"} */

    SELECT index_name
    FROM duckdb_indexes()
    WHERE schema_name = 'main'
      AND table_name = 'fct_citibike_weather_impact'
  
[0m00:10:14.891123 [debug] [Thread-1 (]: SQL status: OK in 0.000 seconds
[0m00:10:14.891721 [debug] [Thread-1 (]: Using duckdb connection "model.bike_project.fct_citibike_weather_impact"
[0m00:10:14.891885 [debug] [Thread-1 (]: On model.bike_project.fct_citibike_weather_impact: /* {"app": "dbt", "dbt_version": "1.10.4", "profile_name": "bike_project", "target_name": "dev", "node_id": "model.bike_project.fct_citibike_weather_impact"} */

    SELECT COUNT(*) as remaining_indexes
    FROM duckdb_indexes()
    WHERE schema_name = 'main'
      AND table_name = 'fct_citibike_weather_impact'
  
[0m00:10:14.892302 [debug] [Thread-1 (]: SQL status: OK in 0.000 seconds
[0m00:10:14.893767 [debug] [Thread-1 (]: Using duckdb connection "model.bike_project.fct_citibike_weather_impact"
[0m00:10:14.893911 [debug] [Thread-1 (]: On model.bike_project.fct_citibike_weather_impact: /* {"app": "dbt", "dbt_version": "1.10.4", "profile_name": "bike_project", "target_name": "dev", "node_id": "model.bike_project.fct_citibike_weather_impact"} */
alter table "bike"."main"."fct_citibike_weather_impact" rename to "fct_citibike_weather_impact__dbt_backup"
[0m00:10:14.894181 [debug] [Thread-1 (]: SQL status: OK in 0.000 seconds
[0m00:10:14.895261 [debug] [Thread-1 (]: Using duckdb connection "model.bike_project.fct_citibike_weather_impact"
[0m00:10:14.895414 [debug] [Thread-1 (]: On model.bike_project.fct_citibike_weather_impact: /* {"app": "dbt", "dbt_version": "1.10.4", "profile_name": "bike_project", "target_name": "dev", "node_id": "model.bike_project.fct_citibike_weather_impact"} */
alter table "bike"."main"."fct_citibike_weather_impact__dbt_tmp" rename to "fct_citibike_weather_impact"
[0m00:10:14.895663 [debug] [Thread-1 (]: SQL status: OK in 0.000 seconds
[0m00:10:14.896318 [debug] [Thread-1 (]: On model.bike_project.fct_citibike_weather_impact: COMMIT
[0m00:10:14.896452 [debug] [Thread-1 (]: Using duckdb connection "model.bike_project.fct_citibike_weather_impact"
[0m00:10:14.896582 [debug] [Thread-1 (]: On model.bike_project.fct_citibike_weather_impact: COMMIT
[0m00:10:14.902272 [debug] [Thread-1 (]: SQL status: OK in 0.006 seconds
[0m00:10:14.903250 [debug] [Thread-1 (]: Using duckdb connection "model.bike_project.fct_citibike_weather_impact"
[0m00:10:14.903393 [debug] [Thread-1 (]: On model.bike_project.fct_citibike_weather_impact: /* {"app": "dbt", "dbt_version": "1.10.4", "profile_name": "bike_project", "target_name": "dev", "node_id": "model.bike_project.fct_citibike_weather_impact"} */

      drop table if exists "bike"."main"."fct_citibike_weather_impact__dbt_backup" cascade
    
[0m00:10:14.903819 [debug] [Thread-1 (]: SQL status: OK in 0.000 seconds
[0m00:10:14.904367 [debug] [Thread-1 (]: On model.bike_project.fct_citibike_weather_impact: Close
[0m00:10:14.904607 [debug] [Thread-1 (]: Sending event: {'category': 'dbt', 'action': 'run_model', 'label': 'e3650008-e9e7-4b55-8a1e-725506d6e170', 'context': [<snowplow_tracker.self_describing_json.SelfDescribingJson object at 0x1069b33b0>]}
[0m00:10:14.904863 [info ] [Thread-1 (]: 5 of 5 OK created sql table model main.fct_citibike_weather_impact ............. [[32mOK[0m in 0.04s]
[0m00:10:14.905101 [debug] [Thread-1 (]: Finished running node model.bike_project.fct_citibike_weather_impact
[0m00:10:14.905709 [debug] [MainThread]: Using duckdb connection "master"
[0m00:10:14.905890 [debug] [MainThread]: On master: BEGIN
[0m00:10:14.906015 [debug] [MainThread]: Opening a new connection, currently in state closed
[0m00:10:14.906256 [debug] [MainThread]: SQL status: OK in 0.000 seconds
[0m00:10:14.906390 [debug] [MainThread]: On master: COMMIT
[0m00:10:14.906514 [debug] [MainThread]: Using duckdb connection "master"
[0m00:10:14.906624 [debug] [MainThread]: On master: COMMIT
[0m00:10:14.906789 [debug] [MainThread]: SQL status: OK in 0.000 seconds
[0m00:10:14.906913 [debug] [MainThread]: On master: Close
[0m00:10:14.907069 [debug] [MainThread]: Connection 'master' was properly closed.
[0m00:10:14.907180 [debug] [MainThread]: Connection 'model.bike_project.fct_citibike_weather_impact' was properly closed.
[0m00:10:14.907323 [info ] [MainThread]: 
[0m00:10:14.907465 [info ] [MainThread]: Finished running 5 table models in 0 hours 0 minutes and 0.60 seconds (0.60s).
[0m00:10:14.907916 [debug] [MainThread]: Command end result
[0m00:10:14.917064 [debug] [MainThread]: Wrote artifact WritableManifest to /Users/allisonfung/weather/bike_project/target/manifest.json
[0m00:10:14.918093 [debug] [MainThread]: Wrote artifact SemanticManifest to /Users/allisonfung/weather/bike_project/target/semantic_manifest.json
[0m00:10:14.920917 [debug] [MainThread]: Wrote artifact RunExecutionResult to /Users/allisonfung/weather/bike_project/target/run_results.json
[0m00:10:14.921093 [info ] [MainThread]: 
[0m00:10:14.921291 [info ] [MainThread]: [32mCompleted successfully[0m
[0m00:10:14.921455 [info ] [MainThread]: 
[0m00:10:14.921600 [info ] [MainThread]: Done. PASS=5 WARN=0 ERROR=0 SKIP=0 NO-OP=0 TOTAL=5
[0m00:10:14.923485 [debug] [MainThread]: Resource report: {"command_name": "run", "command_success": true, "command_wall_clock_time": 1.0271122, "process_in_blocks": "0", "process_kernel_time": 0.240952, "process_mem_max_rss": "357171200", "process_out_blocks": "0", "process_user_time": 1.907036}
[0m00:10:14.923670 [debug] [MainThread]: Command `dbt run` succeeded at 00:10:14.923637 after 1.03 seconds
[0m00:10:14.923837 [debug] [MainThread]: Sending event: {'category': 'dbt', 'action': 'invocation', 'label': 'end', 'context': [<snowplow_tracker.self_describing_json.SelfDescribingJson object at 0x1066bb590>, <snowplow_tracker.self_describing_json.SelfDescribingJson object at 0x1063759a0>, <snowplow_tracker.self_describing_json.SelfDescribingJson object at 0x105d6dc10>]}
[0m00:10:14.923990 [debug] [MainThread]: Flushing usage events
[0m00:10:15.115602 [debug] [MainThread]: An error was encountered while trying to flush usage events
[0m00:14:19.578568 [debug] [MainThread]: Sending event: {'category': 'dbt', 'action': 'invocation', 'label': 'start', 'context': [<snowplow_tracker.self_describing_json.SelfDescribingJson object at 0x1169dbbf0>, <snowplow_tracker.self_describing_json.SelfDescribingJson object at 0x1174bccb0>, <snowplow_tracker.self_describing_json.SelfDescribingJson object at 0x1174bc8c0>]}


============================== 00:14:19.581303 | 401042af-1fcf-4e78-b3f0-c2275e87d5df ==============================
[0m00:14:19.581303 [info ] [MainThread]: Running with dbt=1.10.4
[0m00:14:19.581616 [debug] [MainThread]: running dbt with arguments {'printer_width': '80', 'indirect_selection': 'eager', 'log_cache_events': 'False', 'write_json': 'True', 'partial_parse': 'True', 'cache_selected_only': 'False', 'warn_error': 'None', 'fail_fast': 'False', 'debug': 'False', 'log_path': '/Users/allisonfung/weather/bike_project/logs', 'version_check': 'True', 'profiles_dir': '/Users/allisonfung/weather/bike_project', 'use_colors': 'True', 'use_experimental_parser': 'False', 'no_print': 'None', 'quiet': 'False', 'empty': 'False', 'warn_error_options': 'WarnErrorOptionsV2(error=[], warn=[], silence=[])', 'introspect': 'True', 'invocation_command': 'dbt run', 'static_parser': 'True', 'target_path': 'None', 'log_format': 'default', 'send_anonymous_usage_stats': 'True'}
[0m00:14:19.755236 [debug] [MainThread]: Sending event: {'category': 'dbt', 'action': 'project_id', 'label': '401042af-1fcf-4e78-b3f0-c2275e87d5df', 'context': [<snowplow_tracker.self_describing_json.SelfDescribingJson object at 0x117b4d730>]}
[0m00:14:19.777953 [debug] [MainThread]: Sending event: {'category': 'dbt', 'action': 'adapter_info', 'label': '401042af-1fcf-4e78-b3f0-c2275e87d5df', 'context': [<snowplow_tracker.self_describing_json.SelfDescribingJson object at 0x116c28ec0>]}
[0m00:14:19.779333 [info ] [MainThread]: Registered adapter: duckdb=1.10.0
[0m00:14:19.827552 [debug] [MainThread]: checksum: 073cb5a296270136b24f9c040fdebd0642ef9c263903ef463bfe7e190c538da2, vars: {}, profile: , target: , version: 1.10.4
[0m00:14:19.878906 [debug] [MainThread]: Partial parsing enabled: 0 files deleted, 0 files added, 0 files changed.
[0m00:14:19.879122 [debug] [MainThread]: Partial parsing enabled, no changes found, skipping parsing
[0m00:14:19.893393 [debug] [MainThread]: Sending event: {'category': 'dbt', 'action': 'load_project', 'label': '401042af-1fcf-4e78-b3f0-c2275e87d5df', 'context': [<snowplow_tracker.self_describing_json.SelfDescribingJson object at 0x116f6bc20>]}
[0m00:14:19.920292 [debug] [MainThread]: Wrote artifact WritableManifest to /Users/allisonfung/weather/bike_project/target/manifest.json
[0m00:14:19.921528 [debug] [MainThread]: Wrote artifact SemanticManifest to /Users/allisonfung/weather/bike_project/target/semantic_manifest.json
[0m00:14:19.933240 [debug] [MainThread]: Sending event: {'category': 'dbt', 'action': 'resource_counts', 'label': '401042af-1fcf-4e78-b3f0-c2275e87d5df', 'context': [<snowplow_tracker.self_describing_json.SelfDescribingJson object at 0x117da3ef0>]}
[0m00:14:19.933462 [info ] [MainThread]: Found 5 models, 4 sources, 443 macros
[0m00:14:19.933624 [debug] [MainThread]: Sending event: {'category': 'dbt', 'action': 'runnable_timing', 'label': '401042af-1fcf-4e78-b3f0-c2275e87d5df', 'context': [<snowplow_tracker.self_describing_json.SelfDescribingJson object at 0x117e28290>]}
[0m00:14:19.934435 [info ] [MainThread]: 
[0m00:14:19.934607 [info ] [MainThread]: Concurrency: 1 threads (target='dev')
[0m00:14:19.934733 [info ] [MainThread]: 
[0m00:14:19.934943 [debug] [MainThread]: Acquiring new duckdb connection 'master'
[0m00:14:19.936880 [debug] [ThreadPool]: Acquiring new duckdb connection 'list_bike'
[0m00:14:19.967072 [debug] [ThreadPool]: Using duckdb connection "list_bike"
[0m00:14:19.967290 [debug] [ThreadPool]: On list_bike: /* {"app": "dbt", "dbt_version": "1.10.4", "profile_name": "bike_project", "target_name": "dev", "connection_name": "list_bike"} */

    
    select schema_name
    from system.information_schema.schemata
    
    where lower(catalog_name) = '"bike"'
    
  
  
[0m00:14:19.967422 [debug] [ThreadPool]: Opening a new connection, currently in state init
[0m00:14:19.981475 [debug] [ThreadPool]: SQL status: OK in 0.014 seconds
[0m00:14:19.982073 [debug] [ThreadPool]: On list_bike: Close
[0m00:14:19.982352 [debug] [ThreadPool]: Re-using an available connection from the pool (formerly list_bike, now create_bike_main)
[0m00:14:19.982720 [debug] [ThreadPool]: Creating schema "database: "bike"
schema: "main"
"
[0m00:14:19.986062 [debug] [ThreadPool]: Using duckdb connection "create_bike_main"
[0m00:14:19.986210 [debug] [ThreadPool]: On create_bike_main: /* {"app": "dbt", "dbt_version": "1.10.4", "profile_name": "bike_project", "target_name": "dev", "connection_name": "create_bike_main"} */

    
        select type from duckdb_databases()
        where lower(database_name)='bike'
        and type='sqlite'
    
  
[0m00:14:19.986328 [debug] [ThreadPool]: Opening a new connection, currently in state closed
[0m00:14:19.986952 [debug] [ThreadPool]: SQL status: OK in 0.001 seconds
[0m00:14:19.987480 [debug] [ThreadPool]: Using duckdb connection "create_bike_main"
[0m00:14:19.987606 [debug] [ThreadPool]: On create_bike_main: BEGIN
[0m00:14:19.987792 [debug] [ThreadPool]: SQL status: OK in 0.000 seconds
[0m00:14:19.987906 [debug] [ThreadPool]: Using duckdb connection "create_bike_main"
[0m00:14:19.988020 [debug] [ThreadPool]: On create_bike_main: /* {"app": "dbt", "dbt_version": "1.10.4", "profile_name": "bike_project", "target_name": "dev", "connection_name": "create_bike_main"} */

    
    
        create schema if not exists "bike"."main"
    
[0m00:14:19.988433 [debug] [ThreadPool]: SQL status: OK in 0.000 seconds
[0m00:14:19.988822 [debug] [ThreadPool]: On create_bike_main: COMMIT
[0m00:14:19.988958 [debug] [ThreadPool]: Using duckdb connection "create_bike_main"
[0m00:14:19.989071 [debug] [ThreadPool]: On create_bike_main: COMMIT
[0m00:14:19.989271 [debug] [ThreadPool]: SQL status: OK in 0.000 seconds
[0m00:14:19.989395 [debug] [ThreadPool]: On create_bike_main: Close
[0m00:14:19.989894 [debug] [ThreadPool]: Re-using an available connection from the pool (formerly create_bike_main, now list_bike_main)
[0m00:14:19.991948 [debug] [ThreadPool]: Using duckdb connection "list_bike_main"
[0m00:14:19.992071 [debug] [ThreadPool]: On list_bike_main: BEGIN
[0m00:14:19.992180 [debug] [ThreadPool]: Opening a new connection, currently in state closed
[0m00:14:19.992374 [debug] [ThreadPool]: SQL status: OK in 0.000 seconds
[0m00:14:19.992487 [debug] [ThreadPool]: Using duckdb connection "list_bike_main"
[0m00:14:19.992609 [debug] [ThreadPool]: On list_bike_main: /* {"app": "dbt", "dbt_version": "1.10.4", "profile_name": "bike_project", "target_name": "dev", "connection_name": "list_bike_main"} */
select
      'bike' as database,
      table_name as name,
      table_schema as schema,
      CASE table_type
        WHEN 'BASE TABLE' THEN 'table'
        WHEN 'VIEW' THEN 'view'
        WHEN 'LOCAL TEMPORARY' THEN 'table'
        END as type
    from system.information_schema.tables
    where lower(table_schema) = 'main'
    and lower(table_catalog) = 'bike'
  
[0m00:14:19.994991 [debug] [ThreadPool]: SQL status: OK in 0.002 seconds
[0m00:14:19.995528 [debug] [ThreadPool]: On list_bike_main: ROLLBACK
[0m00:14:19.996356 [debug] [ThreadPool]: Failed to rollback 'list_bike_main'
[0m00:14:19.996493 [debug] [ThreadPool]: On list_bike_main: Close
[0m00:14:19.997002 [debug] [MainThread]: Sending event: {'category': 'dbt', 'action': 'runnable_timing', 'label': '401042af-1fcf-4e78-b3f0-c2275e87d5df', 'context': [<snowplow_tracker.self_describing_json.SelfDescribingJson object at 0x117439f10>]}
[0m00:14:19.997257 [debug] [MainThread]: Using duckdb connection "master"
[0m00:14:19.997388 [debug] [MainThread]: On master: BEGIN
[0m00:14:19.997496 [debug] [MainThread]: Opening a new connection, currently in state init
[0m00:14:19.997719 [debug] [MainThread]: SQL status: OK in 0.000 seconds
[0m00:14:19.997845 [debug] [MainThread]: On master: COMMIT
[0m00:14:19.997962 [debug] [MainThread]: Using duckdb connection "master"
[0m00:14:19.998069 [debug] [MainThread]: On master: COMMIT
[0m00:14:19.998230 [debug] [MainThread]: SQL status: OK in 0.000 seconds
[0m00:14:19.998351 [debug] [MainThread]: On master: Close
[0m00:14:19.999601 [debug] [Thread-1 (]: Began running node model.bike_project.stg_citibike
[0m00:14:19.999822 [info ] [Thread-1 (]: 1 of 5 START sql table model main.stg_citibike ................................. [RUN]
[0m00:14:20.000011 [debug] [Thread-1 (]: Re-using an available connection from the pool (formerly list_bike_main, now model.bike_project.stg_citibike)
[0m00:14:20.000160 [debug] [Thread-1 (]: Began compiling node model.bike_project.stg_citibike
[0m00:14:20.003153 [debug] [Thread-1 (]: Writing injected SQL for node "model.bike_project.stg_citibike"
[0m00:14:20.003702 [debug] [Thread-1 (]: Began executing node model.bike_project.stg_citibike
[0m00:14:20.016444 [debug] [Thread-1 (]: Writing runtime sql for node "model.bike_project.stg_citibike"
[0m00:14:20.016955 [debug] [Thread-1 (]: Using duckdb connection "model.bike_project.stg_citibike"
[0m00:14:20.017111 [debug] [Thread-1 (]: On model.bike_project.stg_citibike: BEGIN
[0m00:14:20.017246 [debug] [Thread-1 (]: Opening a new connection, currently in state closed
[0m00:14:20.017569 [debug] [Thread-1 (]: SQL status: OK in 0.000 seconds
[0m00:14:20.017710 [debug] [Thread-1 (]: Using duckdb connection "model.bike_project.stg_citibike"
[0m00:14:20.017856 [debug] [Thread-1 (]: On model.bike_project.stg_citibike: /* {"app": "dbt", "dbt_version": "1.10.4", "profile_name": "bike_project", "target_name": "dev", "node_id": "model.bike_project.stg_citibike"} */

  
    
    

    create  table
      "bike"."main"."stg_citibike__dbt_tmp"
  
    as (
      SELECT
    CAST(started_at AS TIMESTAMP) AS started_at,
    CAST(ended_at AS TIMESTAMP) AS ended_at,
    date_trunc('hour', CAST(started_at AS TIMESTAMP)) AS trip_hour,
    
    rideable_type,
    member_casual,
    
    epoch(CAST(ended_at AS TIMESTAMP) - CAST(started_at AS TIMESTAMP)) / 60.0 AS duration_minutes

FROM '../data/raw_citibike_*.parquet'
WHERE started_at IS NOT NULL 
  AND ended_at IS NOT NULL
  AND (epoch(CAST(ended_at AS TIMESTAMP) - CAST(started_at AS TIMESTAMP)) / 60.0) > 1 
  AND (epoch(CAST(ended_at AS TIMESTAMP) - CAST(started_at AS TIMESTAMP)) / 60.0) < 1440
    );
  
  
[0m00:14:20.351977 [debug] [Thread-1 (]: SQL status: OK in 0.334 seconds
[0m00:14:20.354669 [debug] [Thread-1 (]: Using duckdb connection "model.bike_project.stg_citibike"
[0m00:14:20.354857 [debug] [Thread-1 (]: On model.bike_project.stg_citibike: /* {"app": "dbt", "dbt_version": "1.10.4", "profile_name": "bike_project", "target_name": "dev", "node_id": "model.bike_project.stg_citibike"} */

    SELECT index_name
    FROM duckdb_indexes()
    WHERE schema_name = 'main'
      AND table_name = 'stg_citibike'
  
[0m00:14:20.355330 [debug] [Thread-1 (]: SQL status: OK in 0.000 seconds
[0m00:14:20.355822 [debug] [Thread-1 (]: Using duckdb connection "model.bike_project.stg_citibike"
[0m00:14:20.355970 [debug] [Thread-1 (]: On model.bike_project.stg_citibike: /* {"app": "dbt", "dbt_version": "1.10.4", "profile_name": "bike_project", "target_name": "dev", "node_id": "model.bike_project.stg_citibike"} */

    SELECT COUNT(*) as remaining_indexes
    FROM duckdb_indexes()
    WHERE schema_name = 'main'
      AND table_name = 'stg_citibike'
  
[0m00:14:20.357181 [debug] [Thread-1 (]: SQL status: OK in 0.001 seconds
[0m00:14:20.359999 [debug] [Thread-1 (]: Using duckdb connection "model.bike_project.stg_citibike"
[0m00:14:20.360155 [debug] [Thread-1 (]: On model.bike_project.stg_citibike: /* {"app": "dbt", "dbt_version": "1.10.4", "profile_name": "bike_project", "target_name": "dev", "node_id": "model.bike_project.stg_citibike"} */
alter table "bike"."main"."stg_citibike" rename to "stg_citibike__dbt_backup"
[0m00:14:20.360966 [debug] [Thread-1 (]: SQL status: OK in 0.001 seconds
[0m00:14:20.362175 [debug] [Thread-1 (]: Using duckdb connection "model.bike_project.stg_citibike"
[0m00:14:20.362337 [debug] [Thread-1 (]: On model.bike_project.stg_citibike: /* {"app": "dbt", "dbt_version": "1.10.4", "profile_name": "bike_project", "target_name": "dev", "node_id": "model.bike_project.stg_citibike"} */
alter table "bike"."main"."stg_citibike__dbt_tmp" rename to "stg_citibike"
[0m00:14:20.362587 [debug] [Thread-1 (]: SQL status: OK in 0.000 seconds
[0m00:14:20.368388 [debug] [Thread-1 (]: On model.bike_project.stg_citibike: COMMIT
[0m00:14:20.368552 [debug] [Thread-1 (]: Using duckdb connection "model.bike_project.stg_citibike"
[0m00:14:20.368687 [debug] [Thread-1 (]: On model.bike_project.stg_citibike: COMMIT
[0m00:14:20.386804 [debug] [Thread-1 (]: SQL status: OK in 0.018 seconds
[0m00:14:20.389098 [debug] [Thread-1 (]: Using duckdb connection "model.bike_project.stg_citibike"
[0m00:14:20.389258 [debug] [Thread-1 (]: On model.bike_project.stg_citibike: /* {"app": "dbt", "dbt_version": "1.10.4", "profile_name": "bike_project", "target_name": "dev", "node_id": "model.bike_project.stg_citibike"} */

      drop table if exists "bike"."main"."stg_citibike__dbt_backup" cascade
    
[0m00:14:20.391474 [debug] [Thread-1 (]: SQL status: OK in 0.002 seconds
[0m00:14:20.392382 [debug] [Thread-1 (]: On model.bike_project.stg_citibike: Close
[0m00:14:20.393253 [debug] [Thread-1 (]: Sending event: {'category': 'dbt', 'action': 'run_model', 'label': '401042af-1fcf-4e78-b3f0-c2275e87d5df', 'context': [<snowplow_tracker.self_describing_json.SelfDescribingJson object at 0x111d30830>]}
[0m00:14:20.393516 [info ] [Thread-1 (]: 1 of 5 OK created sql table model main.stg_citibike ............................ [[32mOK[0m in 0.39s]
[0m00:14:20.393760 [debug] [Thread-1 (]: Finished running node model.bike_project.stg_citibike
[0m00:14:20.393937 [debug] [Thread-1 (]: Began running node model.bike_project.stg_forecast
[0m00:14:20.394161 [info ] [Thread-1 (]: 2 of 5 START sql table model main.stg_forecast ................................. [RUN]
[0m00:14:20.394344 [debug] [Thread-1 (]: Re-using an available connection from the pool (formerly model.bike_project.stg_citibike, now model.bike_project.stg_forecast)
[0m00:14:20.394508 [debug] [Thread-1 (]: Began compiling node model.bike_project.stg_forecast
[0m00:14:20.395583 [debug] [Thread-1 (]: Writing injected SQL for node "model.bike_project.stg_forecast"
[0m00:14:20.395877 [debug] [Thread-1 (]: Began executing node model.bike_project.stg_forecast
[0m00:14:20.397153 [debug] [Thread-1 (]: Writing runtime sql for node "model.bike_project.stg_forecast"
[0m00:14:20.397400 [debug] [Thread-1 (]: Using duckdb connection "model.bike_project.stg_forecast"
[0m00:14:20.397537 [debug] [Thread-1 (]: On model.bike_project.stg_forecast: BEGIN
[0m00:14:20.397672 [debug] [Thread-1 (]: Opening a new connection, currently in state closed
[0m00:14:20.397915 [debug] [Thread-1 (]: SQL status: OK in 0.000 seconds
[0m00:14:20.398050 [debug] [Thread-1 (]: Using duckdb connection "model.bike_project.stg_forecast"
[0m00:14:20.398195 [debug] [Thread-1 (]: On model.bike_project.stg_forecast: /* {"app": "dbt", "dbt_version": "1.10.4", "profile_name": "bike_project", "target_name": "dev", "node_id": "model.bike_project.stg_forecast"} */

  
    
    

    create  table
      "bike"."main"."stg_forecast__dbt_tmp"
  
    as (
      SELECT
    CAST(time AS TIMESTAMP) AS forecast_timestamp,
    CAST(time AS DATE) AS forecast_date,
    temperature_2m_previous_day1 AS forecast_temp_previous_day1
FROM '../data/raw_forecast_previous_day1.parquet'
    );
  
  
[0m00:14:20.400724 [debug] [Thread-1 (]: SQL status: OK in 0.002 seconds
[0m00:14:20.401212 [debug] [Thread-1 (]: Using duckdb connection "model.bike_project.stg_forecast"
[0m00:14:20.401371 [debug] [Thread-1 (]: On model.bike_project.stg_forecast: /* {"app": "dbt", "dbt_version": "1.10.4", "profile_name": "bike_project", "target_name": "dev", "node_id": "model.bike_project.stg_forecast"} */

    SELECT index_name
    FROM duckdb_indexes()
    WHERE schema_name = 'main'
      AND table_name = 'stg_forecast'
  
[0m00:14:20.401707 [debug] [Thread-1 (]: SQL status: OK in 0.000 seconds
[0m00:14:20.402180 [debug] [Thread-1 (]: Using duckdb connection "model.bike_project.stg_forecast"
[0m00:14:20.402314 [debug] [Thread-1 (]: On model.bike_project.stg_forecast: /* {"app": "dbt", "dbt_version": "1.10.4", "profile_name": "bike_project", "target_name": "dev", "node_id": "model.bike_project.stg_forecast"} */

    SELECT COUNT(*) as remaining_indexes
    FROM duckdb_indexes()
    WHERE schema_name = 'main'
      AND table_name = 'stg_forecast'
  
[0m00:14:20.402640 [debug] [Thread-1 (]: SQL status: OK in 0.000 seconds
[0m00:14:20.404537 [debug] [Thread-1 (]: Using duckdb connection "model.bike_project.stg_forecast"
[0m00:14:20.404685 [debug] [Thread-1 (]: On model.bike_project.stg_forecast: /* {"app": "dbt", "dbt_version": "1.10.4", "profile_name": "bike_project", "target_name": "dev", "node_id": "model.bike_project.stg_forecast"} */
alter table "bike"."main"."stg_forecast" rename to "stg_forecast__dbt_backup"
[0m00:14:20.404958 [debug] [Thread-1 (]: SQL status: OK in 0.000 seconds
[0m00:14:20.406121 [debug] [Thread-1 (]: Using duckdb connection "model.bike_project.stg_forecast"
[0m00:14:20.406267 [debug] [Thread-1 (]: On model.bike_project.stg_forecast: /* {"app": "dbt", "dbt_version": "1.10.4", "profile_name": "bike_project", "target_name": "dev", "node_id": "model.bike_project.stg_forecast"} */
alter table "bike"."main"."stg_forecast__dbt_tmp" rename to "stg_forecast"
[0m00:14:20.406501 [debug] [Thread-1 (]: SQL status: OK in 0.000 seconds
[0m00:14:20.407393 [debug] [Thread-1 (]: On model.bike_project.stg_forecast: COMMIT
[0m00:14:20.407592 [debug] [Thread-1 (]: Using duckdb connection "model.bike_project.stg_forecast"
[0m00:14:20.407727 [debug] [Thread-1 (]: On model.bike_project.stg_forecast: COMMIT
[0m00:14:20.408494 [debug] [Thread-1 (]: SQL status: OK in 0.001 seconds
[0m00:14:20.409638 [debug] [Thread-1 (]: Using duckdb connection "model.bike_project.stg_forecast"
[0m00:14:20.409797 [debug] [Thread-1 (]: On model.bike_project.stg_forecast: /* {"app": "dbt", "dbt_version": "1.10.4", "profile_name": "bike_project", "target_name": "dev", "node_id": "model.bike_project.stg_forecast"} */

      drop table if exists "bike"."main"."stg_forecast__dbt_backup" cascade
    
[0m00:14:20.410197 [debug] [Thread-1 (]: SQL status: OK in 0.000 seconds
[0m00:14:20.410789 [debug] [Thread-1 (]: On model.bike_project.stg_forecast: Close
[0m00:14:20.411082 [debug] [Thread-1 (]: Sending event: {'category': 'dbt', 'action': 'run_model', 'label': '401042af-1fcf-4e78-b3f0-c2275e87d5df', 'context': [<snowplow_tracker.self_describing_json.SelfDescribingJson object at 0x1203a0200>]}
[0m00:14:20.411372 [info ] [Thread-1 (]: 2 of 5 OK created sql table model main.stg_forecast ............................ [[32mOK[0m in 0.02s]
[0m00:14:20.411617 [debug] [Thread-1 (]: Finished running node model.bike_project.stg_forecast
[0m00:14:20.411790 [debug] [Thread-1 (]: Began running node model.bike_project.stg_noaa
[0m00:14:20.412006 [info ] [Thread-1 (]: 3 of 5 START sql table model main.stg_noaa ..................................... [RUN]
[0m00:14:20.412204 [debug] [Thread-1 (]: Re-using an available connection from the pool (formerly model.bike_project.stg_forecast, now model.bike_project.stg_noaa)
[0m00:14:20.412346 [debug] [Thread-1 (]: Began compiling node model.bike_project.stg_noaa
[0m00:14:20.413600 [debug] [Thread-1 (]: Writing injected SQL for node "model.bike_project.stg_noaa"
[0m00:14:20.414178 [debug] [Thread-1 (]: Began executing node model.bike_project.stg_noaa
[0m00:14:20.415561 [debug] [Thread-1 (]: Writing runtime sql for node "model.bike_project.stg_noaa"
[0m00:14:20.415850 [debug] [Thread-1 (]: Using duckdb connection "model.bike_project.stg_noaa"
[0m00:14:20.415998 [debug] [Thread-1 (]: On model.bike_project.stg_noaa: BEGIN
[0m00:14:20.416128 [debug] [Thread-1 (]: Opening a new connection, currently in state closed
[0m00:14:20.416422 [debug] [Thread-1 (]: SQL status: OK in 0.000 seconds
[0m00:14:20.416557 [debug] [Thread-1 (]: Using duckdb connection "model.bike_project.stg_noaa"
[0m00:14:20.416698 [debug] [Thread-1 (]: On model.bike_project.stg_noaa: /* {"app": "dbt", "dbt_version": "1.10.4", "profile_name": "bike_project", "target_name": "dev", "node_id": "model.bike_project.stg_noaa"} */

  
    
    

    create  table
      "bike"."main"."stg_noaa__dbt_tmp"
  
    as (
      SELECT
    CAST(DATE AS DATE) AS weather_date,
    TMAX AS official_high_temp
FROM '../data/raw_noaa_daily_high.parquet'
    );
  
  
[0m00:14:20.417673 [debug] [Thread-1 (]: SQL status: OK in 0.001 seconds
[0m00:14:20.418148 [debug] [Thread-1 (]: Using duckdb connection "model.bike_project.stg_noaa"
[0m00:14:20.418297 [debug] [Thread-1 (]: On model.bike_project.stg_noaa: /* {"app": "dbt", "dbt_version": "1.10.4", "profile_name": "bike_project", "target_name": "dev", "node_id": "model.bike_project.stg_noaa"} */

    SELECT index_name
    FROM duckdb_indexes()
    WHERE schema_name = 'main'
      AND table_name = 'stg_noaa'
  
[0m00:14:20.418624 [debug] [Thread-1 (]: SQL status: OK in 0.000 seconds
[0m00:14:20.419086 [debug] [Thread-1 (]: Using duckdb connection "model.bike_project.stg_noaa"
[0m00:14:20.419222 [debug] [Thread-1 (]: On model.bike_project.stg_noaa: /* {"app": "dbt", "dbt_version": "1.10.4", "profile_name": "bike_project", "target_name": "dev", "node_id": "model.bike_project.stg_noaa"} */

    SELECT COUNT(*) as remaining_indexes
    FROM duckdb_indexes()
    WHERE schema_name = 'main'
      AND table_name = 'stg_noaa'
  
[0m00:14:20.419559 [debug] [Thread-1 (]: SQL status: OK in 0.000 seconds
[0m00:14:20.420764 [debug] [Thread-1 (]: Using duckdb connection "model.bike_project.stg_noaa"
[0m00:14:20.420907 [debug] [Thread-1 (]: On model.bike_project.stg_noaa: /* {"app": "dbt", "dbt_version": "1.10.4", "profile_name": "bike_project", "target_name": "dev", "node_id": "model.bike_project.stg_noaa"} */
alter table "bike"."main"."stg_noaa" rename to "stg_noaa__dbt_backup"
[0m00:14:20.421135 [debug] [Thread-1 (]: SQL status: OK in 0.000 seconds
[0m00:14:20.422196 [debug] [Thread-1 (]: Using duckdb connection "model.bike_project.stg_noaa"
[0m00:14:20.422351 [debug] [Thread-1 (]: On model.bike_project.stg_noaa: /* {"app": "dbt", "dbt_version": "1.10.4", "profile_name": "bike_project", "target_name": "dev", "node_id": "model.bike_project.stg_noaa"} */
alter table "bike"."main"."stg_noaa__dbt_tmp" rename to "stg_noaa"
[0m00:14:20.422576 [debug] [Thread-1 (]: SQL status: OK in 0.000 seconds
[0m00:14:20.423295 [debug] [Thread-1 (]: On model.bike_project.stg_noaa: COMMIT
[0m00:14:20.423531 [debug] [Thread-1 (]: Using duckdb connection "model.bike_project.stg_noaa"
[0m00:14:20.423663 [debug] [Thread-1 (]: On model.bike_project.stg_noaa: COMMIT
[0m00:14:20.424189 [debug] [Thread-1 (]: SQL status: OK in 0.000 seconds
[0m00:14:20.425289 [debug] [Thread-1 (]: Using duckdb connection "model.bike_project.stg_noaa"
[0m00:14:20.425433 [debug] [Thread-1 (]: On model.bike_project.stg_noaa: /* {"app": "dbt", "dbt_version": "1.10.4", "profile_name": "bike_project", "target_name": "dev", "node_id": "model.bike_project.stg_noaa"} */

      drop table if exists "bike"."main"."stg_noaa__dbt_backup" cascade
    
[0m00:14:20.425778 [debug] [Thread-1 (]: SQL status: OK in 0.000 seconds
[0m00:14:20.426336 [debug] [Thread-1 (]: On model.bike_project.stg_noaa: Close
[0m00:14:20.426576 [debug] [Thread-1 (]: Sending event: {'category': 'dbt', 'action': 'run_model', 'label': '401042af-1fcf-4e78-b3f0-c2275e87d5df', 'context': [<snowplow_tracker.self_describing_json.SelfDescribingJson object at 0x120346090>]}
[0m00:14:20.426815 [info ] [Thread-1 (]: 3 of 5 OK created sql table model main.stg_noaa ................................ [[32mOK[0m in 0.01s]
[0m00:14:20.427064 [debug] [Thread-1 (]: Finished running node model.bike_project.stg_noaa
[0m00:14:20.427225 [debug] [Thread-1 (]: Began running node model.bike_project.stg_weather
[0m00:14:20.427419 [info ] [Thread-1 (]: 4 of 5 START sql table model main.stg_weather .................................. [RUN]
[0m00:14:20.427597 [debug] [Thread-1 (]: Re-using an available connection from the pool (formerly model.bike_project.stg_noaa, now model.bike_project.stg_weather)
[0m00:14:20.427739 [debug] [Thread-1 (]: Began compiling node model.bike_project.stg_weather
[0m00:14:20.428886 [debug] [Thread-1 (]: Writing injected SQL for node "model.bike_project.stg_weather"
[0m00:14:20.429187 [debug] [Thread-1 (]: Began executing node model.bike_project.stg_weather
[0m00:14:20.430468 [debug] [Thread-1 (]: Writing runtime sql for node "model.bike_project.stg_weather"
[0m00:14:20.430762 [debug] [Thread-1 (]: Using duckdb connection "model.bike_project.stg_weather"
[0m00:14:20.430907 [debug] [Thread-1 (]: On model.bike_project.stg_weather: BEGIN
[0m00:14:20.431044 [debug] [Thread-1 (]: Opening a new connection, currently in state closed
[0m00:14:20.431295 [debug] [Thread-1 (]: SQL status: OK in 0.000 seconds
[0m00:14:20.431426 [debug] [Thread-1 (]: Using duckdb connection "model.bike_project.stg_weather"
[0m00:14:20.431570 [debug] [Thread-1 (]: On model.bike_project.stg_weather: /* {"app": "dbt", "dbt_version": "1.10.4", "profile_name": "bike_project", "target_name": "dev", "node_id": "model.bike_project.stg_weather"} */

  
    
    

    create  table
      "bike"."main"."stg_weather__dbt_tmp"
  
    as (
      SELECT
    CAST(time AS TIMESTAMP) AS weather_timestamp,
    CAST(time AS DATE) AS weather_date,
    EXTRACT(HOUR FROM CAST(time AS TIMESTAMP)) AS hour_of_day,
    temperature_2m AS temp_f,
    relative_humidity_2m AS humidity,
    cloud_cover,
    precipitation
FROM '../data/raw_central_park_weather.parquet'
    );
  
  
[0m00:14:20.435210 [debug] [Thread-1 (]: SQL status: OK in 0.003 seconds
[0m00:14:20.435722 [debug] [Thread-1 (]: Using duckdb connection "model.bike_project.stg_weather"
[0m00:14:20.435863 [debug] [Thread-1 (]: On model.bike_project.stg_weather: /* {"app": "dbt", "dbt_version": "1.10.4", "profile_name": "bike_project", "target_name": "dev", "node_id": "model.bike_project.stg_weather"} */

    SELECT index_name
    FROM duckdb_indexes()
    WHERE schema_name = 'main'
      AND table_name = 'stg_weather'
  
[0m00:14:20.436205 [debug] [Thread-1 (]: SQL status: OK in 0.000 seconds
[0m00:14:20.436682 [debug] [Thread-1 (]: Using duckdb connection "model.bike_project.stg_weather"
[0m00:14:20.436816 [debug] [Thread-1 (]: On model.bike_project.stg_weather: /* {"app": "dbt", "dbt_version": "1.10.4", "profile_name": "bike_project", "target_name": "dev", "node_id": "model.bike_project.stg_weather"} */

    SELECT COUNT(*) as remaining_indexes
    FROM duckdb_indexes()
    WHERE schema_name = 'main'
      AND table_name = 'stg_weather'
  
[0m00:14:20.437148 [debug] [Thread-1 (]: SQL status: OK in 0.000 seconds
[0m00:14:20.438382 [debug] [Thread-1 (]: Using duckdb connection "model.bike_project.stg_weather"
[0m00:14:20.438529 [debug] [Thread-1 (]: On model.bike_project.stg_weather: /* {"app": "dbt", "dbt_version": "1.10.4", "profile_name": "bike_project", "target_name": "dev", "node_id": "model.bike_project.stg_weather"} */
alter table "bike"."main"."stg_weather" rename to "stg_weather__dbt_backup"
[0m00:14:20.438774 [debug] [Thread-1 (]: SQL status: OK in 0.000 seconds
[0m00:14:20.440630 [debug] [Thread-1 (]: Using duckdb connection "model.bike_project.stg_weather"
[0m00:14:20.440809 [debug] [Thread-1 (]: On model.bike_project.stg_weather: /* {"app": "dbt", "dbt_version": "1.10.4", "profile_name": "bike_project", "target_name": "dev", "node_id": "model.bike_project.stg_weather"} */
alter table "bike"."main"."stg_weather__dbt_tmp" rename to "stg_weather"
[0m00:14:20.441134 [debug] [Thread-1 (]: SQL status: OK in 0.000 seconds
[0m00:14:20.441966 [debug] [Thread-1 (]: On model.bike_project.stg_weather: COMMIT
[0m00:14:20.442113 [debug] [Thread-1 (]: Using duckdb connection "model.bike_project.stg_weather"
[0m00:14:20.442259 [debug] [Thread-1 (]: On model.bike_project.stg_weather: COMMIT
[0m00:14:20.443236 [debug] [Thread-1 (]: SQL status: OK in 0.001 seconds
[0m00:14:20.444321 [debug] [Thread-1 (]: Using duckdb connection "model.bike_project.stg_weather"
[0m00:14:20.444464 [debug] [Thread-1 (]: On model.bike_project.stg_weather: /* {"app": "dbt", "dbt_version": "1.10.4", "profile_name": "bike_project", "target_name": "dev", "node_id": "model.bike_project.stg_weather"} */

      drop table if exists "bike"."main"."stg_weather__dbt_backup" cascade
    
[0m00:14:20.444801 [debug] [Thread-1 (]: SQL status: OK in 0.000 seconds
[0m00:14:20.445286 [debug] [Thread-1 (]: On model.bike_project.stg_weather: Close
[0m00:14:20.445534 [debug] [Thread-1 (]: Sending event: {'category': 'dbt', 'action': 'run_model', 'label': '401042af-1fcf-4e78-b3f0-c2275e87d5df', 'context': [<snowplow_tracker.self_describing_json.SelfDescribingJson object at 0x1203c95b0>]}
[0m00:14:20.445791 [info ] [Thread-1 (]: 4 of 5 OK created sql table model main.stg_weather ............................. [[32mOK[0m in 0.02s]
[0m00:14:20.446021 [debug] [Thread-1 (]: Finished running node model.bike_project.stg_weather
[0m00:14:20.446369 [debug] [Thread-1 (]: Began running node model.bike_project.fct_citibike_weather_impact
[0m00:14:20.446614 [info ] [Thread-1 (]: 5 of 5 START sql table model main.fct_citibike_weather_impact .................. [RUN]
[0m00:14:20.446862 [debug] [Thread-1 (]: Re-using an available connection from the pool (formerly model.bike_project.stg_weather, now model.bike_project.fct_citibike_weather_impact)
[0m00:14:20.447028 [debug] [Thread-1 (]: Began compiling node model.bike_project.fct_citibike_weather_impact
[0m00:14:20.448449 [debug] [Thread-1 (]: Writing injected SQL for node "model.bike_project.fct_citibike_weather_impact"
[0m00:14:20.448765 [debug] [Thread-1 (]: Began executing node model.bike_project.fct_citibike_weather_impact
[0m00:14:20.450030 [debug] [Thread-1 (]: Writing runtime sql for node "model.bike_project.fct_citibike_weather_impact"
[0m00:14:20.450283 [debug] [Thread-1 (]: Using duckdb connection "model.bike_project.fct_citibike_weather_impact"
[0m00:14:20.450418 [debug] [Thread-1 (]: On model.bike_project.fct_citibike_weather_impact: BEGIN
[0m00:14:20.450553 [debug] [Thread-1 (]: Opening a new connection, currently in state closed
[0m00:14:20.450823 [debug] [Thread-1 (]: SQL status: OK in 0.000 seconds
[0m00:14:20.450956 [debug] [Thread-1 (]: Using duckdb connection "model.bike_project.fct_citibike_weather_impact"
[0m00:14:20.451131 [debug] [Thread-1 (]: On model.bike_project.fct_citibike_weather_impact: /* {"app": "dbt", "dbt_version": "1.10.4", "profile_name": "bike_project", "target_name": "dev", "node_id": "model.bike_project.fct_citibike_weather_impact"} */

  
    
    

    create  table
      "bike"."main"."fct_citibike_weather_impact__dbt_tmp"
  
    as (
      WITH raw_citibike AS (
    SELECT * FROM "bike"."main"."stg_citibike"
),
hourly_citibike AS (
    SELECT
        trip_hour,
        COUNT(*) AS total_rides,
        COUNT(CASE WHEN member_casual = 'member' THEN 1 END) AS member_rides,
        COUNT(CASE WHEN member_casual = 'casual' THEN 1 END) AS casual_rides,
        COUNT(CASE WHEN rideable_type = 'electric_bike' THEN 1 END) AS electric_rides,
        COUNT(CASE WHEN rideable_type = 'classic_bike' THEN 1 END) AS classic_rides,
        ROUND(AVG(duration_minutes), 2) AS avg_duration_minutes
    FROM raw_citibike
    GROUP BY trip_hour
),

weather AS (
    SELECT * FROM "bike"."main"."stg_weather"
)

SELECT
    w.weather_timestamp AS hour_timestamp,
    w.weather_date,
    w.hour_of_day,
    w.temp_f,
    w.humidity,
    w.cloud_cover,
    w.precipitation,
    (w.precipitation > 0.05) AS is_raining,
    (w.temp_f < 32.0) AS is_freezing,
    COALESCE(c.total_rides, 0) AS total_rides,
    COALESCE(c.member_rides, 0) AS member_rides,
    COALESCE(c.casual_rides, 0) AS casual_rides,
    COALESCE(c.electric_rides, 0) AS electric_rides,
    COALESCE(c.classic_rides, 0) AS classic_rides,
    c.avg_duration_minutes
FROM weather w
LEFT JOIN hourly_citibike c
    ON w.weather_timestamp = c.trip_hour
    );
  
  
[0m00:14:20.466856 [debug] [Thread-1 (]: SQL status: OK in 0.015 seconds
[0m00:14:20.467496 [debug] [Thread-1 (]: Using duckdb connection "model.bike_project.fct_citibike_weather_impact"
[0m00:14:20.467664 [debug] [Thread-1 (]: On model.bike_project.fct_citibike_weather_impact: /* {"app": "dbt", "dbt_version": "1.10.4", "profile_name": "bike_project", "target_name": "dev", "node_id": "model.bike_project.fct_citibike_weather_impact"} */

    SELECT index_name
    FROM duckdb_indexes()
    WHERE schema_name = 'main'
      AND table_name = 'fct_citibike_weather_impact'
  
[0m00:14:20.468078 [debug] [Thread-1 (]: SQL status: OK in 0.000 seconds
[0m00:14:20.468655 [debug] [Thread-1 (]: Using duckdb connection "model.bike_project.fct_citibike_weather_impact"
[0m00:14:20.468802 [debug] [Thread-1 (]: On model.bike_project.fct_citibike_weather_impact: /* {"app": "dbt", "dbt_version": "1.10.4", "profile_name": "bike_project", "target_name": "dev", "node_id": "model.bike_project.fct_citibike_weather_impact"} */

    SELECT COUNT(*) as remaining_indexes
    FROM duckdb_indexes()
    WHERE schema_name = 'main'
      AND table_name = 'fct_citibike_weather_impact'
  
[0m00:14:20.469152 [debug] [Thread-1 (]: SQL status: OK in 0.000 seconds
[0m00:14:20.470500 [debug] [Thread-1 (]: Using duckdb connection "model.bike_project.fct_citibike_weather_impact"
[0m00:14:20.470648 [debug] [Thread-1 (]: On model.bike_project.fct_citibike_weather_impact: /* {"app": "dbt", "dbt_version": "1.10.4", "profile_name": "bike_project", "target_name": "dev", "node_id": "model.bike_project.fct_citibike_weather_impact"} */
alter table "bike"."main"."fct_citibike_weather_impact" rename to "fct_citibike_weather_impact__dbt_backup"
[0m00:14:20.470908 [debug] [Thread-1 (]: SQL status: OK in 0.000 seconds
[0m00:14:20.472029 [debug] [Thread-1 (]: Using duckdb connection "model.bike_project.fct_citibike_weather_impact"
[0m00:14:20.472167 [debug] [Thread-1 (]: On model.bike_project.fct_citibike_weather_impact: /* {"app": "dbt", "dbt_version": "1.10.4", "profile_name": "bike_project", "target_name": "dev", "node_id": "model.bike_project.fct_citibike_weather_impact"} */
alter table "bike"."main"."fct_citibike_weather_impact__dbt_tmp" rename to "fct_citibike_weather_impact"
[0m00:14:20.472410 [debug] [Thread-1 (]: SQL status: OK in 0.000 seconds
[0m00:14:20.473143 [debug] [Thread-1 (]: On model.bike_project.fct_citibike_weather_impact: COMMIT
[0m00:14:20.473285 [debug] [Thread-1 (]: Using duckdb connection "model.bike_project.fct_citibike_weather_impact"
[0m00:14:20.473416 [debug] [Thread-1 (]: On model.bike_project.fct_citibike_weather_impact: COMMIT
[0m00:14:20.475127 [debug] [Thread-1 (]: SQL status: OK in 0.002 seconds
[0m00:14:20.476026 [debug] [Thread-1 (]: Using duckdb connection "model.bike_project.fct_citibike_weather_impact"
[0m00:14:20.476164 [debug] [Thread-1 (]: On model.bike_project.fct_citibike_weather_impact: /* {"app": "dbt", "dbt_version": "1.10.4", "profile_name": "bike_project", "target_name": "dev", "node_id": "model.bike_project.fct_citibike_weather_impact"} */

      drop table if exists "bike"."main"."fct_citibike_weather_impact__dbt_backup" cascade
    
[0m00:14:20.476542 [debug] [Thread-1 (]: SQL status: OK in 0.000 seconds
[0m00:14:20.477012 [debug] [Thread-1 (]: On model.bike_project.fct_citibike_weather_impact: Close
[0m00:14:20.477237 [debug] [Thread-1 (]: Sending event: {'category': 'dbt', 'action': 'run_model', 'label': '401042af-1fcf-4e78-b3f0-c2275e87d5df', 'context': [<snowplow_tracker.self_describing_json.SelfDescribingJson object at 0x117fa4530>]}
[0m00:14:20.477500 [info ] [Thread-1 (]: 5 of 5 OK created sql table model main.fct_citibike_weather_impact ............. [[32mOK[0m in 0.03s]
[0m00:14:20.477748 [debug] [Thread-1 (]: Finished running node model.bike_project.fct_citibike_weather_impact
[0m00:14:20.478226 [debug] [MainThread]: Using duckdb connection "master"
[0m00:14:20.478356 [debug] [MainThread]: On master: BEGIN
[0m00:14:20.478466 [debug] [MainThread]: Opening a new connection, currently in state closed
[0m00:14:20.478665 [debug] [MainThread]: SQL status: OK in 0.000 seconds
[0m00:14:20.478778 [debug] [MainThread]: On master: COMMIT
[0m00:14:20.478891 [debug] [MainThread]: Using duckdb connection "master"
[0m00:14:20.478994 [debug] [MainThread]: On master: COMMIT
[0m00:14:20.479152 [debug] [MainThread]: SQL status: OK in 0.000 seconds
[0m00:14:20.479266 [debug] [MainThread]: On master: Close
[0m00:14:20.479413 [debug] [MainThread]: Connection 'master' was properly closed.
[0m00:14:20.479521 [debug] [MainThread]: Connection 'model.bike_project.fct_citibike_weather_impact' was properly closed.
[0m00:14:20.479670 [info ] [MainThread]: 
[0m00:14:20.479826 [info ] [MainThread]: Finished running 5 table models in 0 hours 0 minutes and 0.54 seconds (0.54s).
[0m00:14:20.480271 [debug] [MainThread]: Command end result
[0m00:14:20.516081 [debug] [MainThread]: Wrote artifact WritableManifest to /Users/allisonfung/weather/bike_project/target/manifest.json
[0m00:14:20.516990 [debug] [MainThread]: Wrote artifact SemanticManifest to /Users/allisonfung/weather/bike_project/target/semantic_manifest.json
[0m00:14:20.519516 [debug] [MainThread]: Wrote artifact RunExecutionResult to /Users/allisonfung/weather/bike_project/target/run_results.json
[0m00:14:20.519654 [info ] [MainThread]: 
[0m00:14:20.519831 [info ] [MainThread]: [32mCompleted successfully[0m
[0m00:14:20.519983 [info ] [MainThread]: 
[0m00:14:20.520123 [info ] [MainThread]: Done. PASS=5 WARN=0 ERROR=0 SKIP=0 NO-OP=0 TOTAL=5
[0m00:14:20.522188 [debug] [MainThread]: Resource report: {"command_name": "run", "command_success": true, "command_wall_clock_time": 0.97560066, "process_in_blocks": "0", "process_kernel_time": 0.246973, "process_mem_max_rss": "333512704", "process_out_blocks": "0", "process_user_time": 1.861115}
[0m00:14:20.522434 [debug] [MainThread]: Command `dbt run` succeeded at 00:14:20.522388 after 0.98 seconds
[0m00:14:20.522610 [debug] [MainThread]: Sending event: {'category': 'dbt', 'action': 'invocation', 'label': 'end', 'context': [<snowplow_tracker.self_describing_json.SelfDescribingJson object at 0x1203702f0>, <snowplow_tracker.self_describing_json.SelfDescribingJson object at 0x120373170>, <snowplow_tracker.self_describing_json.SelfDescribingJson object at 0x120372930>]}
[0m00:14:20.522768 [debug] [MainThread]: Flushing usage events
[0m00:14:20.767430 [debug] [MainThread]: An error was encountered while trying to flush usage events
